edad,sexo,altura_cm,peso_kg,nivel_actividad,objetivo,calorias_diarias,proteina_g,carbohidratos_g,grasas_g
48,mujer,193.2,108.2,muy_intenso,subir,3988.1,299.1,398.8,132.9
27,hombre,190.7,72.3,muy_intenso,bajar,2891.3,216.8,289.1,96.4
21,hombre,191.9,81.9,ligero,subir,3037.8,227.8,303.8,101.3
57,hombre,167.1,45.3,moderado,bajar,1386.9,104.0,138.7,46.2
48,hombre,184.8,67.8,muy_intenso,bajar,2536.2,190.2,253.6,84.5
64,mujer,151.6,50.6,ligero,mantener,1337.2,100.3,133.7,44.6
60,hombre,151.2,65.8,sedentario,subir,1969.6,147.7,197.0,65.7
28,hombre,159.6,75.2,ligero,subir,2619.9,196.5,262.0,87.3
31,mujer,187.5,57.5,intenso,subir,2868.3,215.1,286.8,95.6
53,hombre,174.6,56.8,intenso,bajar,1913.7,143.5,191.4,63.8
48,mujer,191.0,92.0,intenso,subir,3354.5,251.6,335.4,111.8
51,mujer,178.8,69.1,sedentario,bajar,1200,90.0,120.0,40.0
61,mujer,187.2,98.9,muy_intenso,bajar,2716.7,203.8,271.7,90.6
47,mujer,160.8,69.3,ligero,mantener,1790.2,134.3,179.0,59.7
41,mujer,192.2,95.7,intenso,subir,3491.6,261.9,349.2,116.4
49,hombre,171.5,72.1,ligero,bajar,1635.2,122.6,163.5,54.5
54,hombre,152.9,101.5,sedentario,mantener,2046.8,153.5,204.7,68.2
52,mujer,172.7,69.5,ligero,bajar,1360.9,102.1,136.1,45.4
49,hombre,180.0,101.8,intenso,bajar,2782.7,208.7,278.3,92.8
23,hombre,164.9,70.6,moderado,mantener,2521.3,189.1,252.1,84.0
25,hombre,191.1,101.3,sedentario,bajar,2004.8,150.4,200.5,66.8
42,hombre,193.8,64.0,intenso,bajar,2339.8,175.5,234.0,78.0
20,hombre,150.4,70.4,intenso,subir,3072.0,230.4,307.2,102.4
33,hombre,171.8,72.6,sedentario,mantener,1967.7,147.6,196.8,65.6
21,hombre,160.4,47.2,ligero,bajar,1389.9,104.2,139.0,46.3
43,hombre,174.6,81.9,sedentario,bajar,1540.3,115.5,154.0,51.3
43,mujer,167.5,99.3,sedentario,mantener,1996.6,149.7,199.7,66.6
27,mujer,183.5,98.7,ligero,subir,2927.1,219.5,292.7,97.6
47,hombre,194.0,71.9,muy_intenso,subir,3632.8,272.5,363.3,121.1
45,mujer,190.6,63.4,muy_intenso,bajar,2234.6,167.6,223.5,74.5
65,mujer,152.3,71.7,ligero,bajar,1200,90.0,120.0,40.0
57,mujer,163.9,65.1,intenso,mantener,2120.7,159.1,212.1,70.7
19,mujer,150.9,72.7,muy_intenso,subir,3086.8,231.5,308.7,102.9
25,mujer,168.1,108.9,intenso,mantener,3197.5,239.8,319.8,106.6
50,hombre,157.0,81.7,ligero,bajar,1635.7,122.7,163.6,54.5
37,mujer,184.2,50.8,sedentario,mantener,1575.9,118.2,157.6,52.5
61,mujer,164.9,105.6,intenso,bajar,2295.6,172.2,229.6,76.5
51,mujer,164.9,79.7,moderado,subir,2588.0,194.1,258.8,86.3
22,hombre,167.9,83.9,sedentario,subir,2540.0,190.5,254.0,84.7
48,hombre,155.3,97.2,intenso,mantener,2945.7,220.9,294.6,98.2
63,hombre,151.3,93.0,ligero,bajar,1652.7,124.0,165.3,55.1
57,hombre,168.7,47.7,intenso,bajar,1658.6,124.4,165.9,55.3
59,hombre,182.9,51.5,muy_intenso,bajar,2099.4,157.5,209.9,70.0
31,hombre,186.4,79.8,ligero,bajar,1992.9,149.5,199.3,66.4
37,mujer,175.1,101.2,sedentario,subir,2512.4,188.4,251.2,83.7
23,hombre,162.1,61.0,intenso,mantener,2610.1,195.8,261.0,87.0
59,mujer,194.7,82.2,muy_intenso,subir,3407.5,255.6,340.7,113.6
21,hombre,171.7,80.6,ligero,mantener,2446.3,183.5,244.6,81.5
44,mujer,193.6,103.2,intenso,mantener,3210.2,240.8,321.0,107.0
45,hombre,189.0,54.8,intenso,bajar,2103.5,157.8,210.3,70.1
40,hombre,152.2,82.7,moderado,mantener,2454.0,184.1,245.4,81.8
55,hombre,164.0,72.9,moderado,bajar,1800.2,135.0,180.0,60.0
41,mujer,182.5,90.6,intenso,mantener,2899.1,217.4,289.9,96.6
18,hombre,180.9,47.2,sedentario,subir,2221.1,166.6,222.1,74.0
58,mujer,155.3,74.7,intenso,bajar,1684.9,126.4,168.5,56.2
57,hombre,153.9,61.1,sedentario,subir,1951.5,146.4,195.1,65.0
57,hombre,173.0,54.1,intenso,subir,2715.4,203.7,271.5,90.5
19,hombre,175.1,74.7,moderado,mantener,2714.6,203.6,271.5,90.5
38,hombre,170.5,86.8,sedentario,bajar,1598.3,119.9,159.8,53.3
20,mujer,186.5,71.5,sedentario,bajar,1443.5,108.3,144.4,48.1
18,hombre,186.2,85.9,ligero,bajar,2164.4,162.3,216.4,72.1
28,hombre,188.2,104.2,sedentario,bajar,1999.9,150.0,200.0,66.7
41,mujer,194.3,45.1,sedentario,mantener,1559.2,116.9,155.9,52.0
35,mujer,155.0,101.1,moderado,bajar,2047.8,153.6,204.8,68.3
56,mujer,173.6,81.0,intenso,bajar,2008.2,150.6,200.8,66.9
29,mujer,192.8,55.1,sedentario,bajar,1240.0,93.0,124.0,41.3
61,hombre,165.5,92.2,muy_intenso,subir,3547.1,266.0,354.7,118.2
28,hombre,150.5,66.2,muy_intenso,mantener,2788.5,209.1,278.8,92.9
25,mujer,174.2,98.8,sedentario,bajar,1648.9,123.7,164.9,55.0
44,mujer,173.6,59.3,muy_intenso,subir,2864.3,214.8,286.4,95.5
33,mujer,182.1,99.9,muy_intenso,bajar,2941.1,220.6,294.1,98.0
58,hombre,185.3,54.6,ligero,subir,2351.3,176.3,235.1,78.4
60,mujer,161.2,45.1,ligero,subir,1771.6,132.9,177.2,59.1
35,mujer,189.1,98.4,moderado,bajar,2336.3,175.2,233.6,77.9
64,mujer,192.3,85.5,ligero,mantener,2166.8,162.5,216.7,72.2
52,mujer,159.2,59.9,ligero,subir,2012.9,151.0,201.3,67.1
23,mujer,153.1,98.6,ligero,subir,2692.0,201.9,269.2,89.7
50,hombre,185.6,91.1,ligero,mantener,2510.8,188.3,251.1,83.7
28,mujer,162.3,48.1,intenso,bajar,1560.3,117.0,156.0,52.0
55,hombre,183.3,102.2,moderado,mantener,2941.3,220.6,294.1,98.0
56,mujer,153.7,76.7,moderado,mantener,1994.3,149.6,199.4,66.5
59,hombre,179.3,51.9,sedentario,subir,2019.5,151.5,202.0,67.3
33,mujer,165.5,57.0,moderado,bajar,1481.5,111.1,148.1,49.4
45,hombre,192.1,71.7,sedentario,bajar,1537.1,115.3,153.7,51.2
42,mujer,169.2,60.1,muy_intenso,mantener,2446.2,183.5,244.6,81.5
39,mujer,160.0,79.4,intenso,bajar,1980.6,148.5,198.1,66.0
28,hombre,153.6,86.8,moderado,bajar,2124.2,159.3,212.4,70.8
48,mujer,184.2,81.4,ligero,mantener,2150.8,161.3,215.1,71.7
18,mujer,181.5,78.0,muy_intenso,mantener,3160.4,237.0,316.0,105.3
65,mujer,153.1,108.8,ligero,mantener,2143.5,160.8,214.3,71.4
57,mujer,190.6,68.5,intenso,subir,2867.2,215.0,286.7,95.6
56,mujer,192.3,80.4,moderado,mantener,2425.6,181.9,242.6,80.9
22,mujer,168.7,94.5,moderado,subir,3079.0,230.9,307.9,102.6
41,mujer,166.5,93.3,muy_intenso,bajar,2554.5,191.6,255.4,85.1
22,mujer,156.7,47.1,ligero,subir,2021.6,151.6,202.2,67.4
62,mujer,185.2,99.5,sedentario,subir,2417.8,181.3,241.8,80.6
48,mujer,160.3,101.2,moderado,mantener,2500.0,187.5,250.0,83.3
46,hombre,163.3,97.1,intenso,bajar,2547.4,191.1,254.7,84.9
62,hombre,166.9,59.1,muy_intenso,mantener,2525.3,189.4,252.5,84.2
60,mujer,169.7,106.3,moderado,mantener,2577.1,193.3,257.7,85.9
23,mujer,194.4,69.0,sedentario,mantener,1954.8,146.6,195.5,65.2
25,hombre,175.9,104.9,intenso,subir,3898.9,292.4,389.9,130.0
51,hombre,165.3,84.4,sedentario,bajar,1452.5,108.9,145.3,48.4
22,hombre,166.9,108.5,intenso,subir,3889.9,291.7,389.0,129.7
41,mujer,170.9,78.9,ligero,bajar,1550.3,116.3,155.0,51.7
22,mujer,191.4,72.8,intenso,mantener,2851.9,213.9,285.2,95.1
49,hombre,177.4,89.6,intenso,subir,3444.2,258.3,344.4,114.8
34,hombre,172.2,63.7,intenso,mantener,2670.7,200.3,267.1,89.0
42,hombre,174.3,92.3,moderado,mantener,2801.4,210.1,280.1,93.4
20,hombre,163.3,49.5,sedentario,subir,2104.8,157.9,210.5,70.2
30,mujer,188.8,93.1,ligero,bajar,1975.0,148.1,197.5,65.8
19,hombre,152.2,54.5,muy_intenso,mantener,2671.9,200.4,267.2,89.1
44,hombre,187.7,80.1,intenso,bajar,2534.5,190.1,253.4,84.5
35,hombre,188.4,106.9,muy_intenso,bajar,3445.3,258.4,344.5,114.8
43,mujer,151.0,100.8,moderado,bajar,1942.4,145.7,194.2,64.7
62,mujer,192.4,70.0,moderado,bajar,1718.8,128.9,171.9,57.3
51,mujer,160.1,90.6,muy_intenso,mantener,2832.2,212.4,283.2,94.4
55,hombre,172.4,72.8,intenso,subir,3048.7,228.7,304.9,101.6
35,hombre,184.0,85.6,moderado,mantener,2845.8,213.4,284.6,94.9
41,mujer,151.9,97.2,intenso,mantener,2683.0,201.2,268.3,89.4
25,hombre,194.2,104.3,intenso,mantener,3685.9,276.4,368.6,122.9
54,hombre,153.6,62.0,sedentario,mantener,1578.0,118.3,157.8,52.6
21,mujer,155.4,85.7,intenso,mantener,2694.9,202.1,269.5,89.8
30,mujer,184.1,91.4,muy_intenso,bajar,2831.9,212.4,283.2,94.4
36,hombre,176.0,65.3,intenso,subir,3122.1,234.2,312.2,104.1
39,hombre,159.6,86.0,intenso,mantener,2876.4,215.7,287.6,95.9
53,hombre,182.2,45.7,moderado,bajar,1570.4,117.8,157.0,52.3
32,hombre,175.6,93.4,intenso,mantener,3237.0,242.8,323.7,107.9
29,mujer,158.7,59.2,moderado,bajar,1480.7,111.1,148.1,49.4
40,hombre,172.7,108.9,ligero,mantener,2713.4,203.5,271.3,90.4
54,mujer,154.3,99.3,intenso,bajar,2133.0,160.0,213.3,71.1
27,mujer,176.6,101.0,intenso,subir,3535.6,265.2,353.6,117.9
42,mujer,152.6,80.0,ligero,subir,2301.3,172.6,230.1,76.7
22,mujer,163.4,108.2,muy_intenso,mantener,3481.3,261.1,348.1,116.0
50,mujer,172.8,67.7,sedentario,mantener,1615.2,121.1,161.5,53.8
30,hombre,186.9,74.1,ligero,mantener,2425.7,181.9,242.6,80.9
30,mujer,156.4,63.7,intenso,bajar,1748.5,131.1,174.9,58.3
48,mujer,151.3,58.5,ligero,mantener,1553.2,116.5,155.3,51.8
43,hombre,182.5,51.5,moderado,mantener,2240.7,168.1,224.1,74.7
42,hombre,183.1,63.6,moderado,subir,2841.8,213.1,284.2,94.7
25,hombre,170.9,84.5,intenso,bajar,2593.1,194.5,259.3,86.4
40,hombre,165.7,91.9,ligero,subir,2819.5,211.5,281.9,94.0
62,hombre,180.0,77.5,sedentario,mantener,1914.0,143.5,191.4,63.8
30,mujer,177.6,48.5,ligero,bajar,1265.5,94.9,126.6,42.2
39,hombre,192.0,79.4,ligero,mantener,2480.5,186.0,248.1,82.7
52,hombre,187.2,96.0,moderado,bajar,2406.2,180.5,240.6,80.2
41,mujer,178.2,96.4,moderado,bajar,2153.2,161.5,215.3,71.8
52,mujer,165.0,100.1,intenso,bajar,2279.4,171.0,227.9,76.0
28,hombre,186.3,83.5,moderado,mantener,2889.8,216.7,289.0,96.3
54,mujer,169.5,89.6,ligero,mantener,2096.0,157.2,209.6,69.9
40,hombre,181.9,74.7,muy_intenso,subir,3608.9,270.7,360.9,120.3
21,mujer,166.1,80.7,muy_intenso,subir,3400.3,255.0,340.0,113.3
37,mujer,166.2,95.5,moderado,mantener,2554.0,191.6,255.4,85.1
20,mujer,178.3,72.0,moderado,subir,2838.7,212.9,283.9,94.6
29,mujer,153.1,50.4,sedentario,mantener,1385.8,103.9,138.6,46.2
40,mujer,151.4,59.3,intenso,mantener,2032.5,152.4,203.2,67.7
35,hombre,183.5,86.1,moderado,subir,3248.7,243.7,324.9,108.3
62,mujer,187.9,53.8,intenso,mantener,2141.4,160.6,214.1,71.4
32,hombre,174.6,79.4,sedentario,subir,2476.3,185.7,247.6,82.5
59,hombre,195.0,92.2,sedentario,subir,2620.9,196.6,262.1,87.4
52,mujer,158.5,100.2,muy_intenso,bajar,2486.1,186.5,248.6,82.9
40,mujer,183.3,104.9,muy_intenso,bajar,2983.9,223.8,298.4,99.5
32,hombre,165.5,49.8,muy_intenso,subir,3017.0,226.3,301.7,100.6
59,hombre,165.5,47.3,moderado,mantener,1886.9,141.5,188.7,62.9
59,hombre,166.1,51.7,ligero,bajar,1239.5,93.0,124.0,41.3
27,mujer,155.4,83.4,ligero,mantener,2075.2,155.6,207.5,69.2
38,hombre,190.1,64.6,sedentario,bajar,1478.9,110.9,147.9,49.3
58,hombre,187.3,72.5,intenso,mantener,2778.3,208.4,277.8,92.6
40,hombre,162.2,97.0,ligero,mantener,2459.5,184.5,246.0,82.0
31,mujer,178.5,90.9,ligero,subir,2749.4,206.2,274.9,91.6
41,hombre,157.4,52.1,ligero,bajar,1294.0,97.1,129.4,43.1
43,mujer,191.3,106.3,intenso,subir,3647.5,273.6,364.8,121.6
35,hombre,188.8,105.9,muy_intenso,subir,4331.1,324.8,433.1,144.4
32,hombre,183.7,108.6,intenso,bajar,3086.5,231.5,308.6,102.9
21,mujer,193.9,100.3,muy_intenso,subir,4102.9,307.7,410.3,136.8
42,mujer,160.0,81.5,intenso,bajar,1990.9,149.3,199.1,66.4
29,mujer,159.0,57.5,moderado,subir,2357.3,176.8,235.7,78.6
20,hombre,150.8,101.9,muy_intenso,bajar,3046.3,228.5,304.6,101.5
56,mujer,162.2,106.0,moderado,mantener,2530.8,189.8,253.1,84.4
49,mujer,176.4,68.6,moderado,mantener,2142.9,160.7,214.3,71.4
30,hombre,170.4,78.3,muy_intenso,mantener,3235.7,242.7,323.6,107.9
26,hombre,165.4,62.7,intenso,subir,3049.2,228.7,304.9,101.6
51,mujer,167.5,68.8,moderado,bajar,1544.3,115.8,154.4,51.5
30,mujer,170.6,104.2,muy_intenso,bajar,2914.8,218.6,291.5,97.2
56,mujer,192.2,84.0,sedentario,mantener,1920.3,144.0,192.0,64.0
61,mujer,169.9,67.4,sedentario,mantener,1523.8,114.3,152.4,50.8
56,hombre,169.0,71.9,muy_intenso,bajar,2350.5,176.3,235.0,78.3
22,hombre,159.0,66.5,ligero,mantener,2136.4,160.2,213.6,71.2
36,mujer,153.2,45.4,moderado,mantener,1659.3,124.4,165.9,55.3
49,hombre,157.3,72.9,intenso,subir,2939.4,220.5,293.9,98.0
29,mujer,156.8,94.4,ligero,subir,2624.8,196.9,262.5,87.5
37,hombre,168.0,79.0,ligero,mantener,2282.5,171.2,228.2,76.1
29,mujer,176.9,57.1,muy_intenso,subir,3004.2,225.3,300.4,100.1
20,hombre,165.1,102.7,sedentario,bajar,1856.7,139.2,185.7,61.9
46,hombre,162.5,71.8,moderado,mantener,2338.4,175.4,233.8,77.9
32,hombre,156.9,105.0,sedentario,bajar,1750.8,131.3,175.1,58.4
45,hombre,180.2,106.6,sedentario,subir,2766.7,207.5,276.7,92.2
40,mujer,166.1,83.3,sedentario,bajar,1312.1,98.4,131.2,43.7
20,mujer,166.7,64.4,muy_intenso,subir,3107.3,233.0,310.7,103.6
30,hombre,176.0,89.8,intenso,mantener,3196.4,239.7,319.6,106.5
32,mujer,177.0,69.5,intenso,bajar,2053.4,154.0,205.3,68.4
56,mujer,184.3,63.5,intenso,mantener,2321.6,174.1,232.2,77.4
18,mujer,191.6,71.7,moderado,bajar,2078.4,155.9,207.8,69.3
31,hombre,158.3,103.9,muy_intenso,bajar,3068.9,230.2,306.9,102.3
19,mujer,157.5,86.9,intenso,subir,3155.5,236.7,315.5,105.2
43,hombre,157.1,62.8,moderado,subir,2569.8,192.7,257.0,85.7
49,hombre,155.1,63.4,muy_intenso,bajar,2090.4,156.8,209.0,69.7
55,mujer,191.7,105.3,moderado,subir,3213.4,241.0,321.3,107.1
60,mujer,153.9,77.1,intenso,bajar,1694.0,127.0,169.4,56.5
31,mujer,156.1,91.1,moderado,bajar,1934.5,145.1,193.4,64.5
38,hombre,194.8,70.8,ligero,mantener,2393.2,179.5,239.3,79.8
52,mujer,176.1,104.6,sedentario,subir,2470.8,185.3,247.1,82.4
47,hombre,179.1,68.8,sedentario,mantener,1892.8,142.0,189.3,63.1
22,hombre,193.7,103.9,intenso,bajar,3199.5,240.0,319.9,106.6
59,hombre,155.3,99.9,moderado,mantener,2603.4,195.3,260.3,86.8
18,mujer,169.1,100.3,intenso,bajar,2620.3,196.5,262.0,87.3
64,mujer,187.1,91.3,muy_intenso,mantener,3042.6,228.2,304.3,101.4
33,mujer,158.9,83.2,intenso,mantener,2586.0,193.9,258.6,86.2
50,mujer,189.4,77.1,moderado,bajar,1892.8,142.0,189.3,63.1
46,mujer,182.8,68.8,moderado,subir,2631.2,197.3,263.1,87.7
33,mujer,150.7,56.7,muy_intenso,mantener,2247.5,168.6,224.7,74.9
65,hombre,159.6,81.7,sedentario,mantener,1793.4,134.5,179.3,59.8
65,mujer,155.3,98.3,moderado,subir,2674.8,200.6,267.5,89.2
51,hombre,180.3,106.3,muy_intenso,mantener,3685.8,276.4,368.6,122.9
60,hombre,159.5,109.0,sedentario,mantener,2150.2,161.3,215.0,71.7
55,hombre,181.6,80.6,muy_intenso,mantener,3174.9,238.1,317.5,105.8
42,hombre,179.7,85.3,intenso,bajar,2555.2,191.6,255.5,85.2
58,hombre,187.7,94.7,muy_intenso,bajar,2986.7,224.0,298.7,99.6
53,hombre,153.4,73.6,moderado,bajar,1723.9,129.3,172.4,57.5
52,mujer,187.0,104.3,muy_intenso,bajar,2902.4,217.7,290.2,96.7
27,mujer,150.2,85.4,muy_intenso,bajar,2343.8,175.8,234.4,78.1
40,hombre,152.0,86.0,intenso,bajar,2285.9,171.4,228.6,76.2
57,hombre,189.5,75.4,muy_intenso,mantener,3150.9,236.3,315.1,105.0
53,hombre,185.0,98.9,ligero,subir,2992.2,224.4,299.2,99.7
23,hombre,165.3,89.2,sedentario,subir,2578.2,193.4,257.8,85.9
18,mujer,155.8,107.5,muy_intenso,mantener,3415.7,256.2,341.6,113.9
60,mujer,192.9,105.4,sedentario,mantener,2158.3,161.9,215.8,71.9
41,hombre,170.4,66.6,intenso,mantener,2641.0,198.1,264.1,88.0
64,mujer,186.5,97.4,sedentario,mantener,1990.3,149.3,199.0,66.3
43,hombre,192.5,86.1,muy_intenso,subir,3922.8,294.2,392.3,130.8
58,mujer,182.6,54.5,ligero,mantener,1698.5,127.4,169.8,56.6
45,mujer,189.9,70.1,muy_intenso,bajar,2353.6,176.5,235.4,78.5
29,hombre,156.4,75.3,muy_intenso,subir,3421.9,256.6,342.2,114.1
62,mujer,158.3,91.3,sedentario,bajar,1217.6,91.3,121.8,40.6
24,hombre,164.7,91.4,muy_intenso,mantener,3473.9,260.5,347.4,115.8
38,mujer,155.7,86.6,moderado,subir,2706.6,203.0,270.7,90.2
23,hombre,156.1,63.7,intenso,mantener,2592.0,194.4,259.2,86.4
37,hombre,181.2,104.3,ligero,bajar,2243.8,168.3,224.4,74.8
44,mujer,172.7,46.2,muy_intenso,bajar,1704.7,127.9,170.5,56.8
58,mujer,157.3,96.3,moderado,bajar,1817.4,136.3,181.7,60.6
60,mujer,171.9,76.2,intenso,bajar,1872.5,140.4,187.3,62.4
65,mujer,154.9,51.7,ligero,subir,1773.8,133.0,177.4,59.1
47,hombre,170.9,94.3,muy_intenso,mantener,3384.1,253.8,338.4,112.8
62,mujer,159.4,50.0,moderado,bajar,1200,90.0,120.0,40.0
52,mujer,176.4,64.3,moderado,subir,2453.0,184.0,245.3,81.8
29,mujer,155.8,55.9,muy_intenso,bajar,1830.8,137.3,183.1,61.0
60,hombre,187.5,96.7,ligero,bajar,2035.3,152.6,203.5,67.8
29,hombre,171.9,106.4,intenso,subir,3847.2,288.5,384.7,128.2
38,mujer,180.0,72.7,intenso,mantener,2589.2,194.2,258.9,86.3
51,hombre,177.8,75.4,intenso,bajar,2286.3,171.5,228.6,76.2
65,hombre,167.9,69.8,intenso,mantener,2462.2,184.7,246.2,82.1
39,hombre,177.0,103.7,sedentario,subir,2743.9,205.8,274.4,91.5
49,hombre,163.9,90.9,intenso,bajar,2421.1,181.6,242.1,80.7
53,hombre,157.4,95.2,sedentario,subir,2410.9,180.8,241.1,80.4
37,hombre,182.4,88.4,sedentario,mantener,2212.8,166.0,221.3,73.8
62,mujer,185.7,77.1,intenso,mantener,2519.6,189.0,252.0,84.0
56,mujer,162.7,93.8,sedentario,bajar,1316.6,98.7,131.7,43.9
41,mujer,185.6,82.9,intenso,bajar,2299.7,172.5,230.0,76.7
34,mujer,190.6,105.8,muy_intenso,bajar,3144.7,235.9,314.5,104.8
62,hombre,188.5,91.3,sedentario,bajar,1643.3,123.3,164.3,54.8
24,mujer,180.4,46.0,sedentario,subir,1967.8,147.6,196.8,65.6
55,mujer,193.3,50.6,moderado,mantener,1981.1,148.6,198.1,66.0
30,mujer,188.7,78.2,intenso,subir,3246.9,243.5,324.7,108.2
34,hombre,187.7,59.5,intenso,bajar,2265.4,169.9,226.5,75.5
47,hombre,155.0,99.1,muy_intenso,mantener,3286.5,246.5,328.7,109.6
58,mujer,164.4,94.6,intenso,bajar,2126.3,159.5,212.6,70.9
44,mujer,165.0,108.6,moderado,bajar,2191.2,164.3,219.1,73.0
33,hombre,154.3,62.2,moderado,mantener,2210.9,165.8,221.1,73.7
38,mujer,170.4,64.2,muy_intenso,bajar,2076.4,155.7,207.6,69.2
25,mujer,160.9,87.1,muy_intenso,subir,3422.2,256.7,342.2,114.1
60,hombre,160.9,65.1,moderado,subir,2510.5,188.3,251.1,83.7
51,hombre,159.8,99.2,ligero,subir,2793.5,209.5,279.4,93.1
50,hombre,194.8,46.3,sedentario,mantener,1722.6,129.2,172.3,57.4
63,mujer,189.5,99.3,muy_intenso,mantener,3232.6,242.4,323.3,107.8
42,hombre,173.0,79.5,muy_intenso,subir,3575.4,268.2,357.5,119.2
40,mujer,188.7,97.0,intenso,mantener,3084.9,231.4,308.5,102.8
38,hombre,165.8,79.7,intenso,bajar,2343.2,175.7,234.3,78.1
63,mujer,180.2,83.7,muy_intenso,bajar,2325.8,174.4,232.6,77.5
38,hombre,165.1,72.9,muy_intenso,mantener,2994.2,224.6,299.4,99.8
53,hombre,156.4,105.9,muy_intenso,subir,3775.3,283.2,377.5,125.8
37,mujer,178.9,103.3,ligero,bajar,1982.0,148.7,198.2,66.1
55,hombre,187.6,90.1,muy_intenso,mantener,3426.6,257.0,342.7,114.2
33,mujer,160.1,100.9,sedentario,bajar,1520.3,114.0,152.0,50.7
52,hombre,188.7,70.9,ligero,subir,2645.9,198.4,264.6,88.2
50,mujer,154.4,57.5,muy_intenso,subir,2545.1,190.9,254.5,84.8
54,mujer,150.1,94.4,ligero,mantener,1995.3,149.6,199.5,66.5
64,mujer,169.2,96.0,muy_intenso,subir,3319.3,249.0,331.9,110.6
22,hombre,194.4,60.5,moderado,subir,3058.2,229.4,305.8,101.9
29,hombre,193.6,89.6,sedentario,mantener,2359.2,176.9,235.9,78.6
65,hombre,172.9,61.1,intenso,subir,2766.1,207.5,276.6,92.2
65,hombre,177.1,88.4,ligero,mantener,2297.5,172.3,229.7,76.6
52,hombre,157.7,99.5,muy_intenso,subir,3678.7,275.9,367.9,122.6
42,hombre,159.9,109.7,intenso,bajar,2762.6,207.2,276.3,92.1
52,mujer,188.4,60.9,ligero,bajar,1377.6,103.3,137.8,45.9
65,hombre,162.3,77.2,intenso,bajar,2029.5,152.2,202.9,67.6
49,hombre,164.5,87.7,ligero,bajar,1789.5,134.2,179.0,59.7
63,mujer,190.3,106.3,intenso,mantener,3064.2,229.8,306.4,102.1
43,mujer,161.9,76.2,ligero,subir,2322.1,174.2,232.2,77.4
47,hombre,184.8,55.7,intenso,subir,2956.5,221.7,295.6,98.5
50,mujer,187.6,55.1,intenso,bajar,1764.1,132.3,176.4,58.8
37,hombre,155.3,73.3,ligero,bajar,1595.0,119.6,159.5,53.2
19,mujer,161.7,94.4,intenso,subir,3330.1,249.8,333.0,111.0
36,hombre,160.9,67.4,moderado,bajar,1832.2,137.4,183.2,61.1
49,hombre,154.6,96.5,intenso,mantener,2917.4,218.8,291.7,97.2
50,mujer,170.8,103.7,moderado,mantener,2624.9,196.9,262.5,87.5
41,hombre,174.8,100.2,muy_intenso,mantener,3599.5,270.0,360.0,120.0
19,hombre,151.1,97.1,moderado,bajar,2329.3,174.7,232.9,77.6
21,hombre,178.2,57.0,moderado,subir,2854.8,214.1,285.5,95.2
45,mujer,167.1,100.2,moderado,bajar,2073.6,155.5,207.4,69.1
54,hombre,160.6,71.1,moderado,bajar,1747.1,131.0,174.7,58.2
40,mujer,175.3,62.8,sedentario,bajar,1200,90.0,120.0,40.0
59,hombre,183.7,104.2,sedentario,mantener,2280.2,171.0,228.0,76.0
57,hombre,151.5,60.3,sedentario,mantener,1523.8,114.3,152.4,50.8
65,mujer,153.3,87.1,muy_intenso,mantener,2551.9,191.4,255.2,85.1
32,hombre,156.9,107.0,moderado,mantener,2938.2,220.4,293.8,97.9
30,hombre,190.8,71.6,intenso,subir,3442.0,258.2,344.2,114.7
51,hombre,190.4,65.5,intenso,subir,3151.4,236.4,315.1,105.0
38,hombre,176.8,78.5,ligero,mantener,2344.4,175.8,234.4,78.1
37,hombre,178.2,107.8,muy_intenso,mantener,3822.3,286.7,382.2,127.4
23,hombre,170.3,68.2,sedentario,mantener,1963.6,147.3,196.4,65.5
34,mujer,180.9,64.1,muy_intenso,bajar,2237.2,167.8,223.7,74.6
60,mujer,160.9,102.5,intenso,bajar,2207.6,165.6,220.8,73.6
22,mujer,167.3,55.0,muy_intenso,mantener,2516.8,188.8,251.7,83.9
47,hombre,184.6,87.5,sedentario,mantener,2158.5,161.9,215.9,71.9
26,hombre,160.0,103.5,ligero,mantener,2626.2,197.0,262.6,87.5
62,hombre,163.4,63.0,ligero,bajar,1351.1,101.3,135.1,45.0
43,mujer,187.3,66.8,muy_intenso,subir,3179.0,238.4,317.9,106.0
34,mujer,157.1,60.0,intenso,mantener,2157.8,161.8,215.8,71.9
55,mujer,175.7,51.7,muy_intenso,subir,2640.3,198.0,264.0,88.0
55,hombre,176.1,93.2,intenso,subir,3440.5,258.0,344.1,114.7
49,hombre,188.8,92.2,muy_intenso,mantener,3537.8,265.3,353.8,117.9
29,hombre,190.4,85.2,ligero,bajar,2115.2,158.6,211.5,70.5
55,mujer,173.8,65.9,intenso,bajar,1758.5,131.9,175.8,58.6
51,hombre,194.4,64.7,sedentario,mantener,1934.4,145.1,193.4,64.5
28,hombre,188.6,108.1,ligero,bajar,2421.5,181.6,242.2,80.7
58,hombre,180.0,81.5,moderado,mantener,2565.2,192.4,256.5,85.5
50,hombre,161.3,70.1,ligero,mantener,2013.2,151.0,201.3,67.1
29,mujer,190.7,47.4,intenso,mantener,2345.8,175.9,234.6,78.2
35,hombre,194.1,61.2,moderado,bajar,2065.4,154.9,206.5,68.8
62,hombre,170.0,77.3,ligero,subir,2504.4,187.8,250.4,83.5
24,hombre,166.4,58.2,sedentario,subir,2208.4,165.6,220.8,73.6
39,hombre,172.0,55.1,sedentario,subir,2123.2,159.2,212.3,70.8
22,mujer,194.6,69.4,ligero,subir,2654.0,199.0,265.4,88.5
42,mujer,173.2,85.9,moderado,mantener,2434.3,182.6,243.4,81.1
29,mujer,153.7,54.4,ligero,subir,2048.1,153.6,204.8,68.3
39,hombre,150.5,58.4,moderado,subir,2468.7,185.2,246.9,82.3
38,hombre,183.3,92.7,ligero,subir,2995.5,224.7,299.5,99.8
23,hombre,155.8,56.8,muy_intenso,subir,3120.3,234.0,312.0,104.0
23,hombre,174.9,88.2,muy_intenso,mantener,3543.7,265.8,354.4,118.1
54,hombre,191.2,95.9,ligero,mantener,2597.4,194.8,259.7,86.6
31,mujer,191.9,51.5,moderado,bajar,1667.5,125.1,166.7,55.6
29,hombre,153.4,69.7,sedentario,subir,2218.9,166.4,221.9,74.0
41,mujer,193.9,66.0,sedentario,mantener,1807.0,135.5,180.7,60.2
51,hombre,182.3,60.4,muy_intenso,bajar,2337.4,175.3,233.7,77.9
60,hombre,183.7,62.7,moderado,subir,2694.2,202.1,269.4,89.8
27,mujer,191.2,93.0,muy_intenso,subir,3875.1,290.6,387.5,129.2
40,mujer,168.4,87.7,sedentario,subir,2282.2,171.2,228.2,76.1
50,mujer,155.2,72.4,moderado,subir,2388.7,179.1,238.9,79.6
58,mujer,164.1,57.1,ligero,mantener,1575.2,118.1,157.5,52.5
55,hombre,155.6,94.9,muy_intenso,bajar,2637.8,197.8,263.8,87.9
54,hombre,160.7,57.3,ligero,subir,2204.5,165.3,220.5,73.5
62,hombre,187.6,103.1,intenso,bajar,2774.9,208.1,277.5,92.5
43,hombre,194.7,86.9,sedentario,mantener,2251.0,168.8,225.1,75.0
49,hombre,166.6,85.7,sedentario,bajar,1489.9,111.7,149.0,49.7
44,hombre,182.4,49.5,moderado,bajar,1701.0,127.6,170.1,56.7
33,mujer,152.0,99.2,sedentario,mantener,1939.2,145.4,193.9,64.6
18,mujer,172.9,53.6,ligero,bajar,1377.7,103.3,137.8,45.9
19,mujer,160.1,69.3,sedentario,bajar,1225.1,91.9,122.5,40.8
33,mujer,150.2,64.3,ligero,bajar,1226.7,92.0,122.7,40.9
63,hombre,190.3,107.3,sedentario,bajar,1842.8,138.2,184.3,61.4
65,hombre,155.5,62.8,ligero,mantener,1759.8,132.0,176.0,58.7
50,hombre,170.2,58.4,ligero,subir,2328.8,174.7,232.9,77.6
27,hombre,181.0,51.0,sedentario,mantener,1813.5,136.0,181.4,60.4
50,mujer,186.8,68.5,ligero,bajar,1482.1,111.2,148.2,49.4
57,mujer,188.9,66.9,sedentario,bajar,1200,90.0,120.0,40.0
37,mujer,182.8,59.7,ligero,mantener,1916.1,143.7,191.6,63.9
40,hombre,190.1,63.1,moderado,bajar,2017.4,151.3,201.7,67.2
44,mujer,194.5,78.3,intenso,bajar,2290.4,171.8,229.0,76.3
54,hombre,170.6,47.8,moderado,mantener,1982.8,148.7,198.3,66.1
48,mujer,176.8,100.8,moderado,subir,3053.6,229.0,305.4,101.8
25,mujer,176.1,107.8,sedentario,mantener,2271.2,170.3,227.1,75.7
47,hombre,194.5,109.3,moderado,bajar,2721.9,204.1,272.2,90.7
60,mujer,189.4,98.7,ligero,mantener,2350.9,176.3,235.1,78.4
61,mujer,180.7,93.8,sedentario,bajar,1421.6,106.6,142.2,47.4
35,mujer,176.1,56.5,muy_intenso,mantener,2526.3,189.5,252.6,84.2
50,mujer,170.1,100.8,ligero,subir,2682.7,201.2,268.3,89.4
29,hombre,165.3,108.7,sedentario,mantener,2376.2,178.2,237.6,79.2
26,hombre,180.3,87.1,ligero,bajar,2075.2,155.6,207.5,69.2
53,hombre,193.3,56.4,muy_intenso,mantener,2873.0,215.5,287.3,95.8
41,hombre,179.3,46.4,ligero,subir,2303.9,172.8,230.4,76.8
34,mujer,183.4,98.4,sedentario,subir,2559.1,191.9,255.9,85.3
24,hombre,170.2,94.0,moderado,bajar,2427.6,182.1,242.8,80.9
39,mujer,157.3,93.8,moderado,subir,2825.9,211.9,282.6,94.2
34,hombre,167.5,57.2,intenso,bajar,2007.9,150.6,200.8,66.9
37,hombre,167.6,108.6,sedentario,bajar,1844.2,138.3,184.4,61.5
30,hombre,172.7,95.0,ligero,subir,2991.0,224.3,299.1,99.7
53,mujer,187.3,105.0,ligero,bajar,1967.6,147.6,196.8,65.6
37,hombre,185.7,108.8,moderado,bajar,2706.4,203.0,270.6,90.2
21,hombre,176.2,68.1,ligero,subir,2713.1,203.5,271.3,90.4
62,mujer,172.6,74.9,intenso,subir,2740.4,205.5,274.0,91.3
63,mujer,178.5,95.9,moderado,bajar,1977.9,148.3,197.8,65.9
40,hombre,152.5,104.1,sedentario,mantener,2158.9,161.9,215.9,72.0
62,mujer,175.3,65.0,ligero,subir,2152.6,161.4,215.3,71.8
55,hombre,172.8,77.9,sedentario,subir,2306.8,173.0,230.7,76.9
46,mujer,157.1,95.7,sedentario,subir,2257.4,169.3,225.7,75.2
57,mujer,160.5,101.7,sedentario,mantener,1888.9,141.7,188.9,63.0
38,hombre,161.7,77.8,muy_intenso,mantener,3046.9,228.5,304.7,101.6
41,hombre,166.2,76.2,sedentario,mantener,1920.9,144.1,192.1,64.0
18,hombre,165.7,48.7,moderado,mantener,2228.3,167.1,222.8,74.3
50,hombre,178.3,59.4,moderado,bajar,1768.2,132.6,176.8,58.9
18,hombre,184.6,85.8,intenso,mantener,3323.6,249.3,332.4,110.8
35,hombre,171.2,70.5,ligero,subir,2606.9,195.5,260.7,86.9
21,hombre,150.4,96.3,muy_intenso,bajar,2925.7,219.4,292.6,97.5
49,mujer,192.5,70.3,moderado,mantener,2325.2,174.4,232.5,77.5
28,hombre,180.0,73.1,moderado,subir,3067.6,230.1,306.8,102.3
26,mujer,181.3,80.0,intenso,bajar,2332.7,174.9,233.3,77.8
57,hombre,164.2,97.0,sedentario,bajar,1559.5,117.0,156.0,52.0
61,hombre,164.5,55.8,muy_intenso,subir,2843.6,213.3,284.4,94.8
52,mujer,172.2,46.6,muy_intenso,mantener,2130.4,159.8,213.0,71.0
28,hombre,175.7,81.1,muy_intenso,bajar,2870.8,215.3,287.1,95.7
39,mujer,174.2,51.9,moderado,bajar,1440.2,108.0,144.0,48.0
28,mujer,161.8,52.2,intenso,bajar,1625.6,121.9,162.6,54.2
60,mujer,151.1,67.2,ligero,subir,1988.6,149.1,198.9,66.3
51,mujer,182.3,53.5,muy_intenso,mantener,2390.9,179.3,239.1,79.7
21,mujer,174.4,92.0,sedentario,bajar,1592.8,119.5,159.3,53.1
31,mujer,194.9,67.6,intenso,bajar,2222.3,166.7,222.2,74.1
35,mujer,152.6,104.2,sedentario,mantener,1991.7,149.4,199.2,66.4
41,mujer,172.8,96.5,ligero,subir,2708.6,203.1,270.9,90.3
50,mujer,186.8,86.1,ligero,mantener,2224.1,166.8,222.4,74.1
35,mujer,162.4,64.3,sedentario,subir,1986.4,149.0,198.6,66.2
23,hombre,155.1,92.0,moderado,mantener,2758.0,206.9,275.8,91.9
53,hombre,152.4,90.7,sedentario,subir,2319.4,174.0,231.9,77.3
42,hombre,190.2,77.5,ligero,mantener,2418.3,181.4,241.8,80.6
60,mujer,168.5,86.7,intenso,bajar,2017.0,151.3,201.7,67.2
62,hombre,167.5,71.9,ligero,subir,2408.7,180.7,240.9,80.3
41,mujer,194.1,85.3,sedentario,mantener,2040.1,153.0,204.0,68.0
58,mujer,156.9,46.8,intenso,subir,2120.9,159.1,212.1,70.7
53,mujer,166.6,51.0,moderado,mantener,1744.1,130.8,174.4,58.1
26,hombre,175.7,106.6,sedentario,bajar,1946.9,146.0,194.7,64.9
44,hombre,162.5,86.8,intenso,subir,3278.4,245.9,327.8,109.3
39,hombre,152.2,62.9,moderado,bajar,1654.9,124.1,165.5,55.2
19,mujer,162.2,79.5,sedentario,subir,2263.3,169.7,226.3,75.4
53,hombre,171.8,58.8,intenso,mantener,2418.0,181.4,241.8,80.6
20,hombre,192.5,88.7,ligero,subir,3143.3,235.7,314.3,104.8
44,hombre,165.4,101.0,moderado,mantener,2834.6,212.6,283.5,94.5
47,hombre,178.0,97.0,muy_intenso,subir,3919.8,294.0,392.0,130.7
58,hombre,165.4,94.9,muy_intenso,subir,3625.7,271.9,362.6,120.9
59,mujer,158.4,56.4,muy_intenso,mantener,2086.2,156.5,208.6,69.5
55,mujer,156.2,89.5,muy_intenso,mantener,2727.0,204.5,272.7,90.9
28,mujer,155.1,66.4,ligero,mantener,1832.0,137.4,183.2,61.1
28,hombre,154.9,61.1,intenso,bajar,1991.1,149.3,199.1,66.4
32,hombre,167.0,89.4,intenso,bajar,2575.2,193.1,257.5,85.8
29,mujer,180.6,100.2,intenso,mantener,3147.7,236.1,314.8,104.9
58,mujer,172.5,106.5,moderado,subir,3022.8,226.7,302.3,100.8
35,hombre,187.2,95.5,sedentario,subir,2746.0,205.9,274.6,91.5
26,hombre,183.0,59.3,muy_intenso,mantener,3062.3,229.7,306.2,102.1
56,mujer,150.9,73.5,intenso,bajar,1634.0,122.6,163.4,54.5
55,hombre,152.9,57.1,intenso,subir,2567.7,192.6,256.8,85.6
58,hombre,155.5,64.2,intenso,mantener,2292.3,171.9,229.2,76.4
38,mujer,189.4,71.6,moderado,bajar,1900.6,142.5,190.1,63.4
56,hombre,181.2,58.2,muy_intenso,mantener,2735.0,205.1,273.5,91.2
61,hombre,157.3,66.8,intenso,bajar,1830.7,137.3,183.1,61.0
62,mujer,189.9,58.0,muy_intenso,mantener,2462.2,184.7,246.2,82.1
64,mujer,163.1,62.2,moderado,subir,2198.6,164.9,219.9,73.3
44,mujer,184.5,46.5,moderado,bajar,1417.5,106.3,141.8,47.3
30,hombre,187.6,65.6,intenso,bajar,2404.0,180.3,240.4,80.1
48,hombre,186.2,62.8,ligero,bajar,1640.5,123.0,164.1,54.7
22,mujer,174.6,57.0,muy_intenso,mantener,2641.5,198.1,264.1,88.0
43,mujer,177.0,48.7,sedentario,bajar,1200,90.0,120.0,40.0
63,mujer,189.5,87.2,intenso,mantener,2726.1,204.5,272.6,90.9
31,mujer,182.4,83.5,sedentario,subir,2390.8,179.3,239.1,79.7
42,hombre,187.4,58.1,moderado,subir,2798.2,209.9,279.8,93.3
25,mujer,191.2,106.8,sedentario,mantener,2372.4,177.9,237.2,79.1
63,mujer,189.1,55.0,sedentario,mantener,1507.0,113.0,150.7,50.2
38,hombre,188.2,104.9,muy_intenso,bajar,3376.5,253.2,337.6,112.5
48,hombre,179.2,65.0,muy_intenso,subir,3316.5,248.7,331.7,110.5
46,mujer,181.4,62.1,muy_intenso,mantener,2591.1,194.3,259.1,86.4
56,mujer,185.7,97.2,intenso,subir,3318.1,248.9,331.8,110.6
48,hombre,150.3,89.0,ligero,bajar,1692.3,126.9,169.2,56.4
62,hombre,156.3,104.0,ligero,bajar,1853.8,139.0,185.4,61.8
32,hombre,178.8,64.8,sedentario,mantener,1932.6,144.9,193.3,64.4
63,mujer,194.3,64.7,muy_intenso,subir,3032.2,227.4,303.2,101.1
37,hombre,166.2,64.8,intenso,bajar,2099.1,157.4,209.9,70.0
22,hombre,184.5,67.8,sedentario,subir,2471.3,185.4,247.1,82.4
36,hombre,171.9,51.8,ligero,bajar,1448.9,108.7,144.9,48.3
59,hombre,157.7,45.4,sedentario,subir,1779.5,133.5,178.0,59.3
64,hombre,190.1,68.7,ligero,bajar,1645.2,123.4,164.5,54.8
47,hombre,186.8,79.0,sedentario,mantener,2073.0,155.5,207.3,69.1
34,hombre,161.5,106.8,moderado,subir,3364.2,252.3,336.4,112.1
18,hombre,177.5,95.2,muy_intenso,bajar,3255.1,244.1,325.5,108.5
64,mujer,151.9,84.2,sedentario,subir,1972.5,147.9,197.2,65.7
19,mujer,150.9,45.4,intenso,bajar,1468.4,110.1,146.8,48.9
26,mujer,188.1,50.6,ligero,subir,2312.1,173.4,231.2,77.1
53,hombre,180.4,79.5,intenso,bajar,2367.8,177.6,236.8,78.9
63,hombre,190.6,86.7,muy_intenso,mantener,3321.7,249.1,332.2,110.7
28,hombre,172.0,75.9,ligero,subir,2736.1,205.2,273.6,91.2
32,hombre,171.6,82.2,ligero,mantener,2391.8,179.4,239.2,79.7
51,mujer,163.2,63.7,ligero,bajar,1206.4,90.5,120.6,40.2
39,mujer,161.6,102.3,ligero,bajar,1805.9,135.4,180.6,60.2
47,hombre,159.8,96.0,ligero,bajar,1877.0,140.8,187.7,62.6
34,hombre,174.1,79.2,moderado,subir,3058.4,229.4,305.8,101.9
41,hombre,180.7,100.7,intenso,mantener,3340.2,250.5,334.0,111.3
31,hombre,155.4,98.3,moderado,mantener,2796.6,209.7,279.7,93.2
63,mujer,157.6,93.1,ligero,bajar,1480.0,111.0,148.0,49.3
41,mujer,177.9,88.5,moderado,mantener,2527.9,189.6,252.8,84.3
61,hombre,151.6,104.9,ligero,subir,2732.7,205.0,273.3,91.1
44,mujer,163.4,81.7,intenso,subir,2913.8,218.5,291.4,97.1
62,mujer,185.8,104.3,sedentario,subir,2479.9,186.0,248.0,82.7
46,hombre,186.3,80.6,muy_intenso,subir,3716.2,278.7,371.6,123.9
54,mujer,152.6,98.2,moderado,mantener,2332.4,174.9,233.2,77.7
56,hombre,180.0,48.8,sedentario,subir,2005.6,150.4,200.6,66.9
45,hombre,163.1,109.7,ligero,bajar,2107.5,158.1,210.8,70.3
19,mujer,150.1,74.3,ligero,mantener,1959.5,147.0,196.0,65.3
55,hombre,157.9,102.0,intenso,mantener,2996.1,224.7,299.6,99.9
47,mujer,171.7,90.4,moderado,subir,2850.7,213.8,285.1,95.0
46,hombre,190.2,68.9,sedentario,mantener,1983.3,148.7,198.3,66.1
56,mujer,157.9,88.3,sedentario,subir,2114.6,158.6,211.5,70.5
37,mujer,162.3,90.9,moderado,mantener,2444.9,183.4,244.5,81.5
43,mujer,156.3,104.1,sedentario,subir,2370.2,177.8,237.0,79.0
25,mujer,194.4,95.6,sedentario,mantener,2262.0,169.7,226.2,75.4
48,hombre,188.4,68.6,ligero,subir,2639.2,197.9,263.9,88.0
51,hombre,190.7,96.2,moderado,mantener,2951.0,221.3,295.1,98.4
54,mujer,191.6,72.8,sedentario,bajar,1293.4,97.0,129.3,43.1
25,hombre,187.9,58.1,muy_intenso,bajar,2607.2,195.5,260.7,86.9
31,hombre,155.4,74.2,moderado,subir,2823.0,211.7,282.3,94.1
45,mujer,178.3,82.8,muy_intenso,subir,3357.1,251.8,335.7,111.9
49,hombre,157.2,107.7,sedentario,mantener,2183.4,163.8,218.3,72.8
51,mujer,183.6,108.1,muy_intenso,mantener,3443.8,258.3,344.4,114.8
58,hombre,155.3,47.3,muy_intenso,subir,2601.4,195.1,260.1,86.7
39,mujer,180.6,101.9,ligero,subir,2863.7,214.8,286.4,95.5
61,hombre,173.3,65.8,muy_intenso,bajar,2238.1,167.9,223.8,74.6
40,mujer,190.3,45.8,intenso,bajar,1719.0,128.9,171.9,57.3
62,mujer,154.9,70.8,muy_intenso,bajar,1789.7,134.2,179.0,59.7
60,mujer,177.9,67.3,sedentario,subir,1988.6,149.1,198.9,66.3
64,mujer,153.1,58.5,moderado,subir,2044.4,153.3,204.4,68.1
26,hombre,160.7,81.6,intenso,subir,3324.5,249.3,332.5,110.8
26,hombre,171.7,57.3,moderado,mantener,2357.7,176.8,235.8,78.6
29,hombre,178.2,49.8,moderado,bajar,1781.2,133.6,178.1,59.4
25,mujer,183.1,60.4,moderado,bajar,1766.7,132.5,176.7,58.9
64,mujer,174.3,98.4,intenso,bajar,2246.8,168.5,224.7,74.9
27,mujer,183.3,81.6,sedentario,bajar,1498.8,112.4,149.9,50.0
63,hombre,163.7,77.0,intenso,bajar,2058.4,154.4,205.8,68.6
57,mujer,177.9,93.4,moderado,bajar,1979.8,148.5,198.0,66.0
30,mujer,152.2,90.4,ligero,bajar,1623.3,121.8,162.3,54.1
20,mujer,150.7,102.8,muy_intenso,bajar,2746.9,206.0,274.7,91.6
58,hombre,185.6,106.2,moderado,bajar,2502.3,187.7,250.2,83.4
23,hombre,193.0,47.3,moderado,bajar,1932.3,144.9,193.2,64.4
45,mujer,166.8,96.1,sedentario,bajar,1441.0,108.1,144.1,48.0
51,hombre,151.0,94.1,muy_intenso,mantener,3106.0,233.0,310.6,103.5
22,hombre,189.1,53.7,moderado,bajar,2001.5,150.1,200.2,66.7
35,mujer,150.6,60.3,muy_intenso,subir,2695.7,202.2,269.6,89.9
47,hombre,166.3,60.5,moderado,mantener,2192.3,164.4,219.2,73.1
58,hombre,157.1,83.3,sedentario,subir,2235.8,167.7,223.6,74.5
35,hombre,153.8,67.4,moderado,subir,2671.1,200.3,267.1,89.0
24,hombre,165.8,50.5,muy_intenso,subir,3109.9,233.2,311.0,103.7
38,mujer,188.0,67.7,moderado,bajar,1826.6,137.0,182.7,60.9
22,mujer,177.5,105.7,sedentario,bajar,1774.4,133.1,177.4,59.1
22,hombre,181.2,62.8,intenso,subir,3255.7,244.2,325.6,108.5
55,hombre,170.7,78.8,moderado,bajar,1956.6,146.7,195.7,65.2
27,hombre,182.0,57.5,ligero,mantener,2175.9,163.2,217.6,72.5
27,hombre,152.1,84.2,ligero,subir,2686.1,201.5,268.6,89.5
62,hombre,163.3,86.5,muy_intenso,mantener,3003.2,225.2,300.3,100.1
48,mujer,193.8,104.4,sedentario,bajar,1725.1,129.4,172.5,57.5
40,hombre,182.5,64.4,ligero,subir,2585.7,193.9,258.6,86.2
39,hombre,183.2,53.0,ligero,subir,2441.9,183.1,244.2,81.4
63,mujer,176.9,58.9,ligero,bajar,1200,90.0,120.0,40.0
28,hombre,164.7,98.5,intenso,subir,3641.9,273.1,364.2,121.4
30,hombre,194.2,94.6,ligero,subir,3170.3,237.8,317.0,105.7
29,hombre,152.0,73.2,intenso,subir,3060.0,229.5,306.0,102.0
54,hombre,179.5,74.9,muy_intenso,mantener,3051.2,228.8,305.1,101.7
56,mujer,172.2,67.5,ligero,bajar,1301.6,97.6,130.2,43.4
24,hombre,160.9,58.5,intenso,bajar,2045.5,153.4,204.5,68.2
21,hombre,173.7,106.0,moderado,mantener,3170.7,237.8,317.1,105.7
30,hombre,180.0,60.0,ligero,mantener,2172.5,162.9,217.2,72.4
34,mujer,150.1,46.6,moderado,subir,2063.3,154.8,206.3,68.8
52,hombre,183.1,68.0,muy_intenso,mantener,2981.8,223.6,298.2,99.4
42,mujer,194.0,58.9,moderado,bajar,1717.3,128.8,171.7,57.2
47,mujer,188.3,103.8,muy_intenso,mantener,3455.9,259.2,345.6,115.2
57,mujer,156.4,75.5,sedentario,bajar,1200,90.0,120.0,40.0
22,mujer,173.4,89.8,intenso,mantener,2951.0,221.3,295.1,98.4
21,mujer,192.4,76.6,moderado,subir,3038.9,227.9,303.9,101.3
30,mujer,150.7,65.8,intenso,mantener,2223.3,166.7,222.3,74.1
23,mujer,181.3,82.6,ligero,bajar,1814.3,136.1,181.4,60.5
39,hombre,152.7,57.4,sedentario,subir,2006.0,150.5,200.6,66.9
30,hombre,194.4,96.5,muy_intenso,subir,4266.5,320.0,426.7,142.2
27,mujer,159.1,48.8,moderado,bajar,1338.9,100.4,133.9,44.6
45,hombre,158.8,70.8,sedentario,bajar,1276.6,95.7,127.7,42.6
35,mujer,190.1,74.2,sedentario,mantener,1912.9,143.5,191.3,63.8
30,hombre,155.9,108.7,ligero,subir,3035.0,227.6,303.5,101.2
38,hombre,164.5,49.1,moderado,mantener,2067.9,155.1,206.8,68.9
21,mujer,179.5,61.7,muy_intenso,subir,3198.5,239.9,319.8,106.6
53,mujer,166.5,86.4,ligero,mantener,2033.1,152.5,203.3,67.8
20,hombre,180.9,86.5,ligero,mantener,2613.4,196.0,261.3,87.1
53,mujer,151.1,88.1,muy_intenso,mantener,2658.8,199.4,265.9,88.6
19,hombre,167.5,76.8,intenso,bajar,2475.4,185.7,247.5,82.5
39,mujer,174.2,92.4,muy_intenso,subir,3547.8,266.1,354.8,118.3
24,mujer,183.0,83.4,intenso,bajar,2426.9,182.0,242.7,80.9
55,mujer,156.2,59.7,sedentario,mantener,1364.7,102.4,136.5,45.5
48,hombre,189.1,87.0,intenso,bajar,2634.1,197.6,263.4,87.8
60,hombre,194.8,57.7,moderado,bajar,1824.2,136.8,182.4,60.8
23,mujer,190.8,103.4,moderado,subir,3423.3,256.7,342.3,114.1
29,mujer,170.7,65.6,ligero,subir,2348.2,176.1,234.8,78.3
25,hombre,180.4,82.0,moderado,subir,3232.6,242.4,323.3,107.8
25,hombre,152.6,90.8,muy_intenso,subir,3709.3,278.2,370.9,123.6
22,hombre,192.5,60.6,ligero,mantener,2343.2,175.7,234.3,78.1
61,hombre,187.9,66.2,sedentario,bajar,1343.6,100.8,134.4,44.8
24,hombre,150.1,70.7,muy_intenso,mantener,2907.2,218.0,290.7,96.9
57,hombre,158.2,72.5,intenso,mantener,2473.2,185.5,247.3,82.4
55,mujer,170.5,48.9,muy_intenso,subir,2525.4,189.4,252.5,84.2
23,hombre,173.3,63.9,moderado,subir,2898.8,217.4,289.9,96.6
61,hombre,157.0,67.5,muy_intenso,subir,2976.9,223.3,297.7,99.2
31,hombre,154.9,75.1,muy_intenso,subir,3381.3,253.6,338.1,112.7
46,hombre,160.5,108.0,sedentario,subir,2629.8,197.2,263.0,87.7
23,mujer,158.1,48.7,muy_intenso,subir,2678.3,200.9,267.8,89.3
49,hombre,180.5,86.1,moderado,bajar,2211.1,165.8,221.1,73.7
63,hombre,155.0,60.4,sedentario,mantener,1515.3,113.6,151.5,50.5
40,hombre,162.0,88.6,sedentario,bajar,1544.2,115.8,154.4,51.5
23,mujer,175.3,84.6,ligero,subir,2690.2,201.8,269.0,89.7
25,hombre,179.5,79.9,moderado,bajar,2291.4,171.9,229.1,76.4
27,mujer,157.5,86.9,moderado,mantener,2413.9,181.0,241.4,80.5
35,mujer,159.5,80.7,moderado,bajar,1775.2,133.1,177.5,59.2
43,mujer,183.2,109.9,muy_intenso,mantener,3549.2,266.2,354.9,118.3
27,mujer,154.5,47.7,ligero,subir,1976.6,148.2,197.7,65.9
35,hombre,169.6,59.5,sedentario,mantener,1782.0,133.7,178.2,59.4
63,hombre,163.8,107.7,moderado,bajar,2275.7,170.7,227.6,75.9
59,mujer,182.3,51.8,intenso,bajar,1572.4,117.9,157.2,52.4
28,hombre,186.0,46.8,muy_intenso,mantener,2841.4,213.1,284.1,94.7
35,hombre,166.8,69.5,moderado,subir,2829.6,212.2,283.0,94.3
63,mujer,189.8,98.7,moderado,mantener,2630.7,197.3,263.1,87.7
37,hombre,164.3,87.3,moderado,mantener,2665.8,199.9,266.6,88.9
52,hombre,190.8,79.2,moderado,mantener,2680.7,201.1,268.1,89.4
28,mujer,172.7,104.4,intenso,mantener,3143.6,235.8,314.4,104.8
60,hombre,179.3,83.7,moderado,subir,2977.1,223.3,297.7,99.2
42,hombre,170.6,87.7,moderado,bajar,2194.3,164.6,219.4,73.1
44,mujer,178.1,46.3,intenso,subir,2461.6,184.6,246.2,82.1
44,mujer,178.0,86.3,sedentario,subir,2313.4,173.5,231.3,77.1
44,mujer,182.4,108.6,muy_intenso,bajar,3005.5,225.4,300.6,100.2
47,mujer,160.5,46.1,muy_intenso,subir,2429.4,182.2,242.9,81.0
44,hombre,176.6,57.4,moderado,subir,2667.3,200.0,266.7,88.9
32,mujer,172.5,94.0,intenso,mantener,2927.5,219.6,292.8,97.6
20,mujer,153.0,84.2,muy_intenso,mantener,2920.8,219.1,292.1,97.4
37,hombre,166.0,64.7,muy_intenso,subir,3258.5,244.4,325.9,108.6
57,hombre,172.5,106.4,moderado,mantener,2886.3,216.5,288.6,96.2
38,mujer,156.6,87.2,sedentario,mantener,1799.7,135.0,180.0,60.0
27,hombre,188.7,65.5,moderado,bajar,2141.8,160.6,214.2,71.4
40,hombre,155.7,62.6,ligero,subir,2330.7,174.8,233.1,77.7
40,mujer,190.6,87.2,sedentario,mantener,2042.7,153.2,204.3,68.1
33,mujer,188.8,97.1,muy_intenso,bajar,2967.5,222.6,296.8,98.9
48,mujer,170.1,55.5,sedentario,subir,1860.5,139.5,186.1,62.0
62,mujer,165.6,73.8,ligero,bajar,1290.2,96.8,129.0,43.0
53,hombre,185.6,72.1,intenso,subir,3196.2,239.7,319.6,106.5
54,mujer,165.2,55.7,intenso,subir,2398.4,179.9,239.8,79.9
44,hombre,183.7,57.8,moderado,bajar,1842.2,138.2,184.2,61.4
42,hombre,179.9,60.2,sedentario,mantener,1825.6,136.9,182.6,60.9
47,hombre,158.1,88.7,sedentario,mantener,1974.1,148.1,197.4,65.8
56,hombre,172.9,52.8,sedentario,bajar,1200,90.0,120.0,40.0
20,hombre,177.1,100.1,intenso,mantener,3472.2,260.4,347.2,115.7
40,hombre,177.6,56.4,ligero,subir,2433.6,182.5,243.4,81.1
28,hombre,189.3,62.6,intenso,subir,3287.9,246.6,328.8,109.6
64,hombre,173.4,78.1,ligero,bajar,1630.9,122.3,163.1,54.4
28,hombre,184.5,80.6,ligero,bajar,2008.2,150.6,200.8,66.9
59,hombre,180.1,100.6,sedentario,bajar,1709.9,128.2,171.0,57.0
51,mujer,189.2,104.4,muy_intenso,subir,3839.9,288.0,384.0,128.0
53,mujer,188.4,91.4,sedentario,mantener,1998.6,149.9,199.9,66.6
39,hombre,190.8,85.3,intenso,subir,3600.7,270.1,360.1,120.0
41,mujer,172.3,72.6,sedentario,bajar,1224.2,91.8,122.4,40.8
58,hombre,188.4,80.7,muy_intenso,bajar,2729.0,204.7,272.9,91.0
53,hombre,188.3,61.4,ligero,bajar,1605.0,120.4,160.5,53.5
38,mujer,180.0,94.4,ligero,mantener,2362.2,177.2,236.2,78.7
59,mujer,171.8,72.6,sedentario,mantener,1612.5,120.9,161.2,53.8
48,mujer,151.1,104.8,sedentario,subir,2309.6,173.2,231.0,77.0
54,hombre,166.6,47.6,ligero,mantener,1721.8,129.1,172.2,57.4
31,mujer,164.2,99.1,sedentario,subir,2441.5,183.1,244.2,81.4
57,hombre,189.6,62.1,ligero,subir,2498.2,187.4,249.8,83.3
30,hombre,169.4,92.2,muy_intenso,subir,3887.9,291.6,388.8,129.6
33,hombre,173.7,59.4,sedentario,subir,2223.6,166.8,222.4,74.1
18,hombre,165.5,105.4,moderado,subir,3505.2,262.9,350.5,116.8
55,mujer,177.1,50.6,sedentario,mantener,1412.2,105.9,141.2,47.1
40,hombre,160.5,51.5,moderado,subir,2450.8,183.8,245.1,81.7
54,mujer,194.6,88.6,muy_intenso,mantener,3175.4,238.2,317.5,105.8
58,mujer,162.7,73.7,intenso,bajar,1747.5,131.1,174.7,58.2
45,hombre,182.0,90.6,muy_intenso,mantener,3464.6,259.8,346.5,115.5
55,hombre,166.6,108.6,moderado,bajar,2378.7,178.4,237.9,79.3
44,mujer,168.8,52.5,sedentario,subir,1838.8,137.9,183.9,61.3
60,hombre,179.4,77.9,ligero,mantener,2207.2,165.5,220.7,73.6
21,hombre,155.8,64.1,moderado,subir,2747.9,206.1,274.8,91.6
44,hombre,154.2,48.3,intenso,subir,2524.8,189.4,252.5,84.2
28,hombre,189.2,62.0,intenso,subir,3276.4,245.7,327.6,109.2
27,mujer,186.4,103.7,intenso,mantener,3287.9,246.6,328.8,109.6
37,mujer,192.7,109.1,muy_intenso,mantener,3703.8,277.8,370.4,123.5
43,hombre,190.4,65.0,ligero,mantener,2241.2,168.1,224.1,74.7
33,mujer,190.4,100.0,ligero,mantener,2563.0,192.2,256.3,85.4
51,hombre,183.3,68.0,moderado,subir,2842.2,213.2,284.2,94.7
55,hombre,153.2,97.6,intenso,subir,3269.5,245.2,327.0,109.0
35,hombre,159.0,98.3,sedentario,bajar,1668.1,125.1,166.8,55.6
61,hombre,155.8,82.9,muy_intenso,bajar,2355.2,176.6,235.5,78.5
41,mujer,155.8,105.2,moderado,subir,2972.6,222.9,297.3,99.1
46,mujer,157.7,108.0,muy_intenso,subir,3581.8,268.6,358.2,119.4
41,hombre,151.0,108.3,muy_intenso,mantener,3470.8,260.3,347.1,115.7
53,hombre,183.0,88.7,intenso,subir,3454.5,259.1,345.5,115.2
55,mujer,163.9,88.9,muy_intenso,mantener,2807.0,210.5,280.7,93.6
63,hombre,177.3,68.7,ligero,subir,2442.0,183.2,244.2,81.4
49,mujer,174.9,55.3,sedentario,mantener,1488.1,111.6,148.8,49.6
52,hombre,156.0,90.7,moderado,subir,2921.8,219.1,292.2,97.4
33,hombre,157.8,52.2,sedentario,mantener,1617.9,121.3,161.8,53.9
50,hombre,150.2,107.2,muy_intenso,bajar,2854.9,214.1,285.5,95.2
36,mujer,191.5,74.0,moderado,bajar,1973.6,148.0,197.4,65.8
53,hombre,188.3,79.9,sedentario,mantener,2059.0,154.4,205.9,68.6
19,mujer,158.2,73.8,ligero,bajar,1522.3,114.2,152.2,50.7
60,mujer,160.0,95.0,muy_intenso,subir,3229.1,242.2,322.9,107.6
62,mujer,194.5,68.6,ligero,mantener,1967.1,147.5,196.7,65.6
22,mujer,162.2,105.2,sedentario,subir,2553.7,191.5,255.4,85.1
64,hombre,162.1,108.4,sedentario,bajar,1638.5,122.9,163.9,54.6
21,mujer,167.8,75.6,muy_intenso,bajar,2423.6,181.8,242.4,80.8
30,hombre,170.1,45.2,ligero,bajar,1383.9,103.8,138.4,46.1
62,mujer,185.7,75.0,sedentario,mantener,1727.5,129.6,172.8,57.6
29,mujer,173.1,100.8,intenso,bajar,2577.2,193.3,257.7,85.9
19,mujer,193.1,68.8,muy_intenso,bajar,2613.9,196.0,261.4,87.1
54,hombre,184.0,48.2,moderado,bajar,1618.8,121.4,161.9,54.0
51,mujer,180.1,89.5,ligero,mantener,2206.4,165.5,220.6,73.5
60,hombre,165.4,66.5,muy_intenso,bajar,2167.1,162.5,216.7,72.2
20,hombre,189.3,46.0,sedentario,subir,2257.8,169.3,225.8,75.3
32,mujer,187.7,71.2,muy_intenso,bajar,2471.8,185.4,247.2,82.4
51,hombre,172.3,83.3,sedentario,subir,2391.8,179.4,239.2,79.7
50,mujer,173.5,108.6,muy_intenso,mantener,3342.8,250.7,334.3,111.4
48,mujer,193.9,63.4,sedentario,bajar,1233.8,92.5,123.4,41.1
64,hombre,188.3,93.8,moderado,bajar,2289.8,171.7,229.0,76.3
37,hombre,173.3,106.4,moderado,bajar,2549.0,191.2,254.9,85.0
29,mujer,163.5,107.9,moderado,mantener,2782.1,208.7,278.2,92.7
24,hombre,174.1,103.3,ligero,bajar,2258.4,169.4,225.8,75.3
27,mujer,163.2,60.5,moderado,subir,2460.0,184.5,246.0,82.0
59,hombre,154.3,69.3,muy_intenso,mantener,2598.0,194.9,259.8,86.6
57,hombre,166.8,71.4,moderado,mantener,2288.6,171.6,228.9,76.3
59,hombre,176.5,66.9,intenso,subir,2956.7,221.7,295.7,98.6
20,hombre,167.0,100.9,moderado,subir,3434.5,257.6,343.5,114.5
38,hombre,173.9,91.7,intenso,bajar,2637.6,197.8,263.8,87.9
23,hombre,174.3,103.5,intenso,bajar,2974.8,223.1,297.5,99.2
46,hombre,154.5,78.0,moderado,bajar,1857.0,139.3,185.7,61.9
62,mujer,157.4,80.6,sedentario,mantener,1582.5,118.7,158.2,52.8
30,hombre,175.2,47.4,intenso,subir,2856.4,214.2,285.6,95.2
25,mujer,150.2,107.0,ligero,bajar,1868.8,140.2,186.9,62.3
22,mujer,187.3,94.0,sedentario,bajar,1707.5,128.1,170.8,56.9
57,hombre,178.7,54.3,intenso,subir,2780.3,208.5,278.0,92.7
58,mujer,156.1,78.7,ligero,subir,2203.5,165.3,220.3,73.4
34,hombre,150.9,98.1,intenso,subir,3434.5,257.6,343.4,114.5
42,hombre,188.5,52.6,sedentario,mantener,1799.0,134.9,179.9,60.0
22,mujer,177.6,81.5,moderado,mantener,2563.7,192.3,256.4,85.5
39,mujer,181.8,68.6,moderado,mantener,2272.7,170.5,227.3,75.8
26,hombre,156.6,99.4,intenso,subir,3587.4,269.1,358.7,119.6
28,mujer,177.9,46.0,sedentario,subir,1925.0,144.4,192.5,64.2
30,mujer,163.6,69.8,muy_intenso,subir,3078.0,230.9,307.8,102.6
35,hombre,156.6,48.2,sedentario,subir,1948.9,146.2,194.9,65.0
55,mujer,189.1,50.0,ligero,bajar,1213.1,91.0,121.3,40.4
41,hombre,187.7,73.9,moderado,mantener,2653.8,199.0,265.4,88.5
32,hombre,188.9,62.0,ligero,mantener,2262.7,169.7,226.3,75.4
26,mujer,168.9,90.8,moderado,bajar,2092.6,156.9,209.3,69.8
20,mujer,173.4,95.0,moderado,mantener,2747.8,206.1,274.8,91.6
21,hombre,156.3,75.9,moderado,bajar,2035.6,152.7,203.6,67.9
21,mujer,163.4,67.1,muy_intenso,bajar,2209.9,165.7,221.0,73.7
33,hombre,165.2,82.6,muy_intenso,subir,3627.1,272.0,362.7,120.9
60,mujer,166.7,57.8,muy_intenso,mantener,2201.9,165.1,220.2,73.4
25,mujer,175.1,70.2,intenso,subir,3005.4,225.4,300.5,100.2
50,hombre,178.3,57.3,moderado,subir,2635.7,197.7,263.6,87.9
50,mujer,174.8,69.1,ligero,mantener,1887.2,141.5,188.7,62.9
65,hombre,189.3,91.3,moderado,mantener,2753.0,206.5,275.3,91.8
20,mujer,177.1,71.2,ligero,mantener,2142.1,160.7,214.2,71.4
27,hombre,189.1,60.0,muy_intenso,mantener,3138.6,235.4,313.9,104.6
45,hombre,186.2,109.7,sedentario,mantener,2448.9,183.7,244.9,81.6
41,mujer,162.4,108.1,intenso,mantener,2984.2,223.8,298.4,99.5
42,hombre,178.7,74.9,muy_intenso,mantener,3155.7,236.7,315.6,105.2
46,mujer,163.0,105.0,ligero,bajar,1806.9,135.5,180.7,60.2
35,hombre,156.0,62.0,intenso,bajar,1958.1,146.9,195.8,65.3
18,hombre,176.5,102.9,intenso,bajar,3031.3,227.3,303.1,101.0
29,hombre,171.8,78.0,sedentario,subir,2456.5,184.2,245.7,81.9
40,mujer,186.2,84.2,sedentario,bajar,1473.7,110.5,147.4,49.1
42,mujer,157.4,79.1,sedentario,bajar,1200,90.0,120.0,40.0
26,hombre,175.0,98.0,ligero,bajar,2179.5,163.5,218.0,72.7
64,hombre,171.6,67.8,moderado,bajar,1725.0,129.4,172.5,57.5
55,mujer,182.9,64.9,ligero,bajar,1364.7,102.4,136.5,45.5
33,hombre,168.5,104.6,sedentario,mantener,2326.9,174.5,232.7,77.6
56,hombre,171.3,68.6,muy_intenso,bajar,2315.1,173.6,231.5,77.2
44,mujer,178.5,55.7,moderado,mantener,2002.0,150.2,200.2,66.7
62,hombre,156.2,65.9,ligero,bajar,1329.1,99.7,132.9,44.3
32,hombre,165.9,80.1,muy_intenso,subir,3597.5,269.8,359.7,119.9
29,mujer,163.1,51.3,intenso,mantener,2115.5,158.7,211.5,70.5
29,mujer,176.5,84.1,moderado,mantener,2539.1,190.4,253.9,84.6
34,mujer,176.6,70.5,muy_intenso,bajar,2307.7,173.1,230.8,76.9
46,hombre,165.1,64.1,muy_intenso,subir,3151.0,236.3,315.1,105.0
52,hombre,189.8,69.6,moderado,mantener,2522.2,189.2,252.2,84.1
60,hombre,161.5,55.8,moderado,bajar,1472.2,110.4,147.2,49.1
60,hombre,157.5,83.3,moderado,bajar,1859.7,139.5,186.0,62.0
45,hombre,176.2,82.4,moderado,mantener,2643.1,198.2,264.3,88.1
36,hombre,153.7,79.0,ligero,bajar,1666.5,125.0,166.6,55.5
51,hombre,170.7,46.7,sedentario,mantener,1540.6,115.5,154.1,51.4
23,hombre,178.2,106.7,moderado,mantener,3209.7,240.7,321.0,107.0
34,hombre,185.8,107.6,intenso,mantener,3574.6,268.1,357.5,119.2
61,hombre,167.4,72.7,moderado,mantener,2283.5,171.3,228.4,76.1
39,hombre,176.4,104.7,muy_intenso,subir,4123.0,309.2,412.3,137.4
19,hombre,183.7,72.4,moderado,bajar,2262.3,169.7,226.2,75.4
28,hombre,160.3,86.1,moderado,bajar,2178.2,163.4,217.8,72.6
33,hombre,161.6,81.4,sedentario,mantener,1996.8,149.8,199.7,66.6
53,hombre,154.7,101.0,muy_intenso,subir,3662.1,274.7,366.2,122.1
62,hombre,161.5,91.9,moderado,mantener,2516.2,188.7,251.6,83.9
25,hombre,161.2,51.7,intenso,bajar,1922.8,144.2,192.3,64.1
56,hombre,159.0,95.0,ligero,bajar,1794.5,134.6,179.5,59.8
28,mujer,152.4,74.6,muy_intenso,mantener,2655.2,199.1,265.5,88.5
40,mujer,171.2,72.8,muy_intenso,bajar,2230.3,167.3,223.0,74.3
43,mujer,156.7,100.7,intenso,subir,3177.9,238.3,317.8,105.9
57,hombre,176.1,106.3,moderado,subir,3319.6,249.0,332.0,110.7
44,mujer,174.4,55.0,ligero,mantener,1731.1,129.8,173.1,57.7
58,mujer,174.2,57.5,ligero,subir,2067.5,155.1,206.8,68.9
39,mujer,173.1,60.2,intenso,subir,2690.6,201.8,269.1,89.7
18,hombre,160.8,75.3,ligero,subir,2700.4,202.5,270.0,90.0
33,mujer,170.2,66.2,ligero,bajar,1424.7,106.8,142.5,47.5
62,hombre,173.3,80.2,sedentario,subir,2296.1,172.2,229.6,76.5
47,mujer,155.8,58.4,sedentario,subir,1794.1,134.6,179.4,59.8
40,hombre,184.6,109.3,intenso,mantener,3539.3,265.4,353.9,118.0
20,hombre,164.6,88.2,moderado,mantener,2814.4,211.1,281.4,93.8
18,mujer,189.3,51.6,ligero,mantener,1991.2,149.3,199.1,66.4
44,hombre,172.2,61.1,ligero,mantener,2024.3,151.8,202.4,67.5
28,hombre,158.0,79.4,intenso,subir,3240.2,243.0,324.0,108.0
58,hombre,187.0,78.1,sedentario,subir,2397.7,179.8,239.8,79.9
49,hombre,189.4,74.6,muy_intenso,mantener,3210.5,240.8,321.1,107.0
42,mujer,177.5,79.0,moderado,bajar,1869.0,140.2,186.9,62.3
40,mujer,192.7,57.9,intenso,subir,2853.6,214.0,285.4,95.1
41,hombre,183.3,49.6,sedentario,bajar,1230.0,92.2,123.0,41.0
39,hombre,151.3,65.9,sedentario,bajar,1200,90.0,120.0,40.0
58,hombre,174.3,58.0,sedentario,subir,2061.2,154.6,206.1,68.7
40,hombre,169.1,68.9,sedentario,subir,2261.1,169.6,226.1,75.4
63,mujer,186.4,87.4,sedentario,bajar,1375.6,103.2,137.6,45.9
41,mujer,164.8,55.8,muy_intenso,subir,2721.8,204.1,272.2,90.7
43,hombre,167.3,83.6,muy_intenso,bajar,2676.1,200.7,267.6,89.2
45,mujer,151.8,106.7,sedentario,subir,2355.7,176.7,235.6,78.5
44,hombre,193.0,106.5,muy_intenso,mantener,3906.9,293.0,390.7,130.2
35,hombre,154.9,80.3,ligero,subir,2601.5,195.1,260.2,86.7
25,mujer,186.6,82.4,moderado,mantener,2641.6,198.1,264.2,88.1
21,hombre,181.8,73.8,sedentario,bajar,1629.1,122.2,162.9,54.3
22,hombre,185.9,106.6,sedentario,subir,2947.4,221.1,294.7,98.2
56,mujer,181.8,100.6,intenso,bajar,2434.7,182.6,243.5,81.2
47,mujer,159.7,91.0,moderado,subir,2743.8,205.8,274.4,91.5
34,mujer,166.6,82.2,ligero,subir,2506.8,188.0,250.7,83.6
23,mujer,187.0,73.9,ligero,mantener,2243.7,168.3,224.4,74.8
38,mujer,167.2,100.5,muy_intenso,bajar,2728.1,204.6,272.8,90.9
53,hombre,185.4,80.2,muy_intenso,bajar,2731.4,204.9,273.1,91.0
56,hombre,151.8,49.6,muy_intenso,subir,2622.5,196.7,262.3,87.4
62,mujer,178.0,83.6,muy_intenso,subir,3207.2,240.5,320.7,106.9
59,mujer,170.5,101.5,intenso,mantener,2802.5,210.2,280.2,93.4
36,hombre,179.9,104.7,sedentario,bajar,1895.7,142.2,189.6,63.2
61,hombre,179.6,96.3,ligero,subir,2855.1,214.1,285.5,95.2
26,mujer,176.2,57.4,moderado,bajar,1645.6,123.4,164.6,54.9
22,mujer,184.8,61.6,muy_intenso,mantener,2850.0,213.8,285.0,95.0
64,hombre,194.1,86.4,ligero,subir,2822.9,211.7,282.3,94.1
37,hombre,177.2,68.6,muy_intenso,mantener,3065.6,229.9,306.6,102.2
43,hombre,152.5,51.5,ligero,subir,2129.9,159.7,213.0,71.0
56,mujer,164.1,89.7,intenso,mantener,2555.8,191.7,255.6,85.2
52,mujer,162.9,63.9,ligero,subir,2099.7,157.5,210.0,70.0
54,mujer,183.3,87.7,ligero,subir,2588.5,194.1,258.8,86.3
28,mujer,184.0,49.2,intenso,subir,2713.2,203.5,271.3,90.4
55,hombre,191.4,50.7,sedentario,mantener,1719.9,129.0,172.0,57.3
28,hombre,180.5,88.1,sedentario,bajar,1748.9,131.2,174.9,58.3
51,hombre,183.7,47.7,sedentario,subir,2050.1,153.8,205.0,68.3
63,mujer,186.9,106.0,intenso,mantener,3022.4,226.7,302.2,100.7
19,mujer,179.9,91.3,intenso,bajar,2572.9,193.0,257.3,85.8
65,mujer,164.7,82.9,intenso,mantener,2367.3,177.6,236.7,78.9
48,mujer,154.5,45.1,moderado,mantener,1574.2,118.1,157.4,52.5
36,hombre,188.3,62.0,muy_intenso,subir,3481.6,261.1,348.2,116.1
48,mujer,156.4,57.1,sedentario,subir,1777.0,133.3,177.7,59.2
22,hombre,167.6,53.8,ligero,bajar,1535.7,115.2,153.6,51.2
48,mujer,176.2,83.1,intenso,bajar,2141.4,160.6,214.1,71.4
54,mujer,161.6,103.5,intenso,bajar,2284.2,171.3,228.4,76.1
34,mujer,168.5,54.1,muy_intenso,subir,2799.9,210.0,280.0,93.3
26,mujer,175.2,67.3,intenso,mantener,2547.8,191.1,254.8,84.9
49,mujer,187.3,80.0,muy_intenso,bajar,2472.8,185.5,247.3,82.4
36,hombre,154.2,105.2,muy_intenso,mantener,3497.4,262.3,349.7,116.6
45,hombre,164.9,83.8,ligero,subir,2666.9,200.0,266.7,88.9
46,mujer,185.3,85.9,muy_intenso,bajar,2589.6,194.2,259.0,86.3
40,hombre,194.0,57.5,moderado,bajar,1968.4,147.6,196.8,65.6
32,mujer,174.4,92.9,muy_intenso,mantener,3226.2,242.0,322.6,107.5
22,mujer,182.7,48.5,muy_intenso,mantener,2576.2,193.2,257.6,85.9
57,hombre,187.4,68.2,intenso,bajar,2213.9,166.0,221.4,73.8
65,mujer,184.6,106.8,sedentario,subir,2482.9,186.2,248.3,82.8
53,mujer,190.6,85.7,moderado,mantener,2514.5,188.6,251.4,83.8
21,mujer,187.5,72.4,sedentario,mantener,1955.8,146.7,195.6,65.2
29,mujer,171.3,49.8,ligero,bajar,1236.1,92.7,123.6,41.2
25,hombre,168.2,53.9,moderado,mantener,2278.9,170.9,227.9,76.0
41,hombre,161.4,91.8,muy_intenso,bajar,2780.8,208.6,278.1,92.7
49,hombre,156.0,79.5,ligero,bajar,1603.8,120.3,160.4,53.5
26,hombre,164.1,54.6,muy_intenso,bajar,2248.6,168.6,224.9,75.0
42,hombre,171.5,59.2,intenso,mantener,2516.6,188.7,251.7,83.9
58,hombre,173.4,84.4,sedentario,mantener,1971.3,147.8,197.1,65.7
65,mujer,173.2,70.6,moderado,mantener,2018.9,151.4,201.9,67.3
25,hombre,165.4,107.8,moderado,subir,3487.2,261.5,348.7,116.2
60,mujer,161.5,88.6,sedentario,mantener,1721.2,129.1,172.1,57.4
18,hombre,151.8,58.3,intenso,bajar,1995.6,149.7,199.6,66.5
31,mujer,151.2,100.2,sedentario,mantener,1957.2,146.8,195.7,65.2
61,hombre,172.0,72.3,ligero,subir,2459.8,184.5,246.0,82.0
43,hombre,165.3,64.3,sedentario,bajar,1259.3,94.5,125.9,42.0
21,mujer,192.7,108.5,muy_intenso,mantener,3844.4,288.3,384.4,128.1
28,hombre,191.9,105.7,moderado,mantener,3288.1,246.6,328.8,109.6
48,mujer,152.8,81.6,moderado,bajar,1623.5,121.8,162.4,54.1
24,mujer,159.8,69.6,moderado,bajar,1691.3,126.8,169.1,56.4
26,mujer,178.8,47.8,moderado,subir,2422.0,181.6,242.2,80.7
60,mujer,188.3,91.4,intenso,subir,3211.5,240.9,321.2,107.1
18,hombre,178.3,85.5,intenso,bajar,2750.5,206.3,275.1,91.7
38,mujer,173.0,65.0,moderado,mantener,2139.4,160.5,213.9,71.3
64,mujer,166.1,58.3,muy_intenso,mantener,2166.2,162.5,216.6,72.2
21,hombre,176.6,60.3,moderado,mantener,2490.5,186.8,249.0,83.0
34,mujer,174.1,65.6,moderado,mantener,2190.3,164.3,219.0,73.0
63,mujer,183.5,73.3,ligero,bajar,1430.3,107.3,143.0,47.7
59,mujer,186.8,109.6,muy_intenso,bajar,2934.2,220.1,293.4,97.8
39,mujer,176.6,48.9,sedentario,mantener,1484.1,111.3,148.4,49.5
35,mujer,153.9,52.1,sedentario,mantener,1376.2,103.2,137.6,45.9
18,hombre,159.8,81.9,moderado,mantener,2685.8,201.4,268.6,89.5
21,mujer,185.8,62.5,intenso,subir,3022.4,226.7,302.2,100.7
31,hombre,190.9,77.3,intenso,mantener,3132.8,235.0,313.3,104.4
47,mujer,159.5,54.3,intenso,subir,2373.2,178.0,237.3,79.1
25,hombre,154.8,107.8,sedentario,subir,2710.6,203.3,271.1,90.4
63,hombre,154.4,85.9,ligero,bajar,1581.8,118.6,158.2,52.7
18,hombre,193.7,49.1,ligero,mantener,2222.9,166.7,222.3,74.1
22,hombre,157.1,53.2,sedentario,subir,2090.6,156.8,209.1,69.7
59,hombre,153.3,69.3,intenso,subir,2747.9,206.1,274.8,91.6
37,hombre,166.7,45.2,intenso,bajar,1766.4,132.5,176.6,58.9
51,hombre,162.3,74.2,sedentario,mantener,1807.6,135.6,180.8,60.3
40,hombre,153.5,81.4,moderado,mantener,2446.5,183.5,244.6,81.5
24,mujer,159.3,91.0,ligero,subir,2633.9,197.5,263.4,87.8
58,hombre,159.5,78.3,sedentario,mantener,1793.8,134.5,179.4,59.8
18,mujer,152.0,58.1,moderado,subir,2384.0,178.8,238.4,79.5
54,hombre,166.1,99.5,sedentario,mantener,2121.8,159.1,212.2,70.7
50,mujer,191.5,57.4,ligero,subir,2269.8,170.2,227.0,75.7
60,hombre,155.1,95.2,ligero,mantener,2236.3,167.7,223.6,74.5
23,hombre,170.6,98.0,moderado,subir,3401.2,255.1,340.1,113.4
43,mujer,157.7,105.4,ligero,bajar,1787.5,134.1,178.7,59.6
46,mujer,185.1,103.9,intenso,mantener,3113.4,233.5,311.3,103.8
38,hombre,151.6,53.8,muy_intenso,mantener,2470.9,185.3,247.1,82.4
37,mujer,183.1,77.1,ligero,mantener,2157.9,161.8,215.8,71.9
55,hombre,157.0,95.2,intenso,subir,3269.1,245.2,326.9,109.0
22,mujer,193.7,73.7,intenso,mantener,2892.2,216.9,289.2,96.4
29,hombre,178.2,89.3,ligero,mantener,2566.8,192.5,256.7,85.6
28,mujer,151.7,68.3,moderado,bajar,1561.7,117.1,156.2,52.1
25,hombre,187.7,75.2,intenso,bajar,2613.8,196.0,261.4,87.1
27,mujer,160.4,105.0,moderado,bajar,2222.6,166.7,222.3,74.1
36,hombre,194.2,89.5,sedentario,bajar,1820.5,136.5,182.1,60.7
64,hombre,184.7,50.6,muy_intenso,subir,2956.2,221.7,295.6,98.5
60,hombre,189.8,69.0,ligero,subir,2574.2,193.1,257.4,85.8
31,hombre,176.6,63.7,moderado,mantener,2465.7,184.9,246.6,82.2
44,mujer,187.8,77.0,sedentario,bajar,1375.3,103.1,137.5,45.8
61,mujer,157.0,85.4,moderado,mantener,2122.3,159.2,212.2,70.7
44,hombre,185.9,75.0,sedentario,bajar,1536.2,115.2,153.6,51.2
58,mujer,151.0,53.1,muy_intenso,mantener,1945.1,145.9,194.5,64.8
25,hombre,165.2,94.7,sedentario,mantener,2231.4,167.4,223.1,74.4
62,mujer,193.3,72.3,moderado,bajar,1763.2,132.2,176.3,58.8
28,hombre,191.2,93.6,muy_intenso,bajar,3292.4,246.9,329.2,109.7
49,mujer,156.3,105.3,muy_intenso,bajar,2585.4,193.9,258.5,86.2
27,hombre,183.7,60.6,intenso,mantener,2801.6,210.1,280.2,93.4
56,mujer,165.4,69.5,sedentario,subir,1945.3,145.9,194.5,64.8
43,mujer,151.3,82.7,moderado,bajar,1664.8,124.9,166.5,55.5
58,mujer,174.1,59.6,muy_intenso,mantener,2342.9,175.7,234.3,78.1
31,mujer,161.6,90.7,muy_intenso,bajar,2541.9,190.6,254.2,84.7
54,hombre,169.0,106.4,intenso,subir,3600.3,270.0,360.0,120.0
47,hombre,170.2,72.0,sedentario,bajar,1364.5,102.3,136.5,45.5
54,hombre,163.6,101.4,intenso,mantener,3055.8,229.2,305.6,101.9
30,hombre,193.2,109.7,moderado,mantener,3347.2,251.0,334.7,111.6
59,hombre,179.2,54.5,intenso,bajar,1871.9,140.4,187.2,62.4
45,hombre,170.8,109.6,ligero,mantener,2672.3,200.4,267.2,89.1
42,mujer,180.8,88.6,intenso,subir,3237.6,242.8,323.8,107.9
22,mujer,155.0,73.3,sedentario,mantener,1716.9,128.8,171.7,57.2
28,hombre,174.6,49.1,muy_intenso,mantener,2749.8,206.2,275.0,91.7
63,mujer,183.2,67.4,sedentario,subir,2011.6,150.9,201.2,67.1
44,hombre,171.5,63.7,ligero,mantener,2054.1,154.1,205.4,68.5
61,mujer,169.5,73.2,sedentario,mantener,1590.5,119.3,159.0,53.0
19,hombre,160.4,94.9,ligero,bajar,2059.6,154.5,206.0,68.7
53,mujer,168.5,83.0,sedentario,subir,2148.6,161.1,214.9,71.6
62,mujer,176.1,100.1,moderado,subir,2927.5,219.6,292.7,97.6
28,hombre,152.6,61.1,sedentario,bajar,1215.7,91.2,121.6,40.5
25,mujer,189.2,84.5,sedentario,subir,2489.8,186.7,249.0,83.0
35,mujer,194.7,55.4,muy_intenso,mantener,2726.3,204.5,272.6,90.9
45,hombre,156.2,61.3,intenso,mantener,2362.0,177.1,236.2,78.7
55,mujer,167.6,61.6,sedentario,subir,1873.0,140.5,187.3,62.4
60,hombre,173.4,104.6,intenso,subir,3564.9,267.4,356.5,118.8
44,mujer,193.4,78.0,muy_intenso,subir,3454.7,259.1,345.5,115.2
41,mujer,151.8,80.7,muy_intenso,mantener,2640.5,198.0,264.1,88.0
46,hombre,152.3,57.8,sedentario,mantener,1565.8,117.4,156.6,52.2
20,hombre,187.8,95.9,intenso,bajar,3015.1,226.1,301.5,100.5
36,hombre,154.1,72.6,sedentario,mantener,1817.0,136.3,181.7,60.6
51,mujer,156.2,100.9,moderado,subir,2832.3,212.4,283.2,94.4
22,mujer,161.3,50.3,moderado,mantener,1922.2,144.2,192.2,64.1
30,mujer,180.0,80.4,moderado,mantener,2507.9,188.1,250.8,83.6
42,mujer,194.9,105.5,intenso,subir,3681.2,276.1,368.1,122.7
41,hombre,168.4,47.3,moderado,bajar,1554.5,116.6,155.5,51.8
19,hombre,170.9,64.7,intenso,subir,3203.3,240.3,320.3,106.8
62,mujer,192.0,52.3,muy_intenso,subir,2778.8,208.4,277.9,92.6
38,mujer,184.7,89.3,muy_intenso,bajar,2723.1,204.2,272.3,90.8
26,hombre,176.5,66.5,moderado,mantener,2546.8,191.0,254.7,84.9
55,hombre,151.1,56.6,ligero,bajar,1205.5,90.4,120.6,40.2
24,mujer,179.4,90.1,intenso,mantener,3003.7,225.3,300.4,100.1
50,mujer,170.6,90.2,moderado,subir,2813.7,211.0,281.4,93.8
23,mujer,192.1,63.4,moderado,bajar,1915.9,143.7,191.6,63.9
22,hombre,179.8,68.5,sedentario,mantener,2044.5,153.3,204.5,68.2
65,mujer,155.1,45.5,muy_intenso,bajar,1282.9,96.2,128.3,42.8
24,hombre,188.1,73.6,sedentario,mantener,2155.9,161.7,215.6,71.9
40,mujer,183.8,78.0,sedentario,subir,2281.3,171.1,228.1,76.0
58,mujer,168.8,90.5,moderado,mantener,2339.0,175.4,233.9,78.0
53,mujer,153.0,95.5,ligero,bajar,1542.2,115.7,154.2,51.4
47,hombre,160.3,103.8,muy_intenso,mantener,3438.8,257.9,343.9,114.6
42,hombre,185.2,48.7,muy_intenso,subir,3135.0,235.1,313.5,104.5
23,hombre,169.7,51.0,moderado,bajar,1764.0,132.3,176.4,58.8
18,mujer,166.4,60.5,intenso,bajar,1904.7,142.8,190.5,63.5
60,mujer,160.0,77.2,muy_intenso,bajar,1990.9,149.3,199.1,66.4
23,hombre,185.9,98.7,intenso,subir,3917.1,293.8,391.7,130.6
30,mujer,190.6,102.0,moderado,bajar,2445.4,183.4,244.5,81.5
30,mujer,154.5,88.7,ligero,mantener,2119.7,159.0,212.0,70.7
48,hombre,150.8,60.6,moderado,subir,2435.9,182.7,243.6,81.2
22,hombre,164.8,61.4,ligero,bajar,1616.1,121.2,161.6,53.9
60,mujer,185.3,104.9,ligero,bajar,1900.9,142.6,190.1,63.4
35,mujer,167.5,85.3,muy_intenso,bajar,2471.4,185.4,247.1,82.4
61,hombre,182.0,79.3,muy_intenso,subir,3497.9,262.3,349.8,116.6
30,hombre,168.6,109.2,ligero,subir,3151.0,236.3,315.1,105.0
46,mujer,187.8,56.9,moderado,mantener,2095.2,157.1,209.5,69.8
29,mujer,160.5,102.4,ligero,subir,2766.5,207.5,276.7,92.2
29,hombre,159.6,89.5,sedentario,bajar,1603.0,120.2,160.3,53.4
21,hombre,163.9,93.2,moderado,mantener,2877.4,215.8,287.7,95.9
42,mujer,156.2,102.6,moderado,subir,2928.4,219.6,292.8,97.6
18,mujer,162.6,45.4,sedentario,subir,1863.1,139.7,186.3,62.1
33,hombre,167.8,57.0,moderado,bajar,1761.1,132.1,176.1,58.7
56,hombre,192.3,57.1,sedentario,bajar,1297.5,97.3,129.7,43.2
48,mujer,169.4,84.4,ligero,mantener,2064.9,154.9,206.5,68.8
18,hombre,186.8,101.2,sedentario,mantener,2513.4,188.5,251.3,83.8
43,hombre,155.3,49.7,muy_intenso,subir,2789.5,209.2,278.9,93.0
54,hombre,189.7,74.2,sedentario,mantener,1995.1,149.6,199.5,66.5
57,mujer,187.9,63.6,ligero,mantener,1876.0,140.7,187.6,62.5
37,hombre,152.2,109.8,intenso,subir,3624.5,271.8,362.4,120.8
53,hombre,183.8,90.3,moderado,bajar,2277.2,170.8,227.7,75.9
63,mujer,181.4,59.5,intenso,mantener,2161.0,162.1,216.1,72.0
47,mujer,184.7,70.7,sedentario,mantener,1758.5,131.9,175.8,58.6
47,mujer,186.2,62.6,muy_intenso,subir,3048.1,228.6,304.8,101.6
37,hombre,162.7,96.1,sedentario,subir,2557.4,191.8,255.7,85.2
20,mujer,160.2,108.2,intenso,bajar,2643.4,198.3,264.3,88.1
39,hombre,171.1,103.4,sedentario,bajar,1796.0,134.7,179.6,59.9
38,hombre,151.8,64.6,sedentario,bajar,1200,90.0,120.0,40.0
24,hombre,183.4,65.0,ligero,subir,2711.7,203.4,271.2,90.4
61,mujer,177.2,86.7,muy_intenso,subir,3266.2,245.0,326.6,108.9
19,mujer,184.7,73.9,muy_intenso,subir,3511.0,263.3,351.1,117.0
44,hombre,170.9,72.8,intenso,mantener,2727.4,204.6,272.7,90.9
43,mujer,158.4,79.9,ligero,mantener,1942.9,145.7,194.3,64.8
50,mujer,157.4,82.6,sedentario,subir,2078.5,155.9,207.9,69.3
20,mujer,190.2,68.3,moderado,bajar,1996.7,149.7,199.7,66.6
54,mujer,184.7,77.2,muy_intenso,bajar,2341.2,175.6,234.1,78.0
48,hombre,175.6,73.2,muy_intenso,bajar,2529.5,189.7,253.0,84.3
62,hombre,157.3,47.9,sedentario,subir,1788.5,134.1,178.9,59.6
47,mujer,177.8,91.5,intenso,subir,3212.2,240.9,321.2,107.1
44,mujer,177.6,102.4,sedentario,bajar,1603.6,120.3,160.4,53.5
20,hombre,160.0,101.2,sedentario,bajar,1800.4,135.0,180.0,60.0
51,mujer,173.6,66.5,muy_intenso,subir,2934.6,220.1,293.5,97.8
44,hombre,185.3,91.1,moderado,mantener,2873.9,215.5,287.4,95.8
21,mujer,167.8,98.4,sedentario,bajar,1620.1,121.5,162.0,54.0
42,hombre,174.9,99.4,moderado,mantener,2917.3,218.8,291.7,97.2
32,hombre,189.3,60.1,moderado,bajar,2025.1,151.9,202.5,67.5
31,hombre,175.9,108.7,muy_intenso,bajar,3369.1,252.7,336.9,112.3
52,hombre,165.7,61.5,intenso,bajar,1907.5,143.1,190.7,63.6
45,mujer,156.8,80.1,sedentario,mantener,1674.0,125.5,167.4,55.8
40,mujer,188.5,83.0,sedentario,mantener,1976.5,148.2,197.7,65.9
25,hombre,154.3,108.5,intenso,subir,3728.2,279.6,372.8,124.3
64,hombre,181.5,105.2,intenso,bajar,2728.1,204.6,272.8,90.9
60,hombre,171.1,45.3,muy_intenso,bajar,1832.0,137.4,183.2,61.1
64,mujer,156.5,83.5,ligero,bajar,1331.7,99.9,133.2,44.4
23,mujer,193.8,99.6,ligero,subir,3055.5,229.2,305.5,101.8
63,mujer,153.4,96.8,ligero,subir,2394.8,179.6,239.5,79.8
39,hombre,176.8,84.7,ligero,bajar,1922.8,144.2,192.3,64.1
60,mujer,174.8,69.9,muy_intenso,bajar,2027.9,152.1,202.8,67.6
26,hombre,182.7,68.1,intenso,subir,3328.8,249.7,332.9,111.0
42,hombre,154.9,48.6,muy_intenso,bajar,1873.3,140.5,187.3,62.4
26,hombre,164.9,77.9,muy_intenso,bajar,2700.8,202.6,270.1,90.0
55,hombre,188.5,64.1,ligero,bajar,1630.0,122.3,163.0,54.3
45,hombre,168.6,56.6,intenso,bajar,1914.6,143.6,191.5,63.8
40,mujer,153.3,79.6,intenso,subir,2803.1,210.2,280.3,93.4
55,hombre,194.5,93.4,ligero,subir,2984.5,223.8,298.4,99.5
24,hombre,157.7,70.0,ligero,subir,2559.6,192.0,256.0,85.3
47,hombre,154.0,59.2,intenso,mantener,2284.8,171.4,228.5,76.2
64,hombre,178.4,101.9,sedentario,bajar,1682.8,126.2,168.3,56.1
63,mujer,156.1,62.4,muy_intenso,bajar,1634.9,122.6,163.5,54.5
36,mujer,188.4,47.1,ligero,bajar,1297.8,97.3,129.8,43.3
37,mujer,183.4,50.6,moderado,subir,2424.7,181.9,242.5,80.8
45,hombre,151.2,72.2,muy_intenso,mantener,2749.3,206.2,274.9,91.6
52,mujer,153.0,46.5,moderado,bajar,1200,90.0,120.0,40.0
37,hombre,193.9,68.0,ligero,subir,2753.8,206.5,275.4,91.8
50,hombre,175.3,62.5,ligero,mantener,2029.0,152.2,202.9,67.6
45,hombre,175.8,78.6,sedentario,bajar,1497.7,112.3,149.8,49.9
58,hombre,151.7,105.5,sedentario,mantener,2061.8,154.6,206.2,68.7
64,hombre,156.4,61.5,moderado,subir,2380.1,178.5,238.0,79.3
47,hombre,168.9,102.7,ligero,bajar,2047.4,153.6,204.7,68.2
43,mujer,159.6,103.2,intenso,bajar,2352.3,176.4,235.2,78.4
21,mujer,185.9,88.6,ligero,mantener,2450.1,183.8,245.0,81.7
57,mujer,164.1,52.7,ligero,mantener,1521.6,114.1,152.2,50.7
53,mujer,168.6,95.5,intenso,bajar,2230.2,167.3,223.0,74.3
20,hombre,150.9,88.6,muy_intenso,subir,3694.8,277.1,369.5,123.2
18,mujer,194.5,84.2,intenso,subir,3516.4,263.7,351.6,117.2
52,mujer,185.7,78.8,ligero,mantener,2100.5,157.5,210.0,70.0
21,mujer,167.4,74.1,muy_intenso,mantener,2890.4,216.8,289.0,96.3
30,hombre,169.9,94.5,ligero,subir,2960.1,222.0,296.0,98.7
38,hombre,174.9,47.5,ligero,subir,2301.8,172.6,230.2,76.7
34,mujer,150.7,63.1,sedentario,mantener,1490.2,111.8,149.0,49.7
33,mujer,150.7,70.1,muy_intenso,mantener,2502.1,187.7,250.2,83.4
50,mujer,170.2,83.6,ligero,mantener,2047.0,153.5,204.7,68.2
23,hombre,183.4,56.4,moderado,bajar,1980.4,148.5,198.0,66.0
57,hombre,156.8,109.5,sedentario,bajar,1654.0,124.0,165.4,55.1
45,mujer,157.4,82.0,muy_intenso,mantener,2693.7,202.0,269.4,89.8
33,mujer,157.1,83.8,intenso,mantener,2576.9,193.3,257.7,85.9
22,hombre,171.8,50.3,sedentario,subir,2166.1,162.5,216.6,72.2
32,mujer,154.8,86.6,muy_intenso,mantener,2873.8,215.5,287.4,95.8
25,hombre,159.5,74.4,ligero,bajar,1728.7,129.7,172.9,57.6
51,hombre,163.8,71.7,ligero,mantener,2049.8,153.7,205.0,68.3
49,mujer,167.0,84.6,ligero,bajar,1540.2,115.5,154.0,51.3
39,hombre,189.4,75.3,moderado,subir,3107.5,233.1,310.7,103.6
39,hombre,163.0,91.7,muy_intenso,mantener,3316.9,248.8,331.7,110.6
62,hombre,192.3,70.9,sedentario,subir,2327.1,174.5,232.7,77.6
30,hombre,176.7,102.1,intenso,subir,3816.1,286.2,381.6,127.2
24,hombre,183.0,80.2,muy_intenso,bajar,2978.4,223.4,297.8,99.3
55,hombre,163.7,88.2,sedentario,subir,2362.1,177.2,236.2,78.7
19,hombre,189.7,80.3,sedentario,mantener,2278.3,170.9,227.8,75.9
35,hombre,152.7,45.4,intenso,mantener,2136.2,160.2,213.6,71.2
54,mujer,154.7,106.2,sedentario,bajar,1417.4,106.3,141.7,47.2
57,mujer,169.6,53.3,moderado,bajar,1277.9,95.8,127.8,42.6
25,hombre,178.4,79.8,sedentario,mantener,2151.6,161.4,215.2,71.7
56,hombre,171.9,109.8,intenso,mantener,3273.0,245.5,327.3,109.1
54,mujer,190.1,95.3,ligero,subir,2751.4,206.4,275.1,91.7
30,hombre,158.9,102.7,muy_intenso,bajar,3062.7,229.7,306.3,102.1
26,mujer,166.0,77.5,intenso,bajar,2124.6,159.3,212.5,70.8
47,hombre,176.4,85.0,ligero,mantener,2368.4,177.6,236.8,78.9
50,mujer,151.2,45.1,ligero,mantener,1354.4,101.6,135.4,45.1
49,hombre,194.7,71.0,muy_intenso,mantener,3205.1,240.4,320.5,106.8
18,hombre,164.2,61.1,muy_intenso,mantener,2949.3,221.2,294.9,98.3
46,hombre,160.1,79.9,ligero,subir,2565.1,192.4,256.5,85.5
34,hombre,166.5,104.1,muy_intenso,mantener,3641.6,273.1,364.2,121.4
18,hombre,159.9,62.3,intenso,mantener,2652.0,198.9,265.2,88.4
22,hombre,168.8,68.1,moderado,bajar,2028.1,152.1,202.8,67.6
40,mujer,173.9,72.8,sedentario,mantener,1744.6,130.8,174.5,58.2
55,mujer,186.7,99.1,sedentario,mantener,2066.2,155.0,206.6,68.9
23,hombre,185.7,85.8,intenso,subir,3692.4,276.9,369.2,123.1
57,mujer,159.2,69.5,muy_intenso,bajar,1863.6,139.8,186.4,62.1
63,mujer,157.6,52.4,intenso,bajar,1281.9,96.1,128.2,42.7
28,hombre,158.9,51.1,muy_intenso,mantener,2601.3,195.1,260.1,86.7
47,hombre,188.4,69.5,muy_intenso,subir,3520.8,264.1,352.1,117.4
29,mujer,176.9,66.9,muy_intenso,subir,3190.4,239.3,319.0,106.3
63,hombre,170.6,67.8,sedentario,mantener,1721.1,129.1,172.1,57.4
50,mujer,152.5,54.2,ligero,subir,1890.7,141.8,189.1,63.0
55,mujer,160.1,55.3,ligero,mantener,1536.7,115.3,153.7,51.2
64,hombre,172.5,88.1,intenso,mantener,2836.1,212.7,283.6,94.5
62,mujer,189.5,62.7,sedentario,bajar,1200,90.0,120.0,40.0
36,hombre,190.1,100.5,intenso,bajar,2981.3,223.6,298.1,99.4
24,mujer,159.4,56.3,ligero,subir,2157.6,161.8,215.8,71.9
37,hombre,166.8,77.4,ligero,bajar,1750.2,131.3,175.0,58.3
52,hombre,175.4,95.6,intenso,subir,3500.3,262.5,350.0,116.7
46,mujer,163.5,45.6,sedentario,subir,1704.2,127.8,170.4,56.8
18,hombre,165.3,73.9,muy_intenso,subir,3605.5,270.4,360.6,120.2
62,hombre,177.8,85.3,moderado,mantener,2571.8,192.9,257.2,85.7
53,hombre,152.5,49.6,ligero,mantener,1635.0,122.6,163.5,54.5
26,mujer,184.5,62.6,muy_intenso,bajar,2327.4,174.6,232.7,77.6
39,mujer,192.2,81.9,sedentario,bajar,1497.1,112.3,149.7,49.9
58,mujer,168.1,101.8,moderado,bajar,2007.3,150.5,200.7,66.9
61,mujer,187.9,78.4,sedentario,bajar,1290.8,96.8,129.1,43.0
29,mujer,177.9,55.8,ligero,subir,2275.3,170.6,227.5,75.8
58,mujer,189.9,90.7,ligero,mantener,2259.0,169.4,225.9,75.3
57,hombre,187.5,108.6,intenso,mantener,3411.8,255.9,341.2,113.7
18,mujer,192.1,102.6,muy_intenso,bajar,3253.7,244.0,325.4,108.5
21,hombre,186.3,96.9,moderado,bajar,2651.7,198.9,265.2,88.4
19,hombre,158.8,77.2,moderado,subir,2995.5,224.7,299.5,99.8
61,hombre,169.8,48.5,ligero,subir,2113.6,158.5,211.4,70.5
37,hombre,191.6,86.0,sedentario,bajar,1753.0,131.5,175.3,58.4
60,mujer,160.3,99.5,ligero,mantener,2111.8,158.4,211.2,70.4
22,hombre,160.3,85.1,sedentario,bajar,1597.4,119.8,159.7,53.2
33,mujer,192.2,58.7,moderado,bajar,1766.5,132.5,176.6,58.9
23,hombre,178.9,69.3,moderado,bajar,2136.7,160.3,213.7,71.2
62,hombre,177.8,88.2,moderado,bajar,2116.8,158.8,211.7,70.6
22,hombre,152.3,108.1,ligero,subir,3050.8,228.8,305.1,101.7
40,hombre,155.4,97.8,moderado,bajar,2219.1,166.4,221.9,74.0
36,mujer,157.4,56.7,intenso,subir,2486.8,186.5,248.7,82.9
50,mujer,158.9,57.7,sedentario,mantener,1391.0,104.3,139.1,46.4
58,hombre,180.6,65.8,sedentario,subir,2202.1,165.2,220.2,73.4
35,mujer,173.2,69.6,muy_intenso,bajar,2240.8,168.1,224.1,74.7
56,mujer,193.8,65.1,moderado,bajar,1702.9,127.7,170.3,56.8
19,hombre,153.4,51.8,intenso,bajar,1892.1,141.9,189.2,63.1
55,mujer,190.6,69.4,sedentario,mantener,1739.1,130.4,173.9,58.0
34,hombre,153.9,97.9,sedentario,bajar,1631.0,122.3,163.1,54.4
57,mujer,184.1,88.6,sedentario,mantener,1908.8,143.2,190.9,63.6
41,mujer,160.8,99.8,ligero,subir,2650.9,198.8,265.1,88.4
40,hombre,162.1,98.5,muy_intenso,mantener,3425.9,256.9,342.6,114.2
62,mujer,184.0,59.1,ligero,subir,2146.2,161.0,214.6,71.5
18,hombre,188.8,100.6,muy_intenso,subir,4391.9,329.4,439.2,146.4
52,mujer,156.3,87.9,intenso,bajar,1975.2,148.1,197.5,65.8
43,hombre,153.5,57.1,ligero,mantener,1815.5,136.2,181.6,60.5
31,hombre,160.0,61.8,moderado,subir,2675.4,200.7,267.5,89.2
45,hombre,153.2,85.1,ligero,subir,2584.2,193.8,258.4,86.1
41,hombre,150.7,73.2,muy_intenso,bajar,2300.4,172.5,230.0,76.7
56,hombre,185.2,57.1,sedentario,mantener,1744.2,130.8,174.4,58.1
54,mujer,153.7,92.4,intenso,mantener,2507.5,188.1,250.8,83.6
56,hombre,153.6,98.0,ligero,subir,2689.4,201.7,268.9,89.6
62,hombre,187.6,107.9,intenso,subir,3757.7,281.8,375.8,125.3
26,mujer,191.2,64.8,muy_intenso,bajar,2448.8,183.7,244.9,81.6
20,mujer,179.1,99.8,muy_intenso,bajar,3027.1,227.0,302.7,100.9
53,mujer,156.4,86.0,sedentario,subir,2093.8,157.0,209.4,69.8
51,mujer,189.7,106.2,muy_intenso,bajar,2980.1,223.5,298.0,99.3
40,mujer,159.0,89.5,ligero,mantener,2100.7,157.5,210.1,70.0
38,hombre,164.5,66.4,muy_intenso,mantener,2863.5,214.8,286.4,95.5
47,mujer,186.0,45.9,intenso,mantener,2114.0,158.5,211.4,70.5
29,hombre,188.7,49.5,ligero,subir,2509.8,188.2,251.0,83.7
34,hombre,182.5,84.7,sedentario,mantener,2187.2,164.0,218.7,72.9
61,mujer,177.2,97.6,moderado,bajar,2007.1,150.5,200.7,66.9
32,hombre,167.4,63.7,moderado,bajar,1868.8,140.2,186.9,62.3
19,mujer,173.1,104.8,moderado,subir,3304.5,247.8,330.5,110.2
31,hombre,181.1,85.5,muy_intenso,bajar,2990.1,224.3,299.0,99.7
39,mujer,186.5,82.3,sedentario,subir,2359.1,176.9,235.9,78.6
51,hombre,161.8,82.5,ligero,subir,2581.1,193.6,258.1,86.0
52,mujer,175.8,45.1,ligero,subir,1952.0,146.4,195.2,65.1
51,hombre,186.5,71.4,ligero,mantener,2240.7,168.1,224.1,74.7
46,mujer,157.4,85.2,intenso,bajar,1992.2,149.4,199.2,66.4
44,mujer,186.1,96.9,muy_intenso,bajar,2827.1,212.0,282.7,94.2
59,mujer,172.8,86.7,ligero,bajar,1550.1,116.3,155.0,51.7
62,mujer,165.5,101.5,ligero,bajar,1670.3,125.3,167.0,55.7
24,mujer,168.3,68.0,muy_intenso,subir,3156.7,236.7,315.7,105.2
63,mujer,153.7,109.6,ligero,bajar,1673.4,125.5,167.3,55.8
47,mujer,173.6,106.1,intenso,subir,3418.8,256.4,341.9,114.0
20,mujer,166.0,49.9,muy_intenso,bajar,1923.4,144.3,192.3,64.1
18,mujer,188.6,90.6,intenso,mantener,3163.2,237.2,316.3,105.4
53,mujer,162.6,97.6,intenso,mantener,2701.8,202.6,270.2,90.1
45,hombre,173.8,67.4,ligero,bajar,1617.8,121.3,161.8,53.9
51,hombre,153.0,66.6,moderado,mantener,2127.0,159.5,212.7,70.9
32,mujer,191.0,84.0,sedentario,bajar,1555.3,116.6,155.5,51.8
62,mujer,177.6,67.4,ligero,bajar,1305.4,97.9,130.5,43.5
31,hombre,163.3,70.4,ligero,subir,2565.1,192.4,256.5,85.5
37,hombre,157.1,104.0,intenso,subir,3577.2,268.3,357.7,119.2
62,hombre,165.3,68.1,sedentario,mantener,1691.0,126.8,169.1,56.4
30,hombre,165.4,56.9,moderado,bajar,1759.5,132.0,176.0,58.7
48,mujer,163.6,56.3,sedentario,mantener,1421.4,106.6,142.1,47.4
60,hombre,150.3,49.1,moderado,subir,2159.8,162.0,216.0,72.0
53,mujer,172.0,77.7,ligero,subir,2360.8,177.1,236.1,78.7
56,hombre,168.0,83.3,moderado,mantener,2492.4,186.9,249.2,83.1
28,hombre,189.6,90.4,moderado,bajar,2528.7,189.7,252.9,84.3
55,hombre,153.1,61.1,moderado,bajar,1511.7,113.4,151.2,50.4
48,mujer,170.5,60.8,ligero,subir,2149.9,161.2,215.0,71.7
28,hombre,175.6,80.6,muy_intenso,mantener,3360.1,252.0,336.0,112.0
26,hombre,179.4,103.7,moderado,subir,3551.5,266.4,355.2,118.4
19,hombre,183.6,73.1,moderado,mantener,2772.2,207.9,277.2,92.4
64,hombre,190.8,110.0,muy_intenso,mantener,3757.2,281.8,375.7,125.2
31,mujer,170.9,99.5,ligero,bajar,1902.3,142.7,190.2,63.4
53,mujer,188.9,93.6,moderado,mantener,2620.5,196.5,262.0,87.3
48,hombre,160.7,81.2,muy_intenso,subir,3404.6,255.3,340.5,113.5
47,mujer,169.4,102.5,muy_intenso,mantener,3206.7,240.5,320.7,106.9
59,hombre,187.2,69.9,ligero,mantener,2171.1,162.8,217.1,72.4
19,hombre,154.2,89.4,moderado,subir,3140.0,235.5,314.0,104.7
31,hombre,165.4,55.8,sedentario,mantener,1730.1,129.8,173.0,57.7
30,hombre,158.4,85.2,moderado,bajar,2130.3,159.8,213.0,71.0
27,mujer,159.2,91.8,moderado,bajar,2006.3,150.5,200.6,66.9
19,hombre,156.0,72.9,intenso,mantener,2784.2,208.8,278.4,92.8
48,mujer,174.6,76.7,sedentario,mantener,1748.7,131.2,174.9,58.3
36,mujer,194.2,74.1,moderado,bajar,2001.3,150.1,200.1,66.7
41,mujer,186.4,57.7,moderado,mantener,2132.8,160.0,213.3,71.1
22,hombre,168.0,51.3,sedentario,mantener,1749.6,131.2,175.0,58.3
45,hombre,170.2,98.8,moderado,mantener,2839.2,212.9,283.9,94.6
27,mujer,151.6,64.3,sedentario,subir,1953.4,146.5,195.3,65.1
44,mujer,180.4,58.9,intenso,bajar,1803.7,135.3,180.4,60.1
61,hombre,156.3,65.1,ligero,mantener,1825.8,136.9,182.6,60.9
21,mujer,157.9,63.4,intenso,subir,2737.2,205.3,273.7,91.2
47,mujer,166.0,101.9,muy_intenso,subir,3554.9,266.6,355.5,118.5
61,hombre,179.6,96.7,ligero,subir,2860.6,214.5,286.1,95.4
62,mujer,184.0,91.7,intenso,bajar,2253.1,169.0,225.3,75.1
44,mujer,179.3,83.6,muy_intenso,bajar,2493.7,187.0,249.4,83.1
49,hombre,161.1,60.2,muy_intenso,bajar,2100.9,157.6,210.1,70.0
36,hombre,191.6,79.0,ligero,mantener,2492.2,186.9,249.2,83.1
25,mujer,158.5,93.1,intenso,mantener,2821.5,211.6,282.1,94.0
32,hombre,174.2,53.5,moderado,bajar,1776.6,133.2,177.7,59.2
28,mujer,187.3,72.5,moderado,bajar,1971.7,147.9,197.2,65.7
45,mujer,153.5,94.9,moderado,mantener,2359.7,177.0,236.0,78.7
64,mujer,155.1,72.6,moderado,mantener,1882.3,141.2,188.2,62.7
41,hombre,159.1,90.9,ligero,subir,2742.1,205.7,274.2,91.4
52,hombre,191.3,89.5,moderado,bajar,2345.2,175.9,234.5,78.2
20,hombre,162.7,48.0,ligero,subir,2327.6,174.6,232.8,77.6
57,hombre,165.0,66.7,ligero,bajar,1450.1,108.8,145.0,48.3
32,hombre,169.6,48.4,muy_intenso,mantener,2639.1,197.9,263.9,88.0
19,hombre,179.8,87.6,muy_intenso,subir,4028.5,302.1,402.9,134.3
62,mujer,181.2,108.3,muy_intenso,bajar,2814.5,211.1,281.5,93.8
29,hombre,157.2,101.7,moderado,subir,3282.2,246.2,328.2,109.4
29,hombre,166.6,106.8,sedentario,mantener,2363.1,177.2,236.3,78.8
21,hombre,187.5,91.1,moderado,bajar,2573.5,193.0,257.3,85.8
58,mujer,193.3,46.6,intenso,bajar,1609.9,120.7,161.0,53.7
57,hombre,152.2,68.2,moderado,bajar,1597.5,119.8,159.8,53.3
20,hombre,173.2,93.7,ligero,bajar,2146.2,161.0,214.6,71.5
53,hombre,150.8,99.9,muy_intenso,bajar,2694.8,202.1,269.5,89.8
38,mujer,192.2,69.6,ligero,subir,2526.1,189.5,252.6,84.2
46,hombre,166.0,109.5,sedentario,subir,2689.0,201.7,268.9,89.6
44,hombre,189.1,104.8,intenso,mantener,3475.7,260.7,347.6,115.9
40,hombre,155.1,100.9,moderado,subir,3164.2,237.3,316.4,105.5
37,mujer,186.2,46.6,muy_intenso,subir,2839.1,212.9,283.9,94.6
50,hombre,183.4,78.4,moderado,subir,3012.1,225.9,301.2,100.4
41,mujer,188.6,68.1,muy_intenso,mantener,2838.1,212.9,283.8,94.6
59,mujer,160.9,98.6,moderado,bajar,1880.2,141.0,188.0,62.7
25,mujer,158.4,80.0,intenso,mantener,2594.4,194.6,259.4,86.5
31,hombre,186.1,80.4,sedentario,subir,2580.5,193.5,258.1,86.0
47,hombre,163.2,67.9,sedentario,bajar,1262.8,94.7,126.3,42.1
26,hombre,174.4,107.7,sedentario,subir,2850.4,213.8,285.0,95.0
25,hombre,176.5,64.4,muy_intenso,mantener,3091.5,231.9,309.2,103.1
49,hombre,183.5,96.1,moderado,mantener,2895.2,217.1,289.5,96.5
42,mujer,165.6,65.6,intenso,mantener,2277.0,170.8,227.7,75.9
41,hombre,193.3,54.6,moderado,bajar,1908.9,143.2,190.9,63.6
43,hombre,159.1,91.5,ligero,bajar,1836.6,137.7,183.7,61.2
39,hombre,178.8,64.2,moderado,bajar,1932.7,145.0,193.3,64.4
51,hombre,157.6,57.5,intenso,subir,2659.8,199.5,266.0,88.7
30,mujer,154.3,45.6,intenso,subir,2313.7,173.5,231.4,77.1
19,mujer,168.6,61.2,moderado,bajar,1685.1,126.4,168.5,56.2
42,hombre,174.1,69.6,ligero,mantener,2171.3,162.8,217.1,72.4
35,mujer,155.8,82.7,ligero,subir,2414.0,181.1,241.4,80.5
57,hombre,184.4,73.0,ligero,subir,2603.4,195.3,260.3,86.8
51,mujer,183.6,50.1,sedentario,bajar,1200,90.0,120.0,40.0
24,mujer,185.8,75.5,ligero,mantener,2248.5,168.6,224.8,74.9
28,mujer,187.1,77.2,intenso,mantener,2829.6,212.2,283.0,94.3
18,mujer,166.5,56.4,sedentario,mantener,1624.3,121.8,162.4,54.1
62,hombre,159.2,89.4,sedentario,subir,2300.8,172.6,230.1,76.7
41,mujer,181.3,69.6,ligero,subir,2411.8,180.9,241.2,80.4
42,hombre,170.1,73.6,intenso,bajar,2249.9,168.7,225.0,75.0
55,hombre,174.4,83.6,moderado,subir,2966.8,222.5,296.7,98.9
51,mujer,160.3,95.4,intenso,mantener,2656.3,199.2,265.6,88.5
60,mujer,182.6,109.7,ligero,bajar,1943.7,145.8,194.4,64.8
42,hombre,190.9,45.0,sedentario,subir,2125.8,159.4,212.6,70.9
38,mujer,162.6,52.5,muy_intenso,mantener,2261.5,169.6,226.1,75.4
32,hombre,167.7,74.8,sedentario,bajar,1469.3,110.2,146.9,49.0
22,mujer,154.4,78.5,muy_intenso,mantener,2810.1,210.8,281.0,93.7
21,mujer,164.5,59.2,ligero,bajar,1361.9,102.1,136.2,45.4
53,mujer,170.5,70.1,intenso,subir,2712.6,203.4,271.3,90.4
26,hombre,169.3,89.3,sedentario,mantener,2191.3,164.4,219.1,73.0
30,hombre,188.8,91.4,intenso,bajar,2862.0,214.7,286.2,95.4
55,mujer,178.4,107.5,muy_intenso,bajar,2832.6,212.4,283.3,94.4
64,hombre,176.5,85.5,sedentario,mantener,1971.8,147.9,197.2,65.7
27,hombre,180.7,89.9,muy_intenso,bajar,3106.9,233.0,310.7,103.6
37,hombre,155.0,58.9,muy_intenso,subir,3017.7,226.3,301.8,100.6
63,mujer,181.1,85.0,ligero,bajar,1570.6,117.8,157.1,52.4
39,mujer,161.3,57.7,moderado,mantener,1905.1,142.9,190.5,63.5
65,hombre,151.9,87.7,moderado,mantener,2334.9,175.1,233.5,77.8
54,mujer,185.1,83.5,sedentario,mantener,1873.0,140.5,187.3,62.4
44,mujer,174.8,58.1,ligero,mantener,1777.2,133.3,177.7,59.2
46,hombre,155.8,45.3,intenso,mantener,2073.0,155.5,207.3,69.1
42,mujer,160.1,92.7,muy_intenso,bajar,2457.6,184.3,245.8,81.9
26,hombre,190.1,60.4,muy_intenso,mantener,3167.5,237.6,316.8,105.6
48,hombre,170.4,67.1,ligero,bajar,1563.9,117.3,156.4,52.1
35,mujer,171.9,97.9,ligero,subir,2761.4,207.1,276.1,92.0
58,hombre,165.0,54.6,ligero,mantener,1776.8,133.3,177.7,59.2
40,mujer,153.5,66.9,ligero,mantener,1742.6,130.7,174.3,58.1
44,mujer,157.8,92.7,intenso,bajar,2143.1,160.7,214.3,71.4
59,hombre,155.9,103.6,sedentario,mantener,2064.4,154.8,206.4,68.8
29,hombre,172.6,108.8,moderado,bajar,2641.5,198.1,264.1,88.0
28,mujer,162.5,56.6,sedentario,bajar,1200,90.0,120.0,40.0
26,mujer,174.3,47.5,ligero,subir,2150.9,161.3,215.1,71.7
21,mujer,179.9,106.6,sedentario,mantener,2309.2,173.2,230.9,77.0
33,mujer,151.9,78.4,muy_intenso,mantener,2674.0,200.6,267.4,89.1
18,hombre,151.5,83.5,intenso,mantener,2927.1,219.5,292.7,97.6
64,hombre,193.1,78.6,intenso,subir,3294.3,247.1,329.4,109.8
59,mujer,175.8,85.6,moderado,mantener,2323.1,174.2,232.3,77.4
20,mujer,159.8,94.1,moderado,mantener,2602.1,195.2,260.2,86.7
29,hombre,183.6,56.0,muy_intenso,mantener,2978.2,223.4,297.8,99.3
25,hombre,185.4,52.1,sedentario,subir,2271.7,170.4,227.2,75.7
36,mujer,168.8,52.5,sedentario,mantener,1486.8,111.5,148.7,49.6
32,mujer,170.5,102.6,intenso,mantener,3054.3,229.1,305.4,101.8
29,mujer,179.6,97.7,moderado,bajar,2279.9,171.0,228.0,76.0
34,hombre,162.3,51.2,muy_intenso,subir,2986.6,224.0,298.7,99.6
31,mujer,189.4,107.7,ligero,subir,3074.0,230.6,307.4,102.5
51,mujer,193.6,72.8,intenso,subir,3025.5,226.9,302.5,100.8
47,hombre,162.0,102.2,ligero,mantener,2481.2,186.1,248.1,82.7
38,hombre,193.1,72.5,ligero,subir,2802.0,210.1,280.2,93.4
20,hombre,168.1,71.1,sedentario,subir,2399.9,180.0,240.0,80.0
44,hombre,175.0,47.8,intenso,bajar,1840.4,138.0,184.0,61.3
37,hombre,160.8,79.2,sedentario,subir,2340.4,175.5,234.0,78.0
65,hombre,190.9,47.6,intenso,mantener,2327.2,174.5,232.7,77.6
43,mujer,155.5,47.1,intenso,mantener,1840.4,138.0,184.0,61.3
59,mujer,172.2,87.1,sedentario,mantener,1789.5,134.2,179.0,59.7
62,mujer,191.5,106.5,intenso,bajar,2589.3,194.2,258.9,86.3
32,mujer,162.3,92.4,moderado,mantener,2506.9,188.0,250.7,83.6
18,hombre,183.2,99.6,ligero,bajar,2327.0,174.5,232.7,77.6
56,hombre,167.5,98.6,muy_intenso,subir,3740.0,280.5,374.0,124.7
36,mujer,162.0,109.0,sedentario,mantener,2113.8,158.5,211.4,70.5
29,hombre,184.8,47.1,sedentario,subir,2183.2,163.7,218.3,72.8
45,hombre,177.8,96.8,moderado,mantener,2881.8,216.1,288.2,96.1
27,mujer,174.0,82.8,sedentario,mantener,1943.4,145.8,194.3,64.8
61,hombre,153.1,62.4,muy_intenso,subir,2833.7,212.5,283.4,94.5
22,mujer,185.2,76.2,intenso,mantener,2843.7,213.3,284.4,94.8
26,mujer,176.7,100.2,sedentario,mantener,2178.4,163.4,217.8,72.6
60,mujer,159.6,45.7,sedentario,subir,1592.2,119.4,159.2,53.1
53,mujer,173.0,99.2,intenso,subir,3241.5,243.1,324.2,108.1
36,mujer,173.9,78.2,moderado,mantener,2368.2,177.6,236.8,78.9
62,hombre,155.7,97.1,muy_intenso,mantener,3114.3,233.6,311.4,103.8
61,hombre,155.8,88.0,intenso,mantener,2680.2,201.0,268.0,89.3
60,hombre,152.4,65.5,moderado,subir,2434.4,182.6,243.4,81.1
53,mujer,194.4,72.1,intenso,subir,3004.8,225.4,300.5,100.2
18,mujer,161.1,52.1,muy_intenso,mantener,2426.1,182.0,242.6,80.9
60,hombre,165.8,54.3,sedentario,subir,1941.1,145.6,194.1,64.7
57,hombre,193.4,52.3,muy_intenso,mantener,2758.3,206.9,275.8,91.9
29,hombre,186.1,62.7,sedentario,subir,2380.1,178.5,238.0,79.3
31,mujer,155.7,62.9,sedentario,subir,1943.3,145.8,194.3,64.8
18,hombre,160.6,95.5,ligero,mantener,2576.4,193.2,257.6,85.9
36,mujer,156.0,101.3,muy_intenso,mantener,3129.3,234.7,312.9,104.3
30,mujer,176.8,80.6,moderado,bajar,1980.0,148.5,198.0,66.0
31,hombre,189.3,95.6,intenso,subir,3831.2,287.3,383.1,127.7
28,mujer,179.0,59.6,moderado,bajar,1691.3,126.8,169.1,56.4
19,mujer,187.0,70.3,intenso,bajar,2287.2,171.5,228.7,76.2
25,mujer,158.9,79.5,sedentario,bajar,1302.5,97.7,130.3,43.4
28,mujer,155.0,55.3,intenso,bajar,1605.8,120.4,160.6,53.5
45,mujer,157.5,54.8,intenso,subir,2377.5,178.3,237.7,79.2
61,hombre,178.5,62.6,ligero,subir,2382.2,178.7,238.2,79.4
35,hombre,170.2,101.1,moderado,bajar,2452.4,183.9,245.2,81.7
21,mujer,177.9,92.8,intenso,mantener,3059.9,229.5,306.0,102.0
20,mujer,167.1,80.0,moderado,bajar,1954.2,146.6,195.4,65.1
18,hombre,154.5,95.5,sedentario,bajar,1702.8,127.7,170.3,56.8
28,hombre,155.5,48.7,intenso,bajar,1783.7,133.8,178.4,59.5
57,hombre,185.1,56.5,ligero,mantener,1982.6,148.7,198.3,66.1
38,mujer,174.6,59.8,sedentario,bajar,1200,90.0,120.0,40.0
26,hombre,178.2,77.1,muy_intenso,subir,3743.5,280.8,374.4,124.8
25,hombre,188.1,80.7,ligero,mantener,2561.1,192.1,256.1,85.4
34,mujer,183.4,52.0,intenso,mantener,2303.3,172.7,230.3,76.8
26,mujer,180.9,50.3,intenso,subir,2716.0,203.7,271.6,90.5
52,mujer,183.0,85.9,sedentario,bajar,1398.1,104.9,139.8,46.6
41,mujer,154.7,79.4,moderado,subir,2562.1,192.2,256.2,85.4
26,mujer,180.9,92.3,moderado,subir,3132.1,234.9,313.2,104.4
43,hombre,167.1,53.2,ligero,mantener,1878.8,140.9,187.9,62.6
30,hombre,167.1,94.6,moderado,bajar,2360.3,177.0,236.0,78.7
33,mujer,189.3,66.6,intenso,subir,3027.4,227.1,302.7,100.9
19,hombre,164.5,86.6,muy_intenso,mantener,3427.8,257.1,342.8,114.3
22,hombre,176.8,94.5,intenso,mantener,3355.1,251.6,335.5,111.8
39,hombre,155.1,109.7,moderado,subir,3308.4,248.1,330.8,110.3
37,hombre,161.6,98.7,intenso,bajar,2634.3,197.6,263.4,87.8
29,hombre,152.2,109.4,moderado,bajar,2453.1,184.0,245.3,81.8
51,mujer,184.1,46.6,muy_intenso,subir,2681.2,201.1,268.1,89.4
33,mujer,184.2,55.1,ligero,subir,2292.3,171.9,229.2,76.4
58,mujer,189.4,97.8,ligero,subir,2752.3,206.4,275.2,91.7
59,hombre,155.6,94.8,moderado,mantener,2527.3,189.5,252.7,84.2
55,mujer,175.1,78.5,intenso,mantener,2489.8,186.7,249.0,83.0
52,mujer,154.4,105.1,ligero,bajar,1693.1,127.0,169.3,56.4
47,mujer,161.0,54.5,intenso,mantener,1992.8,149.5,199.3,66.4
38,hombre,155.1,64.4,sedentario,mantener,1714.0,128.6,171.4,57.1
24,mujer,165.6,94.8,muy_intenso,subir,3633.8,272.5,363.4,121.1
35,mujer,163.1,49.7,intenso,mantener,2036.1,152.7,203.6,67.9
60,mujer,178.1,83.6,muy_intenso,bajar,2327.4,174.6,232.7,77.6
63,hombre,193.0,103.1,sedentario,mantener,2312.7,173.5,231.3,77.1
63,mujer,173.1,87.6,sedentario,bajar,1278.2,95.9,127.8,42.6
43,mujer,158.1,81.0,ligero,bajar,1455.4,109.2,145.5,48.5
41,hombre,181.4,77.1,moderado,mantener,2642.4,198.2,264.2,88.1
33,hombre,158.1,48.3,sedentario,mantener,1573.3,118.0,157.3,52.4
40,mujer,194.1,57.6,ligero,bajar,1463.7,109.8,146.4,48.8
21,mujer,181.2,54.4,muy_intenso,mantener,2679.9,201.0,268.0,89.3
43,mujer,173.8,79.5,sedentario,subir,2206.3,165.5,220.6,73.5
48,hombre,168.7,103.8,ligero,subir,2953.9,221.5,295.4,98.5
44,mujer,186.7,75.4,ligero,subir,2517.3,188.8,251.7,83.9
54,hombre,153.2,81.9,ligero,bajar,1578.3,118.4,157.8,52.6
46,hombre,162.9,99.9,intenso,bajar,2591.4,194.4,259.1,86.4
40,hombre,192.3,51.7,muy_intenso,subir,3295.4,247.2,329.5,109.8
36,hombre,170.3,58.0,muy_intenso,bajar,2291.8,171.9,229.2,76.4
38,hombre,172.2,90.2,muy_intenso,mantener,3407.2,255.5,340.7,113.6
27,hombre,193.0,80.0,ligero,subir,2979.8,223.5,298.0,99.3
40,mujer,152.6,50.2,intenso,subir,2288.4,171.6,228.8,76.3
34,hombre,187.0,66.4,intenso,subir,3276.9,245.8,327.7,109.2
59,mujer,162.3,54.9,intenso,bajar,1410.2,105.8,141.0,47.0
27,hombre,179.5,76.4,muy_intenso,mantener,3336.2,250.2,333.6,111.2
33,hombre,193.4,53.6,muy_intenso,mantener,3011.0,225.8,301.1,100.4
50,mujer,164.1,100.6,intenso,bajar,2295.6,172.2,229.6,76.5
51,mujer,167.0,86.5,ligero,mantener,2052.5,153.9,205.3,68.4
60,hombre,169.4,95.7,ligero,bajar,1866.0,140.0,186.6,62.2
39,hombre,160.2,46.7,muy_intenso,subir,2828.7,212.2,282.9,94.3
53,hombre,163.5,98.7,sedentario,subir,2498.7,187.4,249.9,83.3
44,hombre,159.1,85.7,moderado,bajar,2036.4,152.7,203.6,67.9
51,hombre,192.2,72.1,sedentario,mantener,2006.7,150.5,200.7,66.9
54,hombre,174.9,64.5,ligero,bajar,1525.5,114.4,152.6,50.9
36,mujer,186.5,100.9,moderado,bajar,2342.1,175.7,234.2,78.1
21,mujer,194.3,80.1,sedentario,mantener,2099.2,157.4,209.9,70.0
29,hombre,188.5,102.9,intenso,bajar,3065.8,229.9,306.6,102.2
23,mujer,192.9,50.1,ligero,mantener,1967.1,147.5,196.7,65.6
35,mujer,163.2,86.7,moderado,subir,2804.1,210.3,280.4,93.5
37,hombre,180.6,93.0,intenso,subir,3640.8,273.1,364.1,121.4
47,hombre,170.8,67.5,muy_intenso,mantener,2873.8,215.5,287.4,95.8
56,mujer,152.1,96.2,muy_intenso,bajar,2296.1,172.2,229.6,76.5
53,mujer,191.5,80.6,muy_intenso,mantener,2996.1,224.7,299.6,99.9
52,mujer,164.6,95.7,muy_intenso,subir,3373.0,253.0,337.3,112.4
47,mujer,169.5,74.4,sedentario,bajar,1200,90.0,120.0,40.0
32,hombre,152.8,57.2,sedentario,bajar,1200,90.0,120.0,40.0
31,hombre,178.7,103.8,muy_intenso,bajar,3309.3,248.2,330.9,110.3
39,mujer,181.8,51.5,moderado,mantener,2007.6,150.6,200.8,66.9
59,hombre,190.5,104.5,ligero,subir,3075.2,230.6,307.5,102.5
40,hombre,187.3,81.2,sedentario,subir,2545.2,190.9,254.5,84.8
20,hombre,186.2,90.2,sedentario,subir,2764.9,207.4,276.5,92.2
29,hombre,158.1,98.0,muy_intenso,mantener,3473.4,260.5,347.3,115.8
56,hombre,191.9,87.0,muy_intenso,mantener,3409.3,255.7,340.9,113.6
26,mujer,180.2,66.6,muy_intenso,subir,3252.4,243.9,325.2,108.4
50,mujer,150.0,54.6,muy_intenso,subir,2437.8,182.8,243.8,81.3
42,mujer,160.2,109.0,muy_intenso,mantener,3268.5,245.1,326.8,108.9
30,mujer,185.6,50.0,ligero,bajar,1354.9,101.6,135.5,45.2
31,mujer,174.3,98.7,sedentario,mantener,2112.4,158.4,211.2,70.4
37,mujer,150.2,77.5,sedentario,mantener,1641.3,123.1,164.1,54.7
31,hombre,175.6,103.2,sedentario,mantener,2375.4,178.2,237.5,79.2
64,mujer,188.2,83.5,ligero,mantener,2104.1,157.8,210.4,70.1
37,mujer,152.0,97.3,muy_intenso,mantener,2996.3,224.7,299.6,99.9
41,hombre,159.4,79.1,ligero,subir,2582.5,193.7,258.2,86.1
59,hombre,178.8,105.8,sedentario,subir,2662.6,199.7,266.3,88.8
58,mujer,189.5,90.5,ligero,bajar,1752.8,131.5,175.3,58.4
21,mujer,176.8,91.9,intenso,subir,3432.6,257.4,343.3,114.4
21,hombre,175.2,76.3,ligero,bajar,1917.2,143.8,191.7,63.9
51,mujer,156.1,103.0,sedentario,mantener,1907.5,143.1,190.8,63.6
60,mujer,179.9,91.3,muy_intenso,mantener,2995.1,224.6,299.5,99.8
28,mujer,172.4,92.3,moderado,mantener,2634.2,197.6,263.4,87.8
57,hombre,180.7,94.2,moderado,mantener,2776.6,208.2,277.7,92.6
55,hombre,172.2,100.5,sedentario,bajar,1673.5,125.5,167.4,55.8
63,hombre,184.4,66.5,sedentario,bajar,1309.0,98.2,130.9,43.6
56,hombre,187.2,81.7,muy_intenso,mantener,3252.8,244.0,325.3,108.4
47,hombre,167.6,81.8,intenso,subir,3221.2,241.6,322.1,107.4
49,hombre,186.8,74.4,muy_intenso,subir,3575.8,268.2,357.6,119.2
20,hombre,164.8,63.8,moderado,subir,2838.2,212.9,283.8,94.6
42,hombre,150.5,61.6,intenso,subir,2731.6,204.9,273.2,91.1
47,mujer,178.7,61.7,intenso,bajar,1807.8,135.6,180.8,60.3
57,hombre,150.9,92.0,sedentario,subir,2299.8,172.5,230.0,76.7
25,mujer,190.8,108.9,muy_intenso,bajar,3291.4,246.9,329.1,109.7
64,mujer,180.9,104.9,muy_intenso,bajar,2727.4,204.6,272.7,90.9
20,hombre,188.6,59.9,moderado,subir,3008.3,225.6,300.8,100.3
26,mujer,174.3,106.9,muy_intenso,bajar,3048.0,228.6,304.8,101.6
61,hombre,160.6,76.8,ligero,mantener,2023.7,151.8,202.4,67.5
52,mujer,159.3,88.4,intenso,mantener,2516.1,188.7,251.6,83.9
61,hombre,161.5,84.9,ligero,subir,2542.8,190.7,254.3,84.8
21,hombre,178.1,79.9,moderado,bajar,2308.8,173.2,230.9,77.0
19,mujer,182.0,46.2,intenso,mantener,2317.5,173.8,231.8,77.3
50,hombre,191.4,100.0,moderado,mantener,3024.4,226.8,302.4,100.8
32,hombre,193.7,49.2,intenso,bajar,2169.7,162.7,217.0,72.3
55,mujer,185.8,104.6,ligero,subir,2835.5,212.7,283.5,94.5
59,mujer,161.6,91.1,sedentario,bajar,1258.0,94.3,125.8,41.9
25,mujer,186.6,77.1,sedentario,subir,2381.5,178.6,238.2,79.4
62,hombre,174.6,62.2,intenso,subir,2829.2,212.2,282.9,94.3
48,mujer,155.7,64.9,intenso,subir,2506.4,188.0,250.6,83.5
58,mujer,179.3,80.5,muy_intenso,subir,3201.8,240.1,320.2,106.7
58,mujer,178.2,93.6,intenso,bajar,2257.8,169.3,225.8,75.3
25,hombre,176.4,95.8,intenso,mantener,3347.4,251.1,334.7,111.6
46,mujer,174.1,60.4,ligero,subir,2189.0,164.2,218.9,73.0
33,mujer,175.5,104.5,muy_intenso,subir,3850.2,288.8,385.0,128.3
43,mujer,179.3,100.2,sedentario,subir,2495.9,187.2,249.6,83.2
48,hombre,155.3,109.6,intenso,bajar,2659.6,199.5,266.0,88.7
54,mujer,188.3,109.5,intenso,bajar,2675.5,200.7,267.6,89.2
22,hombre,162.2,103.0,ligero,bajar,2165.8,162.4,216.6,72.2
28,hombre,185.1,81.0,moderado,subir,3239.4,243.0,323.9,108.0
56,mujer,175.5,87.6,intenso,mantener,2642.5,198.2,264.2,88.1
34,mujer,166.7,54.4,intenso,subir,2564.7,192.3,256.5,85.5
44,hombre,153.5,71.8,muy_intenso,bajar,2278.5,170.9,227.9,76.0
37,mujer,173.1,88.9,sedentario,mantener,1949.8,146.2,195.0,65.0
24,mujer,175.3,101.5,muy_intenso,bajar,2976.3,223.2,297.6,99.2
63,hombre,187.6,79.9,intenso,mantener,2866.1,215.0,286.6,95.5
35,mujer,187.1,94.3,sedentario,bajar,1631.7,122.4,163.2,54.4
41,mujer,181.8,58.1,intenso,mantener,2330.9,174.8,233.1,77.7
38,mujer,183.0,83.5,sedentario,mantener,1953.3,146.5,195.3,65.1
48,mujer,194.9,103.2,muy_intenso,bajar,3013.3,226.0,301.3,100.4
40,mujer,182.4,90.8,sedentario,bajar,1524.4,114.3,152.4,50.8
20,mujer,167.5,53.6,muy_intenso,subir,2911.6,218.4,291.2,97.1
23,hombre,152.5,99.7,ligero,mantener,2530.2,189.8,253.0,84.3
45,hombre,155.5,69.8,intenso,bajar,2001.0,150.1,200.1,66.7
48,mujer,183.4,102.5,muy_intenso,bajar,2863.5,214.8,286.3,95.4
40,mujer,174.9,66.9,moderado,subir,2571.7,192.9,257.2,85.7
44,hombre,150.6,78.2,sedentario,mantener,1809.9,135.7,181.0,60.3
33,mujer,193.6,94.2,moderado,mantener,2830.3,212.3,283.0,94.3
29,hombre,185.5,69.8,ligero,bajar,1861.4,139.6,186.1,62.0
18,mujer,183.9,50.6,intenso,mantener,2422.5,181.7,242.3,80.8
46,mujer,190.6,61.8,intenso,subir,2846.5,213.5,284.6,94.9
30,hombre,171.9,86.7,moderado,subir,3184.4,238.8,318.4,106.1
40,hombre,164.6,109.6,intenso,bajar,2828.8,212.2,282.9,94.3
28,mujer,189.4,56.2,muy_intenso,mantener,2745.0,205.9,274.5,91.5
64,mujer,179.9,63.2,moderado,subir,2376.8,178.3,237.7,79.2
43,hombre,175.3,67.5,muy_intenso,subir,3365.2,252.4,336.5,112.2
65,hombre,151.8,62.6,moderado,subir,2344.9,175.9,234.5,78.2
18,hombre,175.8,57.9,intenso,subir,3147.5,236.1,314.7,104.9
24,mujer,152.9,75.5,intenso,mantener,2466.1,185.0,246.6,82.2
21,mujer,171.8,62.1,intenso,subir,2864.6,214.8,286.5,95.5
18,mujer,158.7,62.3,sedentario,bajar,1200,90.0,120.0,40.0
27,hombre,173.6,57.2,intenso,bajar,2134.1,160.1,213.4,71.1
31,mujer,152.6,105.2,intenso,mantener,2914.8,218.6,291.5,97.2
29,mujer,172.2,75.4,muy_intenso,subir,3296.1,247.2,329.6,109.9
59,mujer,186.0,80.9,sedentario,bajar,1318.6,98.9,131.9,44.0
39,hombre,192.9,55.7,moderado,bajar,1937.6,145.3,193.8,64.6
25,mujer,160.8,99.7,sedentario,mantener,2059.2,154.4,205.9,68.6
46,mujer,157.3,60.2,sedentario,mantener,1433.0,107.5,143.3,47.8
28,mujer,152.6,67.7,moderado,bajar,1561.1,117.1,156.1,52.0
64,hombre,194.7,55.3,muy_intenso,subir,3164.3,237.3,316.4,105.5
51,mujer,150.5,105.7,moderado,subir,2851.5,213.9,285.2,95.1
40,mujer,161.5,82.8,sedentario,subir,2171.6,162.9,217.2,72.4
38,mujer,155.4,84.0,intenso,subir,2918.9,218.9,291.9,97.3
61,mujer,156.7,94.3,ligero,bajar,1502.5,112.7,150.3,50.1
49,hombre,191.5,109.1,muy_intenso,mantener,3891.0,291.8,389.1,129.7
30,hombre,183.0,92.8,muy_intenso,mantener,3660.8,274.6,366.1,122.0
23,hombre,154.1,58.5,moderado,mantener,2229.1,167.2,222.9,74.3
46,hombre,183.0,66.1,intenso,subir,3125.1,234.4,312.5,104.2
48,mujer,180.8,103.2,intenso,bajar,2537.7,190.3,253.8,84.6
39,mujer,161.6,65.8,ligero,mantener,1804.0,135.3,180.4,60.1
41,hombre,177.3,68.5,intenso,subir,3148.1,236.1,314.8,104.9
44,hombre,151.7,98.4,intenso,subir,3362.0,252.2,336.2,112.1
45,mujer,175.4,72.8,sedentario,bajar,1225.9,91.9,122.6,40.9
26,mujer,184.9,98.8,moderado,bajar,2371.6,177.9,237.2,79.1
53,mujer,169.4,99.0,sedentario,bajar,1447.3,108.5,144.7,48.2
63,hombre,153.7,72.6,sedentario,mantener,1652.0,123.9,165.2,55.1
47,hombre,191.1,96.9,sedentario,mantener,2320.0,174.0,232.0,77.3
27,hombre,166.6,105.0,muy_intenso,subir,4126.4,309.5,412.6,137.5
35,mujer,190.2,96.7,intenso,mantener,3139.1,235.4,313.9,104.6
49,hombre,184.4,66.0,muy_intenso,mantener,2987.8,224.1,298.8,99.6
39,mujer,193.9,97.0,intenso,subir,3549.6,266.2,355.0,118.3
56,hombre,159.4,74.8,sedentario,subir,2163.1,162.2,216.3,72.1
23,hombre,155.1,53.8,ligero,bajar,1421.4,106.6,142.1,47.4
53,hombre,158.2,52.1,sedentario,subir,1899.7,142.5,190.0,63.3
50,mujer,171.4,107.4,ligero,subir,2784.6,208.8,278.5,92.8
36,mujer,160.3,105.1,muy_intenso,bajar,2752.6,206.4,275.3,91.8
25,hombre,169.0,75.0,sedentario,mantener,2023.5,151.8,202.4,67.4
29,mujer,171.7,80.5,intenso,subir,3111.9,233.4,311.2,103.7
49,mujer,161.5,103.7,ligero,mantener,2255.5,169.2,225.6,75.2
22,hombre,193.0,96.1,sedentario,bajar,1974.7,148.1,197.5,65.8
35,mujer,179.0,108.8,sedentario,bajar,1744.9,130.9,174.5,58.2
50,mujer,174.9,96.1,muy_intenso,bajar,2621.9,196.6,262.2,87.4
63,hombre,175.5,81.0,ligero,mantener,2195.7,164.7,219.6,73.2
42,mujer,165.0,68.4,ligero,mantener,1848.3,138.6,184.8,61.6
56,hombre,191.1,106.9,muy_intenso,subir,4177.9,313.3,417.8,139.3
50,mujer,180.5,71.5,intenso,mantener,2470.4,185.3,247.0,82.3
54,mujer,169.0,107.1,muy_intenso,mantener,3222.9,241.7,322.3,107.4
47,mujer,162.7,80.8,ligero,bajar,1464.7,109.9,146.5,48.8
32,hombre,167.4,53.4,muy_intenso,mantener,2708.0,203.1,270.8,90.3
18,mujer,188.7,105.3,intenso,mantener,3417.9,256.3,341.8,113.9
47,hombre,169.1,54.2,moderado,subir,2521.8,189.1,252.2,84.1
43,hombre,162.7,59.8,sedentario,subir,2085.8,156.4,208.6,69.5
28,hombre,175.0,97.0,intenso,bajar,2827.1,212.0,282.7,94.2
40,mujer,183.9,85.7,ligero,mantener,2262.4,169.7,226.2,75.4
54,mujer,170.6,66.5,intenso,mantener,2242.9,168.2,224.3,74.8
64,mujer,161.8,60.9,intenso,bajar,1465.2,109.9,146.5,48.8
31,hombre,177.7,82.3,intenso,subir,3476.8,260.8,347.7,115.9
59,hombre,155.0,87.0,ligero,mantener,2129.5,159.7,213.0,71.0
51,hombre,151.6,51.1,muy_intenso,mantener,2296.2,172.2,229.6,76.5
26,mujer,166.2,99.3,sedentario,bajar,1588.9,119.2,158.9,53.0
57,hombre,177.9,81.4,muy_intenso,mantener,3127.2,234.5,312.7,104.2
40,mujer,163.6,109.9,sedentario,mantener,2112.6,158.4,211.3,70.4
18,hombre,165.3,96.2,sedentario,mantener,2292.2,171.9,229.2,76.4
60,hombre,153.3,98.0,sedentario,bajar,1471.8,110.4,147.2,49.1
56,mujer,166.8,99.1,intenso,bajar,2247.1,168.5,224.7,74.9
28,mujer,156.0,50.2,moderado,subir,2222.8,166.7,222.3,74.1
27,mujer,164.6,78.4,muy_intenso,mantener,2881.8,216.1,288.2,96.1
28,hombre,165.7,100.0,sedentario,bajar,1780.8,133.6,178.1,59.4
20,mujer,175.5,104.1,intenso,bajar,2737.6,205.3,273.8,91.3
31,mujer,177.2,96.5,ligero,bajar,1915.2,143.6,191.5,63.8
45,hombre,184.8,48.5,muy_intenso,bajar,2198.0,164.8,219.8,73.3
47,mujer,157.3,67.3,moderado,subir,2353.2,176.5,235.3,78.4
44,mujer,193.5,58.1,intenso,mantener,2431.2,182.3,243.1,81.0
55,mujer,182.1,49.0,muy_intenso,subir,2665.0,199.9,266.5,88.8
37,mujer,190.4,77.6,moderado,bajar,2011.0,150.8,201.1,67.0
22,mujer,170.6,82.0,ligero,mantener,2221.0,166.6,222.1,74.0
33,hombre,159.7,47.2,sedentario,subir,1972.1,147.9,197.2,65.7
33,hombre,194.2,51.1,muy_intenso,subir,3373.0,253.0,337.3,112.4
59,mujer,169.4,70.0,moderado,mantener,2019.3,151.4,201.9,67.3
42,mujer,151.1,89.5,ligero,bajar,1519.0,113.9,151.9,50.6
29,hombre,159.1,48.2,sedentario,bajar,1200,90.0,120.0,40.0
33,mujer,192.7,61.3,ligero,mantener,2050.6,153.8,205.1,68.4
30,hombre,150.3,49.0,ligero,bajar,1266.0,95.0,126.6,42.2
25,mujer,154.8,79.3,muy_intenso,mantener,2801.5,210.1,280.2,93.4
54,mujer,178.9,80.0,muy_intenso,subir,3225.5,241.9,322.6,107.5
26,hombre,172.9,86.7,ligero,subir,2906.1,218.0,290.6,96.9
28,hombre,184.3,94.1,muy_intenso,bajar,3220.0,241.5,322.0,107.3
44,hombre,186.5,84.1,ligero,mantener,2463.5,184.8,246.3,82.1
49,mujer,186.6,63.8,muy_intenso,bajar,2156.7,161.8,215.7,71.9
41,hombre,183.0,104.4,moderado,subir,3481.0,261.1,348.1,116.0
32,hombre,168.9,96.0,sedentario,subir,2632.8,197.5,263.3,87.8
25,hombre,162.1,58.9,moderado,bajar,1797.3,134.8,179.7,59.9
28,mujer,171.7,69.1,moderado,mantener,2267.8,170.1,226.8,75.6
38,mujer,156.6,90.4,intenso,subir,3042.3,228.2,304.2,101.4
21,mujer,177.9,70.8,sedentario,subir,2264.6,169.8,226.5,75.5
63,mujer,169.0,102.3,ligero,subir,2604.5,195.3,260.4,86.8
38,hombre,178.6,75.7,ligero,bajar,1821.3,136.6,182.1,60.7
58,mujer,192.5,52.7,sedentario,subir,1935.0,145.1,193.5,64.5
53,hombre,152.4,104.4,muy_intenso,mantener,3299.3,247.5,329.9,110.0
33,hombre,164.8,74.4,muy_intenso,mantener,3066.6,230.0,306.7,102.2
43,hombre,162.9,65.5,muy_intenso,subir,3179.9,238.5,318.0,106.0
21,hombre,151.0,92.9,ligero,subir,2837.5,212.8,283.8,94.6
44,hombre,155.4,59.0,intenso,subir,2722.3,204.2,272.2,90.7
27,mujer,165.7,47.4,sedentario,mantener,1456.3,109.2,145.6,48.5
49,hombre,178.8,49.7,moderado,mantener,2130.5,159.8,213.0,71.0
39,hombre,155.6,89.6,moderado,bajar,2101.7,157.6,210.2,70.1
44,mujer,158.7,103.0,ligero,bajar,1756.2,131.7,175.6,58.5
19,mujer,152.6,61.5,intenso,subir,2664.5,199.8,266.4,88.8
50,hombre,164.3,56.4,intenso,bajar,1821.6,136.6,182.2,60.7
19,mujer,192.8,92.9,intenso,mantener,3239.6,243.0,324.0,108.0
39,mujer,163.8,56.8,muy_intenso,mantener,2347.9,176.1,234.8,78.3
54,hombre,183.3,104.0,sedentario,bajar,1804.8,135.4,180.5,60.2
38,mujer,188.4,50.3,intenso,subir,2693.4,202.0,269.3,89.8
65,hombre,155.2,101.8,ligero,mantener,2293.5,172.0,229.4,76.4
49,mujer,158.3,59.3,moderado,mantener,1823.4,136.8,182.3,60.8
38,hombre,151.0,98.2,sedentario,subir,2488.9,186.7,248.9,83.0
18,hombre,152.8,50.7,intenso,subir,2775.3,208.1,277.5,92.5
51,mujer,168.5,70.2,sedentario,subir,2007.0,150.5,200.7,66.9
48,mujer,186.9,89.5,moderado,bajar,2076.3,155.7,207.6,69.2
24,hombre,156.6,66.3,ligero,subir,2499.3,187.4,249.9,83.3
30,hombre,185.7,60.9,sedentario,mantener,1949.5,146.2,195.0,65.0
32,mujer,168.7,67.9,moderado,subir,2589.2,194.2,258.9,86.3
26,mujer,150.2,58.3,ligero,mantener,1692.3,126.9,169.2,56.4
33,hombre,152.7,74.1,ligero,bajar,1611.1,120.8,161.1,53.7
29,mujer,190.5,78.9,sedentario,mantener,2008.3,150.6,200.8,66.9
42,hombre,186.6,71.4,muy_intenso,subir,3583.0,268.7,358.3,119.4
32,hombre,192.3,64.3,muy_intenso,bajar,2710.8,203.3,271.1,90.4
19,hombre,161.1,70.9,intenso,bajar,2304.6,172.8,230.5,76.8
51,hombre,161.0,76.1,sedentario,mantener,1820.7,136.6,182.1,60.7
47,hombre,151.5,102.8,muy_intenso,subir,3715.3,278.6,371.5,123.8
19,mujer,169.2,101.1,sedentario,subir,2575.0,193.1,257.5,85.8
54,hombre,172.5,87.2,intenso,bajar,2406.8,180.5,240.7,80.2
33,mujer,177.6,108.6,moderado,subir,3298.5,247.4,329.9,109.9
21,hombre,182.8,47.6,sedentario,bajar,1322.2,99.2,132.2,44.1
32,hombre,154.4,81.3,moderado,bajar,2015.7,151.2,201.6,67.2
49,hombre,179.5,85.8,ligero,subir,2792.3,209.4,279.2,93.1
44,mujer,178.2,60.5,sedentario,subir,2005.3,150.4,200.5,66.8
53,hombre,154.2,63.6,ligero,mantener,1842.2,138.2,184.2,61.4
52,mujer,180.5,69.6,ligero,subir,2329.3,174.7,232.9,77.6
55,mujer,152.4,69.4,sedentario,subir,1852.6,138.9,185.3,61.8
54,hombre,178.1,102.3,sedentario,mantener,2245.3,168.4,224.5,74.8
37,hombre,161.2,92.9,ligero,subir,2815.2,211.1,281.5,93.8
29,hombre,194.8,48.0,ligero,mantener,2141.6,160.6,214.2,71.4
45,hombre,182.3,59.3,sedentario,subir,2214.8,166.1,221.5,73.8
40,hombre,153.5,80.8,moderado,bajar,1937.2,145.3,193.7,64.6
39,hombre,191.1,60.0,muy_intenso,mantener,3048.3,228.6,304.8,101.6
54,mujer,189.7,107.0,ligero,subir,2908.9,218.2,290.9,97.0
33,mujer,170.6,103.6,sedentario,bajar,1631.5,122.4,163.2,54.4
42,mujer,193.5,82.9,sedentario,bajar,1500.8,112.6,150.1,50.0
35,mujer,194.9,88.6,intenso,bajar,2550.0,191.3,255.0,85.0
48,hombre,155.5,81.3,sedentario,bajar,1359.8,102.0,136.0,45.3
50,mujer,155.0,85.5,ligero,subir,2342.5,175.7,234.3,78.1
36,hombre,168.9,48.6,intenso,subir,2757.4,206.8,275.7,91.9
29,mujer,164.8,74.1,muy_intenso,bajar,2283.5,171.3,228.4,76.1
62,mujer,178.0,87.6,moderado,subir,2752.1,206.4,275.2,91.7
20,hombre,188.1,91.9,intenso,bajar,2949.4,221.2,294.9,98.3
38,hombre,158.1,64.0,muy_intenso,subir,3141.9,235.6,314.2,104.7
38,hombre,164.3,67.4,intenso,bajar,2114.9,158.6,211.5,70.5
52,hombre,193.3,96.5,muy_intenso,subir,4044.4,303.3,404.4,134.8
51,mujer,163.9,69.0,ligero,mantener,1785.3,133.9,178.5,59.5
36,hombre,151.1,85.2,moderado,subir,2913.1,218.5,291.3,97.1
62,hombre,171.9,105.4,ligero,bajar,2007.1,150.5,200.7,66.9
49,mujer,161.2,72.8,sedentario,bajar,1200,90.0,120.0,40.0
25,mujer,166.6,105.5,intenso,mantener,3122.7,234.2,312.3,104.1
35,hombre,157.8,80.7,sedentario,subir,2347.9,176.1,234.8,78.3
51,mujer,189.1,77.7,ligero,subir,2521.5,189.1,252.1,84.0
20,mujer,164.8,69.1,sedentario,subir,2152.0,161.4,215.2,71.7
34,mujer,153.3,67.4,intenso,subir,2644.4,198.3,264.4,88.1
33,hombre,163.0,50.2,sedentario,subir,2032.9,152.5,203.3,67.8
55,mujer,168.8,72.5,sedentario,subir,2012.8,151.0,201.3,67.1
63,mujer,183.8,81.9,muy_intenso,bajar,2334.3,175.1,233.4,77.8
58,hombre,192.1,94.3,sedentario,mantener,2230.3,167.3,223.0,74.3
56,hombre,175.8,48.5,muy_intenso,bajar,1986.6,149.0,198.7,66.2
55,hombre,150.1,63.1,sedentario,bajar,1200,90.0,120.0,40.0
35,mujer,150.1,107.9,ligero,subir,2711.5,203.4,271.2,90.4
42,hombre,168.1,66.3,sedentario,subir,2210.3,165.8,221.0,73.7
55,hombre,153.1,106.3,sedentario,subir,2499.8,187.5,250.0,83.3
64,mujer,163.1,94.2,moderado,bajar,1794.6,134.6,179.5,59.8
32,hombre,185.3,69.1,sedentario,subir,2432.9,182.5,243.3,81.1
48,hombre,164.7,85.1,muy_intenso,bajar,2626.2,197.0,262.6,87.5
37,hombre,156.4,57.4,intenso,subir,2765.8,207.4,276.6,92.2
64,mujer,193.7,85.9,ligero,subir,2584.4,193.8,258.4,86.1
38,mujer,172.2,103.8,intenso,subir,3441.6,258.1,344.2,114.7
45,mujer,157.7,71.6,intenso,subir,2669.5,200.2,266.9,89.0
22,mujer,169.4,92.4,sedentario,mantener,2054.1,154.1,205.4,68.5
20,hombre,188.1,85.1,sedentario,bajar,1817.9,136.3,181.8,60.6
65,hombre,186.6,65.2,sedentario,subir,2197.9,164.8,219.8,73.3
47,hombre,157.4,104.1,sedentario,mantener,2153.7,161.5,215.4,71.8
57,hombre,167.3,76.9,muy_intenso,mantener,2915.8,218.7,291.6,97.2
22,hombre,156.7,77.8,ligero,mantener,2272.0,170.4,227.2,75.7
58,hombre,168.8,81.5,moderado,subir,2856.8,214.3,285.7,95.2
49,mujer,181.6,68.5,muy_intenso,bajar,2186.6,164.0,218.7,72.9
29,mujer,160.5,71.0,intenso,subir,2827.3,212.0,282.7,94.2
60,mujer,163.0,69.1,ligero,subir,2117.0,158.8,211.7,70.6
52,hombre,174.6,80.7,muy_intenso,subir,3522.2,264.2,352.2,117.4
61,mujer,171.5,85.0,moderado,mantener,2256.6,169.2,225.7,75.2
53,hombre,193.9,53.3,muy_intenso,mantener,2821.3,211.6,282.1,94.0
33,hombre,180.8,73.6,ligero,mantener,2345.8,175.9,234.6,78.2
34,hombre,160.6,59.5,sedentario,mantener,1720.5,129.0,172.1,57.3
65,mujer,168.1,67.4,ligero,mantener,1703.1,127.7,170.3,56.8
42,hombre,161.0,106.7,moderado,bajar,2395.8,179.7,239.6,79.9
18,hombre,177.4,48.2,muy_intenso,subir,3260.9,244.6,326.1,108.7
57,mujer,192.4,89.4,ligero,bajar,1769.4,132.7,176.9,59.0
56,mujer,170.4,70.9,intenso,subir,2699.4,202.5,269.9,90.0
34,hombre,151.9,102.7,sedentario,mantener,2173.7,163.0,217.4,72.5
50,hombre,186.7,86.2,sedentario,bajar,1640.7,123.0,164.1,54.7
40,mujer,168.0,67.1,muy_intenso,mantener,2584.0,193.8,258.4,86.1
49,mujer,181.0,94.7,sedentario,subir,2406.7,180.5,240.7,80.2
39,hombre,170.4,56.4,ligero,mantener,1978.6,148.4,197.9,66.0
51,hombre,154.4,104.2,sedentario,mantener,2108.4,158.1,210.8,70.3
43,hombre,194.3,73.2,muy_intenso,subir,3699.1,277.4,369.9,123.3
50,hombre,194.3,74.2,intenso,bajar,2452.1,183.9,245.2,81.7
38,mujer,182.6,105.7,muy_intenso,subir,3909.8,293.2,391.0,130.3
26,hombre,157.6,71.4,ligero,bajar,1664.2,124.8,166.4,55.5
52,mujer,180.9,83.1,ligero,bajar,1618.4,121.4,161.8,53.9
22,mujer,173.5,108.4,muy_intenso,subir,4005.0,300.4,400.5,133.5
58,mujer,179.3,74.2,ligero,mantener,1941.0,145.6,194.1,64.7
62,hombre,192.8,96.3,sedentario,subir,2635.6,197.7,263.6,87.9
46,hombre,160.1,103.4,moderado,mantener,2804.9,210.4,280.5,93.5
58,hombre,162.4,57.2,muy_intenso,mantener,2473.8,185.5,247.4,82.5
35,hombre,151.3,73.0,moderado,mantener,2333.7,175.0,233.4,77.8
48,hombre,179.0,92.7,intenso,subir,3523.5,264.3,352.4,117.5
62,hombre,168.7,60.9,ligero,subir,2267.8,170.1,226.8,75.6
60,hombre,182.1,93.4,muy_intenso,bajar,2876.5,215.7,287.7,95.9
63,mujer,194.5,108.8,ligero,mantener,2513.0,188.5,251.3,83.8
31,hombre,166.1,83.0,ligero,subir,2762.4,207.2,276.2,92.1
35,hombre,155.0,80.4,moderado,subir,2884.3,216.3,288.4,96.1
22,hombre,181.8,83.8,ligero,subir,2970.2,222.8,297.0,99.0
27,hombre,188.6,81.5,muy_intenso,bajar,3041.1,228.1,304.1,101.4
22,hombre,153.0,56.1,sedentario,subir,2094.7,157.1,209.5,69.8
58,mujer,173.2,106.3,moderado,subir,3026.5,227.0,302.6,100.9
36,hombre,189.4,102.4,muy_intenso,mantener,3862.2,289.7,386.2,128.7
24,hombre,177.6,100.8,ligero,subir,3154.1,236.6,315.4,105.1
60,mujer,176.7,79.7,sedentario,mantener,1728.5,129.6,172.8,57.6
43,mujer,156.6,66.7,sedentario,mantener,1523.7,114.3,152.4,50.8
36,hombre,151.9,106.9,intenso,mantener,3179.8,238.5,318.0,106.0
33,mujer,180.4,78.4,muy_intenso,mantener,3012.4,225.9,301.2,100.4
43,mujer,154.8,58.1,muy_intenso,mantener,2227.8,167.1,222.8,74.3
35,hombre,176.7,67.6,intenso,bajar,2277.9,170.8,227.8,75.9
62,hombre,174.3,58.3,ligero,mantener,1880.1,141.0,188.0,62.7
54,mujer,150.8,52.0,ligero,bajar,1200,90.0,120.0,40.0
22,mujer,189.1,109.5,muy_intenso,bajar,3311.2,248.3,331.1,110.4
40,mujer,170.9,95.3,sedentario,subir,2392.1,179.4,239.2,79.7
31,hombre,190.8,49.2,moderado,bajar,1878.5,140.9,187.8,62.6
53,hombre,178.6,53.8,moderado,mantener,2161.1,162.1,216.1,72.0
30,mujer,153.6,60.2,sedentario,mantener,1501.2,112.6,150.1,50.0
58,hombre,192.7,63.0,moderado,subir,2801.5,210.1,280.2,93.4
56,hombre,177.1,108.9,moderado,bajar,2477.4,185.8,247.7,82.6
47,hombre,179.8,90.3,sedentario,subir,2556.1,191.7,255.6,85.2
60,hombre,175.7,56.5,sedentario,mantener,1641.8,123.1,164.2,54.7
29,mujer,160.1,95.0,sedentario,bajar,1473.5,110.5,147.4,49.1
18,hombre,179.4,97.9,sedentario,bajar,1918.3,143.9,191.8,63.9
35,mujer,175.0,76.9,ligero,subir,2499.3,187.4,249.9,83.3
59,hombre,182.1,64.9,muy_intenso,subir,3244.5,243.3,324.5,108.2
28,hombre,189.3,93.2,muy_intenso,bajar,3262.2,244.7,326.2,108.7
52,mujer,182.7,49.6,muy_intenso,bajar,1812.1,135.9,181.2,60.4
54,mujer,183.1,65.0,intenso,bajar,1851.8,138.9,185.2,61.7
58,hombre,179.4,96.2,intenso,mantener,3102.0,232.6,310.2,103.4
40,mujer,187.4,60.8,moderado,bajar,1698.3,127.4,169.8,56.6
43,hombre,186.4,100.1,sedentario,subir,2747.2,206.0,274.7,91.6
20,mujer,152.3,71.5,ligero,mantener,1933.1,145.0,193.3,64.4
29,hombre,150.2,86.9,moderado,bajar,2085.0,156.4,208.5,69.5
55,hombre,181.4,103.1,ligero,mantener,2605.3,195.4,260.5,86.8
52,mujer,184.7,100.9,ligero,subir,2795.8,209.7,279.6,93.2
28,hombre,171.6,54.7,moderado,mantener,2301.0,172.6,230.1,76.7
26,hombre,176.5,51.0,sedentario,subir,2185.8,163.9,218.6,72.9
29,hombre,181.4,63.4,ligero,bajar,1738.2,130.4,173.8,57.9
46,mujer,162.3,105.6,intenso,subir,3296.9,247.3,329.7,109.9
52,hombre,180.4,78.4,sedentario,subir,2387.8,179.1,238.8,79.6
42,hombre,173.4,101.4,ligero,bajar,2102.5,157.7,210.3,70.1
33,mujer,157.8,61.6,moderado,bajar,1478.2,110.9,147.8,49.3
19,mujer,161.5,47.4,sedentario,mantener,1472.8,110.5,147.3,49.1
22,hombre,152.8,69.2,muy_intenso,bajar,2429.8,182.2,243.0,81.0
45,hombre,188.2,95.8,intenso,subir,3702.1,277.7,370.2,123.4
47,mujer,190.1,104.0,sedentario,bajar,1698.5,127.4,169.9,56.6
41,mujer,159.2,88.9,intenso,bajar,2118.6,158.9,211.9,70.6
41,hombre,189.1,96.6,sedentario,subir,2737.4,205.3,273.7,91.2
32,mujer,167.1,71.1,intenso,subir,2874.3,215.6,287.4,95.8
50,hombre,186.0,96.1,ligero,subir,2982.9,223.7,298.3,99.4
40,mujer,191.2,56.9,sedentario,bajar,1200,90.0,120.0,40.0
65,hombre,154.3,69.4,muy_intenso,bajar,2042.9,153.2,204.3,68.1
31,hombre,184.5,46.3,sedentario,bajar,1259.3,94.5,125.9,42.0
20,hombre,176.2,77.0,sedentario,subir,2531.5,189.9,253.2,84.4
46,hombre,150.9,48.2,sedentario,mantener,1440.1,108.0,144.0,48.0
36,mujer,170.1,76.2,muy_intenso,mantener,2819.8,211.5,282.0,94.0
58,mujer,183.8,88.9,moderado,bajar,1959.5,147.0,195.9,65.3
56,hombre,162.8,48.9,sedentario,mantener,1477.8,110.8,147.8,49.3
50,mujer,157.2,68.5,ligero,subir,2127.7,159.6,212.8,70.9
59,mujer,172.5,79.8,moderado,mantener,2201.2,165.1,220.1,73.4
40,hombre,153.6,51.8,sedentario,subir,1939.6,145.5,194.0,64.7
29,mujer,158.4,88.9,sedentario,subir,2287.6,171.6,228.8,76.3
39,hombre,188.8,109.9,moderado,subir,3638.0,272.8,363.8,121.3
41,hombre,152.8,81.2,sedentario,mantener,1880.4,141.0,188.0,62.7
61,mujer,160.0,86.9,moderado,bajar,1674.7,125.6,167.5,55.8
59,hombre,176.9,99.2,ligero,mantener,2485.5,186.4,248.5,82.8
57,hombre,168.0,93.8,intenso,bajar,2446.3,183.5,244.6,81.5
51,mujer,176.7,64.3,moderado,bajar,1563.6,117.3,156.4,52.1
34,hombre,184.7,64.0,moderado,mantener,2525.5,189.4,252.6,84.2
40,hombre,194.9,68.6,moderado,bajar,2149.1,161.2,214.9,71.6
30,hombre,182.1,55.6,ligero,mantener,2130.0,159.8,213.0,71.0
55,mujer,172.9,46.9,ligero,bajar,1200,90.0,120.0,40.0
42,mujer,177.4,73.9,moderado,mantener,2289.0,171.7,228.9,76.3
43,mujer,178.2,92.7,intenso,subir,3271.7,245.4,327.2,109.1
64,mujer,155.6,50.7,muy_intenso,subir,2297.1,172.3,229.7,76.6
51,mujer,176.2,49.0,ligero,bajar,1200,90.0,120.0,40.0
57,hombre,183.6,97.0,moderado,subir,3248.1,243.6,324.8,108.3
55,hombre,179.3,102.8,moderado,mantener,2911.9,218.4,291.2,97.1
42,hombre,187.6,81.8,intenso,subir,3480.0,261.0,348.0,116.0
25,mujer,172.5,50.7,moderado,subir,2413.6,181.0,241.4,80.5
44,hombre,192.6,46.6,muy_intenso,bajar,2264.0,169.8,226.4,75.5
24,mujer,173.3,67.6,intenso,bajar,2049.8,153.7,205.0,68.3
62,hombre,162.5,84.6,moderado,bajar,1912.8,143.5,191.3,63.8
19,hombre,170.9,50.1,ligero,subir,2433.8,182.5,243.4,81.1
65,mujer,150.0,56.6,ligero,mantener,1399.1,104.9,139.9,46.6
22,hombre,170.0,105.3,moderado,mantener,3116.3,233.7,311.6,103.9
35,hombre,187.6,83.5,moderado,mantener,2848.1,213.6,284.8,94.9
30,hombre,175.1,47.5,moderado,mantener,2207.8,165.6,220.8,73.6
26,hombre,169.6,64.3,sedentario,subir,2293.6,172.0,229.4,76.5
26,mujer,188.1,61.6,muy_intenso,bajar,2351.2,176.3,235.1,78.4
32,mujer,185.2,86.4,muy_intenso,subir,3630.9,272.3,363.1,121.0
36,hombre,178.9,85.7,ligero,subir,2875.2,215.6,287.5,95.8
51,mujer,177.4,47.5,moderado,bajar,1310.0,98.3,131.0,43.7
44,mujer,180.1,82.9,sedentario,mantener,1888.3,141.6,188.8,62.9
24,hombre,151.1,109.1,sedentario,mantener,2304.4,172.8,230.4,76.8
62,mujer,153.2,64.8,muy_intenso,mantener,2155.5,161.7,215.6,71.9
65,mujer,169.5,50.7,intenso,subir,2263.6,169.8,226.4,75.5
49,mujer,191.1,57.0,ligero,mantener,1867.8,140.1,186.8,62.3
54,mujer,176.2,56.0,moderado,subir,2306.9,173.0,230.7,76.9
39,hombre,170.0,91.8,sedentario,bajar,1648.6,123.6,164.9,55.0
19,hombre,171.1,77.3,intenso,subir,3422.8,256.7,342.3,114.1
33,hombre,157.6,89.1,moderado,mantener,2659.8,199.5,266.0,88.7
54,mujer,163.3,51.6,sedentario,subir,1726.8,129.5,172.7,57.6
18,hombre,190.6,70.5,intenso,mantener,3124.4,234.3,312.4,104.1
44,mujer,156.2,96.3,intenso,subir,3088.0,231.6,308.8,102.9
40,hombre,170.5,48.2,sedentario,mantener,1623.1,121.7,162.3,54.1
21,mujer,174.7,57.6,sedentario,subir,2082.2,156.2,208.2,69.4
62,hombre,193.9,76.0,intenso,bajar,2375.4,178.2,237.5,79.2
47,hombre,151.7,63.2,sedentario,subir,2020.1,151.5,202.0,67.3
63,hombre,155.6,89.0,sedentario,mantener,1863.0,139.7,186.3,62.1
64,hombre,163.9,102.3,muy_intenso,mantener,3291.5,246.9,329.2,109.7
22,hombre,158.2,87.1,ligero,bajar,1912.8,143.5,191.3,63.8
52,mujer,179.2,86.0,intenso,subir,3089.3,231.7,308.9,103.0
51,hombre,183.8,48.9,ligero,bajar,1408.2,105.6,140.8,46.9
46,mujer,179.4,67.2,intenso,subir,2818.9,211.4,281.9,94.0
38,mujer,160.1,83.4,sedentario,mantener,1780.3,133.5,178.0,59.3
61,mujer,150.7,94.6,ligero,subir,2355.1,176.6,235.5,78.5
45,mujer,156.0,96.4,sedentario,bajar,1363.6,102.3,136.4,45.5
24,hombre,159.7,50.6,moderado,subir,2553.1,191.5,255.3,85.1
60,mujer,165.2,47.4,moderado,subir,2020.5,151.5,202.1,67.4
45,hombre,181.7,81.1,intenso,bajar,2478.4,185.9,247.8,82.6
63,mujer,157.2,103.8,moderado,subir,2794.0,209.5,279.4,93.1
42,hombre,177.7,74.9,sedentario,subir,2385.6,178.9,238.6,79.5
52,mujer,191.7,88.9,moderado,bajar,2082.5,156.2,208.2,69.4
22,hombre,182.6,83.7,moderado,subir,3303.5,247.8,330.4,110.1
51,mujer,155.3,68.2,moderado,mantener,1916.8,143.8,191.7,63.9
55,hombre,173.8,100.7,ligero,bajar,2007.0,150.5,200.7,66.9
53,hombre,175.4,50.5,sedentario,subir,2009.5,150.7,201.0,67.0
59,hombre,194.1,74.5,muy_intenso,subir,3569.4,267.7,356.9,119.0
33,mujer,160.7,106.9,muy_intenso,mantener,3320.0,249.0,332.0,110.7
51,mujer,159.0,97.5,intenso,subir,3078.5,230.9,307.8,102.6
20,hombre,167.5,95.1,intenso,subir,3682.5,276.2,368.2,122.7
22,mujer,162.6,56.2,muy_intenso,bajar,1983.8,148.8,198.4,66.1
58,hombre,166.6,103.6,sedentario,bajar,1650.7,123.8,165.1,55.0
53,hombre,153.8,95.2,muy_intenso,subir,3541.2,265.6,354.1,118.0
29,hombre,168.5,77.2,muy_intenso,mantener,3201.7,240.1,320.2,106.7
22,mujer,165.8,55.0,moderado,subir,2438.6,182.9,243.9,81.3
64,mujer,170.2,57.2,intenso,bajar,1491.9,111.9,149.2,49.7
32,hombre,185.8,87.0,moderado,mantener,2908.2,218.1,290.8,96.9
65,hombre,157.3,81.9,ligero,bajar,1537.9,115.3,153.8,51.3
31,mujer,164.0,66.1,sedentario,bajar,1200,90.0,120.0,40.0
30,hombre,153.5,72.0,intenso,mantener,2646.8,198.5,264.7,88.2
40,hombre,165.9,61.7,moderado,mantener,2261.3,169.6,226.1,75.4
50,hombre,167.7,97.8,moderado,mantener,2760.7,207.1,276.1,92.0
49,mujer,156.0,95.7,intenso,subir,3032.3,227.4,303.2,101.1
32,mujer,179.4,62.0,intenso,mantener,2449.9,183.7,245.0,81.7
26,mujer,174.1,81.2,intenso,subir,3175.7,238.2,317.6,105.9
49,mujer,189.2,70.2,muy_intenso,bajar,2309.2,173.2,230.9,77.0
38,hombre,168.5,79.5,sedentario,subir,2395.8,179.7,239.6,79.9
45,hombre,183.8,98.2,sedentario,subir,2692.9,202.0,269.3,89.8
26,hombre,171.7,81.8,intenso,subir,3446.6,258.5,344.7,114.9
61,mujer,160.7,85.6,muy_intenso,subir,3049.3,228.7,304.9,101.6
42,mujer,168.7,88.2,intenso,bajar,2200.3,165.0,220.0,73.3
57,mujer,193.8,50.6,moderado,subir,2370.4,177.8,237.0,79.0
30,hombre,179.7,95.1,muy_intenso,bajar,3165.3,237.4,316.5,105.5
21,hombre,151.2,70.1,intenso,bajar,2166.9,162.5,216.7,72.2
48,hombre,175.3,45.6,sedentario,mantener,1580.0,118.5,158.0,52.7
50,mujer,182.8,72.7,sedentario,subir,2150.2,161.3,215.0,71.7
27,hombre,181.5,92.9,muy_intenso,bajar,3173.4,238.0,317.3,105.8
18,mujer,180.6,68.8,moderado,subir,2826.9,212.0,282.7,94.2
65,hombre,169.0,90.3,sedentario,bajar,1467.1,110.0,146.7,48.9
28,mujer,185.6,78.0,muy_intenso,mantener,3114.1,233.6,311.4,103.8
58,hombre,176.8,105.8,moderado,mantener,2910.9,218.3,291.1,97.0
28,mujer,170.0,91.0,ligero,bajar,1798.3,134.9,179.8,59.9
48,hombre,187.5,99.4,sedentario,subir,2717.0,203.8,271.7,90.6
20,mujer,182.8,83.7,intenso,mantener,2964.4,222.3,296.4,98.8
53,hombre,175.0,61.4,ligero,bajar,1490.7,111.8,149.1,49.7
32,mujer,194.3,68.6,muy_intenso,mantener,3000.8,225.1,300.1,100.0
44,hombre,170.8,104.4,intenso,subir,3671.5,275.4,367.1,122.4
25,hombre,157.8,61.0,ligero,bajar,1529.8,114.7,153.0,51.0
34,mujer,158.0,50.2,muy_intenso,subir,2601.2,195.1,260.1,86.7
62,hombre,158.1,64.0,moderado,mantener,2050.8,153.8,205.1,68.4
20,hombre,185.3,109.6,intenso,mantener,3724.5,279.3,372.4,124.1
31,hombre,177.8,90.5,sedentario,subir,2639.5,198.0,263.9,88.0
22,mujer,189.9,100.0,muy_intenso,subir,4040.2,303.0,404.0,134.7
32,hombre,165.5,53.3,muy_intenso,subir,3083.5,231.3,308.4,102.8
34,hombre,154.1,100.1,moderado,mantener,2788.6,209.1,278.9,93.0
24,mujer,177.4,50.4,muy_intenso,subir,2930.3,219.8,293.0,97.7
29,mujer,154.7,60.6,moderado,subir,2363.7,177.3,236.4,78.8
33,hombre,178.7,55.9,intenso,bajar,2114.9,158.6,211.5,70.5
61,mujer,190.6,103.8,moderado,mantener,2733.0,205.0,273.3,91.1
36,mujer,166.1,97.7,ligero,subir,2701.9,202.6,270.2,90.1
18,hombre,191.6,90.4,moderado,bajar,2625.6,196.9,262.6,87.5
45,mujer,186.2,57.8,sedentario,bajar,1200,90.0,120.0,40.0
35,hombre,163.7,59.9,intenso,subir,2904.9,217.9,290.5,96.8
50,hombre,151.9,103.4,sedentario,subir,2486.0,186.5,248.6,82.9
37,hombre,163.3,49.6,intenso,subir,2705.7,202.9,270.6,90.2
20,mujer,152.7,84.2,muy_intenso,subir,3317.2,248.8,331.7,110.6
22,hombre,179.7,91.5,intenso,bajar,2834.6,212.6,283.5,94.5
54,hombre,177.5,90.7,ligero,bajar,1908.1,143.1,190.8,63.6
46,mujer,164.0,76.5,ligero,bajar,1423.6,106.8,142.4,47.5
53,hombre,165.7,54.9,sedentario,subir,1989.5,149.2,199.0,66.3
42,hombre,177.6,85.9,intenso,bajar,2542.9,190.7,254.3,84.8
42,hombre,172.3,48.2,intenso,subir,2735.4,205.2,273.5,91.2
51,mujer,163.2,51.0,muy_intenso,subir,2516.6,188.7,251.7,83.9
48,mujer,165.0,90.8,intenso,subir,3053.5,229.0,305.3,101.8
18,hombre,153.7,106.6,sedentario,mantener,2329.9,174.7,233.0,77.7
33,hombre,176.8,47.2,sedentario,mantener,1700.4,127.5,170.0,56.7
63,mujer,181.5,78.9,ligero,mantener,1990.1,149.3,199.0,66.3
43,mujer,166.4,84.2,muy_intenso,subir,3261.4,244.6,326.1,108.7
44,hombre,174.8,94.4,sedentario,mantener,2185.8,163.9,218.6,72.9
54,hombre,183.8,97.3,ligero,subir,2953.0,221.5,295.3,98.4
41,mujer,167.6,77.8,sedentario,subir,2151.4,161.4,215.1,71.7
55,mujer,150.3,79.1,ligero,mantener,1779.8,133.5,178.0,59.3
65,mujer,184.8,88.5,ligero,bajar,1636.8,122.8,163.7,54.6
56,hombre,170.5,50.7,ligero,mantener,1784.2,133.8,178.4,59.5
63,mujer,193.4,108.9,intenso,bajar,2642.5,198.2,264.3,88.1
29,mujer,173.3,47.0,muy_intenso,mantener,2369.5,177.7,237.0,79.0
41,mujer,165.6,68.7,sedentario,subir,2027.2,152.0,202.7,67.6
39,hombre,170.9,48.5,moderado,bajar,1612.8,121.0,161.3,53.8
19,hombre,160.2,74.7,sedentario,mantener,1989.9,149.2,199.0,66.3
38,hombre,187.7,81.2,ligero,bajar,1975.2,148.1,197.5,65.8
41,mujer,182.6,84.9,muy_intenso,bajar,2586.1,194.0,258.6,86.2
24,mujer,193.4,85.7,muy_intenso,bajar,2891.0,216.8,289.1,96.4
38,mujer,188.9,107.9,muy_intenso,mantener,3626.4,272.0,362.6,120.9
37,hombre,161.2,62.3,muy_intenso,mantener,2755.9,206.7,275.6,91.9
37,mujer,186.0,99.1,moderado,subir,3201.6,240.1,320.2,106.7
61,hombre,176.2,58.0,intenso,bajar,1882.7,141.2,188.3,62.8
52,hombre,152.8,63.3,sedentario,bajar,1200,90.0,120.0,40.0
55,mujer,156.4,108.2,ligero,mantener,2232.3,167.4,223.2,74.4
49,mujer,164.6,71.6,sedentario,subir,2006.5,150.5,200.7,66.9
31,hombre,191.9,52.8,muy_intenso,mantener,2997.0,224.8,299.7,99.9
58,mujer,176.7,45.7,sedentario,subir,1732.5,129.9,173.2,57.7
61,mujer,172.0,69.7,intenso,bajar,1752.8,131.5,175.3,58.4
56,mujer,150.2,105.6,ligero,mantener,2136.4,160.2,213.6,71.2
29,mujer,160.3,55.8,intenso,mantener,2162.9,162.2,216.3,72.1
42,hombre,172.0,75.7,ligero,subir,2637.1,197.8,263.7,87.9
53,mujer,185.6,90.6,intenso,bajar,2329.0,174.7,232.9,77.6
31,mujer,168.8,90.8,moderado,mantener,2552.8,191.5,255.3,85.1
34,hombre,153.3,50.8,ligero,bajar,1289.0,96.7,128.9,43.0
18,hombre,190.0,56.4,muy_intenso,subir,3566.3,267.5,356.6,118.9
45,hombre,190.7,80.5,muy_intenso,bajar,2876.1,215.7,287.6,95.9
20,mujer,172.2,79.6,intenso,subir,3179.4,238.5,317.9,106.0
18,mujer,159.9,102.8,moderado,bajar,2253.4,169.0,225.3,75.1
55,mujer,159.2,60.5,ligero,mantener,1600.5,120.0,160.1,53.3
41,hombre,178.0,87.0,intenso,bajar,2574.8,193.1,257.5,85.8
50,mujer,191.7,82.2,intenso,bajar,2275.7,170.7,227.6,75.9
25,mujer,169.4,65.9,moderado,subir,2619.2,196.4,261.9,87.3
42,hombre,157.1,60.0,muy_intenso,bajar,2116.1,158.7,211.6,70.5
61,mujer,179.8,72.3,muy_intenso,bajar,2123.4,159.3,212.3,70.8
63,mujer,189.8,92.5,ligero,mantener,2248.5,168.6,224.8,74.9
60,mujer,178.3,109.0,moderado,bajar,2202.2,165.2,220.2,73.4
32,mujer,173.5,78.5,ligero,subir,2529.0,189.7,252.9,84.3
41,mujer,150.3,48.1,ligero,subir,1849.8,138.7,185.0,61.7
60,mujer,188.6,84.9,sedentario,mantener,1880.1,141.0,188.0,62.7
19,mujer,153.6,81.4,muy_intenso,mantener,2884.2,216.3,288.4,96.1
48,mujer,154.5,97.2,ligero,bajar,1612.9,121.0,161.3,53.8
52,hombre,165.8,74.8,intenso,bajar,2138.0,160.3,213.8,71.3
59,hombre,152.5,65.7,intenso,subir,2677.2,200.8,267.7,89.2
44,mujer,165.6,71.2,ligero,bajar,1378.2,103.4,137.8,45.9
58,hombre,155.1,87.0,sedentario,mantener,1865.2,139.9,186.5,62.2
54,hombre,190.7,52.4,intenso,mantener,2502.8,187.7,250.3,83.4
44,hombre,154.8,90.6,muy_intenso,subir,3551.1,266.3,355.1,118.4
56,hombre,151.7,93.1,muy_intenso,mantener,3047.8,228.6,304.8,101.6
51,mujer,181.0,74.7,intenso,mantener,2522.4,189.2,252.2,84.1
20,mujer,184.6,64.6,intenso,mantener,2654.3,199.1,265.4,88.5
29,mujer,193.6,74.0,ligero,bajar,1760.5,132.0,176.1,58.7
30,mujer,152.3,102.8,sedentario,subir,2402.6,180.2,240.3,80.1
57,hombre,169.6,62.7,sedentario,subir,2088.4,156.6,208.8,69.6
39,mujer,165.1,103.6,muy_intenso,mantener,3252.6,243.9,325.3,108.4
58,hombre,182.1,97.4,sedentario,mantener,2192.5,164.4,219.3,73.1
36,mujer,188.8,47.2,intenso,subir,2661.5,199.6,266.1,88.7
30,mujer,173.7,109.2,sedentario,bajar,1739.9,130.5,174.0,58.0
49,hombre,183.6,106.1,ligero,bajar,2206.7,165.5,220.7,73.6
44,hombre,190.7,102.0,sedentario,mantener,2396.2,179.7,239.6,79.9
52,mujer,164.3,47.8,sedentario,mantener,1300.6,97.5,130.1,43.4
36,hombre,154.2,76.4,muy_intenso,subir,3350.2,251.3,335.0,111.7
40,hombre,190.6,67.6,intenso,subir,3284.6,246.3,328.5,109.5
55,mujer,180.0,109.5,sedentario,bajar,1640.8,123.1,164.1,54.7
46,hombre,162.2,78.9,moderado,subir,2845.5,213.4,284.6,94.9
47,hombre,154.8,107.7,ligero,mantener,2494.9,187.1,249.5,83.2
20,mujer,166.8,45.6,moderado,mantener,1918.1,143.9,191.8,63.9
35,hombre,153.5,48.7,muy_intenso,bajar,1925.1,144.4,192.5,64.2
19,mujer,160.6,89.5,ligero,bajar,1758.8,131.9,175.9,58.6
49,hombre,172.7,74.2,moderado,bajar,1951.1,146.3,195.1,65.0
55,hombre,180.8,55.9,moderado,mantener,2199.5,165.0,219.9,73.3
29,mujer,194.6,79.5,moderado,subir,3043.1,228.2,304.3,101.4
57,mujer,156.5,76.8,moderado,mantener,2015.2,151.1,201.5,67.2
44,mujer,153.9,87.9,sedentario,bajar,1251.8,93.9,125.2,41.7
37,mujer,157.8,55.8,sedentario,bajar,1200,90.0,120.0,40.0
46,hombre,184.7,101.0,sedentario,subir,2727.2,204.5,272.7,90.9
63,hombre,193.6,71.1,intenso,bajar,2279.0,170.9,227.9,76.0
39,mujer,187.7,87.5,sedentario,mantener,2030.5,152.3,203.1,67.7
60,mujer,194.4,55.0,moderado,mantener,2021.2,151.6,202.1,67.4
23,hombre,172.4,100.5,ligero,mantener,2712.2,203.4,271.2,90.4
44,hombre,162.4,48.8,sedentario,bajar,1200,90.0,120.0,40.0
55,mujer,185.3,105.3,moderado,bajar,2251.4,168.9,225.1,75.0
57,hombre,166.9,63.9,muy_intenso,bajar,2164.0,162.3,216.4,72.1
61,hombre,166.1,95.2,sedentario,mantener,2028.1,152.1,202.8,67.6
18,hombre,155.7,108.4,muy_intenso,bajar,3247.0,243.5,324.7,108.2
27,hombre,181.2,88.1,intenso,mantener,3249.0,243.7,324.9,108.3
56,hombre,194.7,67.8,ligero,subir,2627.3,197.0,262.7,87.6
28,hombre,180.6,72.8,muy_intenso,bajar,2771.3,207.8,277.1,92.4
40,mujer,172.9,56.5,sedentario,bajar,1200,90.0,120.0,40.0
29,hombre,190.9,53.0,muy_intenso,mantener,3007.9,225.6,300.8,100.3
54,hombre,178.5,72.8,sedentario,subir,2294.3,172.1,229.4,76.5
21,mujer,171.9,71.0,muy_intenso,mantener,2884.9,216.4,288.5,96.2
25,hombre,177.2,104.3,muy_intenso,subir,4257.9,319.3,425.8,141.9
37,hombre,172.8,66.4,muy_intenso,mantener,2971.6,222.9,297.2,99.1
51,mujer,170.6,100.2,ligero,subir,2671.8,200.4,267.2,89.1
41,hombre,187.1,95.7,muy_intenso,mantener,3660.1,274.5,366.0,122.0
63,hombre,181.8,53.9,ligero,mantener,1877.2,140.8,187.7,62.6
29,hombre,151.7,89.0,muy_intenso,bajar,2726.4,204.5,272.6,90.9
47,hombre,186.9,106.3,moderado,mantener,3101.7,232.6,310.2,103.4
54,mujer,151.4,58.3,intenso,mantener,1894.5,142.1,189.4,63.1
21,hombre,173.8,79.8,moderado,subir,3165.6,237.4,316.6,105.5
52,hombre,178.7,77.2,moderado,subir,2932.5,219.9,293.3,97.8
45,hombre,170.7,81.1,ligero,mantener,2279.6,171.0,228.0,76.0
31,mujer,166.1,84.0,sedentario,bajar,1374.5,103.1,137.5,45.8
59,hombre,163.0,98.1,sedentario,bajar,1551.7,116.4,155.2,51.7
40,hombre,170.8,55.9,moderado,mantener,2218.8,166.4,221.9,74.0
25,hombre,184.0,74.8,ligero,bajar,1944.8,145.9,194.5,64.8
58,hombre,184.3,75.4,sedentario,subir,2345.1,175.9,234.5,78.2
34,mujer,180.1,88.8,muy_intenso,bajar,2697.0,202.3,269.7,89.9
28,mujer,185.8,78.6,muy_intenso,mantener,3127.9,234.6,312.8,104.3
39,mujer,162.1,93.2,ligero,bajar,1685.0,126.4,168.5,56.2
41,mujer,186.5,66.1,muy_intenso,mantener,2775.2,208.1,277.5,92.5
48,hombre,155.2,67.7,ligero,subir,2341.5,175.6,234.2,78.0
38,mujer,151.2,78.1,sedentario,mantener,1650.0,123.8,165.0,55.0
52,hombre,155.8,76.9,sedentario,bajar,1285.3,96.4,128.5,42.8
45,mujer,186.2,102.0,moderado,bajar,2286.5,171.5,228.7,76.2
48,hombre,163.8,63.4,ligero,mantener,1956.3,146.7,195.6,65.2
55,hombre,167.6,67.6,intenso,mantener,2507.3,188.0,250.7,83.6
43,hombre,194.8,97.7,muy_intenso,subir,4170.5,312.8,417.1,139.0
51,hombre,172.2,48.2,moderado,mantener,2027.8,152.1,202.8,67.6
55,hombre,194.9,106.2,intenso,subir,3867.5,290.1,386.7,128.9
57,mujer,172.3,84.7,moderado,mantener,2290.7,171.8,229.1,76.4
33,hombre,192.8,105.1,intenso,mantener,3615.6,271.2,361.6,120.5
63,mujer,164.1,69.4,muy_intenso,bajar,1862.9,139.7,186.3,62.1
62,hombre,177.0,94.8,muy_intenso,mantener,3323.6,249.3,332.4,110.8
53,hombre,179.2,53.4,muy_intenso,mantener,2648.6,198.6,264.9,88.3
47,mujer,191.5,87.1,ligero,subir,2698.8,202.4,269.9,90.0
54,mujer,163.5,56.5,intenso,bajar,1493.9,112.0,149.4,49.8
43,hombre,161.9,51.6,sedentario,mantener,1581.5,118.6,158.1,52.7
58,mujer,168.4,68.1,ligero,bajar,1263.4,94.8,126.3,42.1
39,hombre,191.9,88.9,intenso,mantener,3274.7,245.6,327.5,109.2
25,hombre,162.3,104.8,ligero,subir,3070.8,230.3,307.1,102.4
61,hombre,182.7,82.5,muy_intenso,subir,3567.1,267.5,356.7,118.9
24,hombre,151.0,79.5,intenso,mantener,2801.0,210.1,280.1,93.4
49,mujer,156.9,57.6,moderado,mantener,1783.5,133.8,178.3,59.4
30,hombre,176.5,106.6,moderado,subir,3537.4,265.3,353.7,117.9
25,mujer,172.5,94.2,moderado,mantener,2687.9,201.6,268.8,89.6
48,hombre,152.7,82.6,moderado,subir,2795.3,209.6,279.5,93.2
34,hombre,168.4,92.8,muy_intenso,subir,3849.4,288.7,384.9,128.3
50,mujer,152.9,105.7,moderado,bajar,1982.5,148.7,198.3,66.1
58,hombre,164.7,76.9,sedentario,subir,2216.1,166.2,221.6,73.9
56,hombre,178.1,77.7,muy_intenso,bajar,2568.7,192.7,256.9,85.6
49,mujer,183.8,48.3,moderado,mantener,1899.9,142.5,190.0,63.3
55,mujer,164.5,47.6,muy_intenso,bajar,1529.4,114.7,152.9,51.0
60,hombre,186.6,101.9,ligero,mantener,2599.1,194.9,259.9,86.6
55,hombre,172.9,81.7,muy_intenso,subir,3492.5,261.9,349.2,116.4
24,mujer,189.8,69.6,intenso,mantener,2762.2,207.2,276.2,92.1
50,mujer,161.7,64.2,ligero,subir,2107.2,158.0,210.7,70.2
62,mujer,177.5,104.5,ligero,subir,2714.6,203.6,271.5,90.5
63,mujer,151.2,68.3,muy_intenso,subir,2588.8,194.2,258.9,86.3
57,hombre,155.0,99.8,moderado,subir,3014.5,226.1,301.4,100.5
22,mujer,170.1,95.8,muy_intenso,subir,3725.2,279.4,372.5,124.2
48,hombre,166.6,84.4,intenso,bajar,2346.7,176.0,234.7,78.2
21,mujer,179.8,89.7,intenso,bajar,2526.9,189.5,252.7,84.2
59,mujer,156.1,51.3,ligero,bajar,1200,90.0,120.0,40.0
51,hombre,167.9,104.5,moderado,subir,3258.8,244.4,325.9,108.6
63,hombre,176.3,70.9,moderado,subir,2726.4,204.5,272.6,90.9
48,mujer,193.1,78.6,muy_intenso,subir,3424.6,256.8,342.5,114.2
51,mujer,189.9,104.5,moderado,bajar,2314.6,173.6,231.5,77.2
65,mujer,193.8,60.2,ligero,subir,2225.0,166.9,222.5,74.2
22,mujer,193.0,78.9,muy_intenso,bajar,2776.1,208.2,277.6,92.5
32,hombre,168.8,73.1,intenso,bajar,2313.5,173.5,231.3,77.1
50,mujer,150.2,79.2,sedentario,mantener,1583.7,118.8,158.4,52.8
64,mujer,168.2,66.7,muy_intenso,mantener,2350.8,176.3,235.1,78.4
28,hombre,167.6,47.0,moderado,bajar,1642.9,123.2,164.3,54.8
18,mujer,189.7,65.8,moderado,subir,2868.6,215.1,286.9,95.6
49,mujer,191.7,92.0,ligero,subir,2754.2,206.6,275.4,91.8
42,hombre,181.4,61.0,muy_intenso,bajar,2423.6,181.8,242.4,80.8
52,mujer,177.6,98.3,ligero,subir,2699.0,202.4,269.9,90.0
63,hombre,191.0,86.9,intenso,mantener,3023.5,226.8,302.3,100.8
53,mujer,165.4,56.7,ligero,bajar,1200,90.0,120.0,40.0
49,hombre,185.0,52.0,muy_intenso,bajar,2228.9,167.2,222.9,74.3
35,hombre,159.2,91.6,muy_intenso,mantener,3307.9,248.1,330.8,110.3
54,mujer,151.9,84.4,ligero,bajar,1373.3,103.0,137.3,45.8
51,mujer,172.1,91.4,muy_intenso,subir,3389.9,254.2,339.0,113.0
53,hombre,180.2,66.5,ligero,bajar,1605.5,120.4,160.5,53.5
33,hombre,151.5,107.6,ligero,mantener,2561.5,192.1,256.1,85.4
42,hombre,187.7,69.8,moderado,subir,2982.5,223.7,298.2,99.4
42,hombre,190.3,89.8,moderado,subir,3317.7,248.8,331.8,110.6
59,hombre,174.2,54.9,intenso,mantener,2324.9,174.4,232.5,77.5
57,mujer,185.6,100.1,sedentario,subir,2458.0,184.3,245.8,81.9
23,hombre,193.1,48.6,intenso,mantener,2730.5,204.8,273.0,91.0
35,mujer,161.7,74.6,intenso,mantener,2450.6,183.8,245.1,81.7
41,mujer,160.2,100.8,intenso,subir,3234.6,242.6,323.5,107.8
52,hombre,155.5,92.9,sedentario,subir,2375.1,178.1,237.5,79.2
36,hombre,150.0,56.0,sedentario,bajar,1200,90.0,120.0,40.0
23,hombre,183.9,103.7,sedentario,bajar,1991.7,149.4,199.2,66.4
21,hombre,158.4,82.1,intenso,mantener,2951.5,221.4,295.1,98.4
59,mujer,154.5,56.1,ligero,mantener,1472.1,110.4,147.2,49.1
20,hombre,186.5,59.4,sedentario,subir,2397.6,179.8,239.8,79.9
41,hombre,177.4,75.5,sedentario,subir,2396.5,179.7,239.7,79.9
51,mujer,155.1,79.9,ligero,subir,2259.5,169.5,226.0,75.3
42,mujer,157.6,83.8,moderado,bajar,1750.6,131.3,175.1,58.4
62,hombre,152.1,54.4,sedentario,mantener,1427.5,107.1,142.8,47.6
23,mujer,178.5,94.2,muy_intenso,bajar,2885.1,216.4,288.5,96.2
34,hombre,181.8,46.3,ligero,bajar,1472.1,110.4,147.2,49.1
52,mujer,187.5,105.4,sedentario,subir,2565.8,192.4,256.6,85.5
57,mujer,182.4,98.2,intenso,subir,3291.1,246.8,329.1,109.7
25,hombre,152.5,95.3,muy_intenso,mantener,3393.6,254.5,339.4,113.1
47,mujer,189.3,80.0,moderado,bajar,1960.0,147.0,196.0,65.3
47,mujer,153.0,68.1,moderado,bajar,1423.9,106.8,142.4,47.5
64,mujer,166.4,54.9,sedentario,bajar,1200,90.0,120.0,40.0
30,mujer,161.7,58.6,sedentario,subir,1942.8,145.7,194.3,64.8
58,mujer,175.7,106.6,moderado,subir,3055.3,229.2,305.5,101.8
36,hombre,167.8,103.3,moderado,bajar,2455.5,184.2,245.5,81.8
34,hombre,184.3,65.2,muy_intenso,subir,3513.9,263.5,351.4,117.1
43,hombre,186.5,54.8,ligero,mantener,2067.5,155.1,206.7,68.9
62,hombre,163.0,48.8,ligero,subir,2052.4,153.9,205.2,68.4
52,hombre,180.9,71.7,ligero,subir,2589.9,194.2,259.0,86.3
52,mujer,153.3,60.8,sedentario,mantener,1374.1,103.1,137.4,45.8
28,mujer,154.6,63.2,ligero,mantener,1783.7,133.8,178.4,59.5
38,hombre,178.3,62.9,muy_intenso,bajar,2460.9,184.6,246.1,82.0
50,mujer,173.5,55.0,muy_intenso,subir,2724.4,204.3,272.4,90.8
40,mujer,173.9,49.9,muy_intenso,bajar,1827.3,137.0,182.7,60.9
22,hombre,150.4,51.5,intenso,subir,2728.8,204.7,272.9,91.0
44,hombre,153.8,107.6,moderado,bajar,2324.5,174.3,232.4,77.5
37,hombre,169.3,54.6,intenso,bajar,1956.6,146.7,195.7,65.2
24,hombre,175.7,91.9,moderado,mantener,2948.3,221.1,294.8,98.3
52,hombre,193.2,58.9,intenso,subir,3059.1,229.4,305.9,102.0
26,mujer,180.2,68.5,intenso,subir,3022.4,226.7,302.2,100.7
45,hombre,153.3,68.0,sedentario,bajar,1201.8,90.1,120.2,40.1
44,mujer,158.0,98.5,moderado,mantener,2466.8,185.0,246.7,82.2
44,hombre,183.6,85.7,ligero,bajar,1960.6,147.0,196.1,65.4
26,hombre,172.0,96.4,muy_intenso,subir,4036.6,302.7,403.7,134.6
21,hombre,177.5,71.1,muy_intenso,subir,3668.7,275.2,366.9,122.3
54,mujer,175.8,47.1,sedentario,subir,1766.5,132.5,176.7,58.9
21,mujer,191.2,85.5,ligero,subir,2853.0,214.0,285.3,95.1
27,hombre,179.5,97.7,moderado,subir,3451.8,258.9,345.2,115.1
47,hombre,156.8,66.1,sedentario,bajar,1200,90.0,120.0,40.0
24,mujer,177.9,92.3,moderado,bajar,2218.5,166.4,221.9,74.0
60,hombre,174.2,53.0,sedentario,subir,1988.5,149.1,198.9,66.3
60,mujer,174.0,84.1,moderado,mantener,2274.6,170.6,227.5,75.8
36,hombre,190.1,52.2,ligero,bajar,1610.8,120.8,161.1,53.7
57,hombre,158.1,105.5,moderado,bajar,2232.8,167.5,223.3,74.4
50,mujer,177.9,89.7,sedentario,bajar,1417.4,106.3,141.7,47.2
19,hombre,151.6,65.4,intenso,subir,3007.3,225.6,300.7,100.2
33,mujer,159.8,73.1,ligero,mantener,1930.2,144.8,193.0,64.3
51,hombre,182.8,45.4,intenso,mantener,2322.7,174.2,232.3,77.4
37,hombre,158.0,80.1,ligero,subir,2611.7,195.9,261.2,87.1
21,hombre,170.9,49.7,moderado,mantener,2270.9,170.3,227.1,75.7
45,mujer,167.1,96.9,muy_intenso,mantener,3092.0,231.9,309.2,103.1
18,hombre,168.7,104.2,sedentario,mantener,2413.7,181.0,241.4,80.5
26,mujer,187.8,104.5,intenso,subir,3725.4,279.4,372.5,124.2
27,hombre,159.4,94.2,intenso,bajar,2619.2,196.4,261.9,87.3
64,mujer,174.9,53.6,ligero,bajar,1200,90.0,120.0,40.0
64,mujer,188.9,64.2,ligero,subir,2244.7,168.4,224.5,74.8
46,hombre,157.5,86.5,ligero,bajar,1733.5,130.0,173.4,57.8
56,mujer,151.0,58.3,ligero,subir,1892.9,142.0,189.3,63.1
27,hombre,181.3,90.0,moderado,subir,3349.8,251.2,335.0,111.7
58,mujer,163.2,66.7,sedentario,mantener,1483.2,111.2,148.3,49.4
26,hombre,164.3,54.0,sedentario,subir,2130.2,159.8,213.0,71.0
65,mujer,175.5,62.8,intenso,subir,2537.1,190.3,253.7,84.6
20,hombre,189.7,51.3,ligero,subir,2605.0,195.4,260.5,86.8
59,hombre,171.8,61.5,intenso,bajar,1912.8,143.5,191.3,63.8
62,mujer,157.4,50.9,sedentario,bajar,1200,90.0,120.0,40.0
47,hombre,184.4,83.2,sedentario,subir,2505.4,187.9,250.5,83.5
37,hombre,169.2,79.1,intenso,mantener,2878.2,215.9,287.8,95.9
33,mujer,157.1,50.4,ligero,subir,1994.8,149.6,199.5,66.5
61,hombre,168.0,98.8,muy_intenso,mantener,3302.2,247.7,330.2,110.1
46,hombre,171.8,78.5,sedentario,bajar,1460.5,109.5,146.1,48.7
27,mujer,159.1,107.9,sedentario,subir,2532.8,190.0,253.3,84.4
44,hombre,157.0,86.6,muy_intenso,mantener,3101.3,232.6,310.1,103.4
61,mujer,194.9,90.3,intenso,bajar,2355.1,176.6,235.5,78.5
19,mujer,176.2,96.7,intenso,mantener,3126.1,234.5,312.6,104.2
27,hombre,169.8,56.5,moderado,mantener,2319.2,173.9,231.9,77.3
32,mujer,190.8,91.3,sedentario,subir,2541.4,190.6,254.1,84.7
18,hombre,171.2,108.4,sedentario,subir,2882.8,216.2,288.3,96.1
26,hombre,167.5,46.2,moderado,subir,2545.0,190.9,254.5,84.8
56,hombre,172.4,54.2,ligero,mantener,1848.7,138.7,184.9,61.6
18,mujer,163.4,85.9,muy_intenso,subir,3495.6,262.2,349.6,116.5
47,hombre,158.3,49.9,sedentario,mantener,1510.0,113.3,151.0,50.3
51,hombre,186.3,58.6,intenso,subir,2988.1,224.1,298.8,99.6
40,mujer,173.5,80.2,intenso,bajar,2131.3,159.8,213.1,71.0
41,mujer,173.0,77.1,intenso,mantener,2563.8,192.3,256.4,85.5
46,hombre,161.2,91.7,moderado,subir,3034.2,227.6,303.4,101.1
33,hombre,194.8,57.5,intenso,bajar,2316.1,173.7,231.6,77.2
48,hombre,185.6,47.2,sedentario,subir,2076.4,155.7,207.6,69.2
25,mujer,153.0,103.8,ligero,bajar,1848.8,138.7,184.9,61.6
65,mujer,167.4,79.7,intenso,subir,2741.3,205.6,274.1,91.4
37,mujer,158.0,51.0,muy_intenso,subir,2587.8,194.1,258.8,86.3
41,hombre,167.4,78.5,moderado,mantener,2528.4,189.6,252.8,84.3
28,hombre,188.8,71.8,moderado,mantener,2732.7,204.9,273.3,91.1
26,mujer,157.9,78.2,ligero,subir,2432.1,182.4,243.2,81.1
44,hombre,150.8,108.4,moderado,bajar,2307.8,173.1,230.8,76.9
37,hombre,159.7,94.8,intenso,bajar,2546.6,191.0,254.7,84.9
34,hombre,163.1,83.5,sedentario,bajar,1527.2,114.5,152.7,50.9
23,mujer,172.9,50.5,intenso,mantener,2259.1,169.4,225.9,75.3
29,mujer,194.7,73.3,sedentario,bajar,1472.6,110.4,147.3,49.1
41,mujer,191.7,103.7,sedentario,mantener,2242.9,168.2,224.3,74.8
65,mujer,168.6,98.9,intenso,subir,3085.4,231.4,308.5,102.8
23,hombre,173.3,88.3,intenso,mantener,3201.8,240.1,320.2,106.7
50,mujer,166.8,71.8,ligero,mantener,1855.6,139.2,185.6,61.9
27,mujer,157.7,92.9,moderado,subir,2908.9,218.2,290.9,97.0
28,hombre,184.9,86.8,sedentario,mantener,2266.3,170.0,226.6,75.5
59,mujer,153.9,109.8,intenso,bajar,2266.7,170.0,226.7,75.6
25,mujer,164.6,54.4,muy_intenso,subir,2844.8,213.4,284.5,94.8
54,hombre,161.4,48.3,muy_intenso,mantener,2330.8,174.8,233.1,77.7
44,mujer,189.4,68.9,ligero,bajar,1551.2,116.3,155.1,51.7
57,hombre,175.7,88.2,ligero,bajar,1837.7,137.8,183.8,61.3
54,mujer,178.8,46.0,intenso,bajar,1477.7,110.8,147.8,49.3
34,mujer,191.3,85.9,moderado,mantener,2671.6,200.4,267.2,89.1
64,mujer,165.1,49.1,ligero,bajar,1200,90.0,120.0,40.0
41,hombre,177.1,68.4,moderado,subir,2865.9,214.9,286.6,95.5
55,hombre,170.2,79.0,ligero,subir,2577.7,193.3,257.8,85.9
65,hombre,178.9,53.4,intenso,subir,2697.9,202.3,269.8,89.9
30,mujer,154.2,100.0,moderado,subir,2961.8,222.1,296.2,98.7
58,mujer,178.1,102.4,ligero,subir,2718.4,203.9,271.8,90.6
64,hombre,188.8,52.1,ligero,mantener,1905.8,142.9,190.6,63.5
49,hombre,187.6,84.1,intenso,subir,3459.3,259.4,345.9,115.3
37,mujer,155.8,88.4,muy_intenso,subir,3272.3,245.4,327.2,109.1
21,mujer,152.2,54.3,ligero,mantener,1688.8,126.7,168.9,56.3
34,hombre,150.3,107.1,moderado,bajar,2360.3,177.0,236.0,78.7
45,mujer,194.4,73.5,intenso,subir,3097.9,232.3,309.8,103.3
63,hombre,167.5,95.8,intenso,bajar,2423.7,181.8,242.4,80.8
24,hombre,175.7,65.0,intenso,bajar,2317.1,173.8,231.7,77.2
19,mujer,163.5,72.6,sedentario,bajar,1290.2,96.8,129.0,43.0
47,mujer,160.5,106.3,intenso,subir,3281.0,246.1,328.1,109.4
62,hombre,160.7,66.4,sedentario,bajar,1200,90.0,120.0,40.0
60,hombre,153.3,82.0,muy_intenso,mantener,2817.9,211.3,281.8,93.9
58,mujer,153.1,46.6,ligero,mantener,1336.3,100.2,133.6,44.5
34,hombre,189.8,86.3,moderado,mantener,2920.6,219.0,292.1,97.4
30,mujer,170.7,52.1,ligero,bajar,1255.7,94.2,125.6,41.9
38,hombre,173.3,103.2,intenso,mantener,3329.5,249.7,332.9,111.0
55,mujer,160.6,60.6,sedentario,bajar,1200,90.0,120.0,40.0
18,mujer,172.9,105.1,muy_intenso,subir,3973.2,298.0,397.3,132.4
20,mujer,191.3,105.5,intenso,subir,3832.1,287.4,383.2,127.7
19,mujer,164.9,95.7,muy_intenso,mantener,3290.1,246.8,329.0,109.7
23,hombre,190.4,99.9,muy_intenso,bajar,3450.1,258.8,345.0,115.0
25,hombre,165.5,78.3,sedentario,bajar,1536.8,115.3,153.7,51.2
58,hombre,169.0,89.2,intenso,bajar,2369.1,177.7,236.9,79.0
21,hombre,171.2,78.2,intenso,bajar,2522.2,189.2,252.2,84.1
44,mujer,178.0,109.6,moderado,subir,3232.6,242.4,323.3,107.8
49,hombre,193.4,69.8,ligero,mantener,2291.8,171.9,229.2,76.4
59,hombre,152.3,75.8,ligero,bajar,1452.3,108.9,145.2,48.4
38,hombre,163.7,85.5,sedentario,subir,2431.8,182.4,243.2,81.1
47,hombre,169.2,67.6,moderado,mantener,2330.4,174.8,233.0,77.7
22,mujer,150.2,94.5,ligero,mantener,2217.5,166.3,221.8,73.9
63,mujer,152.1,63.3,sedentario,bajar,1200,90.0,120.0,40.0
42,mujer,187.2,65.4,intenso,bajar,2006.4,150.5,200.6,66.9
51,hombre,180.4,53.7,moderado,bajar,1692.5,126.9,169.2,56.4
56,mujer,171.3,103.3,sedentario,subir,2395.1,179.6,239.5,79.8
50,mujer,158.0,83.1,intenso,mantener,2427.9,182.1,242.8,80.9
64,hombre,166.4,95.3,moderado,mantener,2600.9,195.1,260.1,86.7
33,mujer,189.4,66.5,intenso,bajar,2126.7,159.5,212.7,70.9
58,hombre,186.8,105.6,ligero,bajar,2165.4,162.4,216.5,72.2
40,mujer,154.5,79.8,moderado,mantener,2174.1,163.1,217.4,72.5
29,mujer,162.1,81.9,sedentario,subir,2231.3,167.4,223.1,74.4
63,mujer,154.7,88.0,intenso,mantener,2364.8,177.4,236.5,78.8
42,hombre,192.2,55.0,ligero,mantener,2126.1,159.5,212.6,70.9
62,mujer,167.5,98.2,ligero,bajar,1642.1,123.2,164.2,54.7
64,mujer,152.5,49.4,muy_intenso,mantener,1835.6,137.7,183.6,61.2
54,mujer,183.2,46.6,muy_intenso,mantener,2242.0,168.2,224.2,74.7
33,hombre,155.8,90.1,sedentario,bajar,1557.7,116.8,155.8,51.9
43,mujer,153.0,72.1,intenso,mantener,2244.7,168.3,224.5,74.8
30,mujer,166.1,80.5,intenso,bajar,2142.9,160.7,214.3,71.4
27,mujer,166.6,47.4,intenso,subir,2503.2,187.7,250.3,83.4
64,hombre,150.5,70.3,moderado,subir,2459.4,184.5,245.9,82.0
46,hombre,164.1,107.6,intenso,mantener,3237.2,242.8,323.7,107.9
24,mujer,184.0,102.9,moderado,mantener,2941.9,220.6,294.2,98.1
45,hombre,175.8,58.9,sedentario,mantener,1761.3,132.1,176.1,58.7
57,mujer,172.2,53.1,sedentario,subir,1793.5,134.5,179.4,59.8
57,mujer,160.5,109.8,sedentario,mantener,1986.1,149.0,198.6,66.2
55,hombre,169.2,63.0,muy_intenso,subir,3093.2,232.0,309.3,103.1
52,mujer,167.3,45.4,muy_intenso,subir,2449.4,183.7,244.9,81.6
49,hombre,176.2,70.0,sedentario,mantener,1873.5,140.5,187.4,62.4
25,hombre,168.9,95.1,sedentario,subir,2663.9,199.8,266.4,88.8
19,hombre,153.3,57.9,intenso,mantener,2496.3,187.2,249.6,83.2
19,hombre,164.4,70.7,ligero,mantener,2261.2,169.6,226.1,75.4
61,hombre,186.0,56.7,muy_intenso,bajar,2216.0,166.2,221.6,73.9
65,hombre,192.1,72.8,sedentario,subir,2330.3,174.8,233.0,77.7
63,hombre,152.1,67.8,intenso,bajar,1774.6,133.1,177.5,59.2
35,mujer,174.3,78.5,muy_intenso,bajar,2422.9,181.7,242.3,80.8
52,hombre,190.4,104.4,intenso,bajar,2913.8,218.5,291.4,97.1
29,hombre,155.0,104.4,sedentario,bajar,1747.3,131.0,174.7,58.2
35,hombre,178.3,65.6,muy_intenso,subir,3440.7,258.1,344.1,114.7
63,hombre,161.5,81.2,ligero,mantener,2078.1,155.9,207.8,69.3
18,hombre,176.8,84.2,muy_intenso,subir,3937.8,295.3,393.8,131.3
54,hombre,178.4,73.3,muy_intenso,mantener,3007.7,225.6,300.8,100.3
24,hombre,194.5,105.8,intenso,mantener,3723.6,279.3,372.4,124.1
52,hombre,176.1,59.0,ligero,mantener,1974.0,148.0,197.4,65.8
40,mujer,181.8,98.3,sedentario,mantener,2109.9,158.2,211.0,70.3
46,hombre,171.3,78.9,moderado,bajar,2033.7,152.5,203.4,67.8
19,mujer,151.8,55.4,intenso,bajar,1650.6,123.8,165.1,55.0
50,hombre,157.5,54.1,intenso,subir,2608.6,195.6,260.9,87.0
48,hombre,192.9,60.6,ligero,mantener,2167.9,162.6,216.8,72.3
52,mujer,163.2,70.0,moderado,bajar,1513.5,113.5,151.3,50.4
43,mujer,190.5,106.9,intenso,subir,3649.3,273.7,364.9,121.6
57,hombre,158.2,71.3,muy_intenso,subir,3101.3,232.6,310.1,103.4
40,hombre,168.0,103.1,muy_intenso,bajar,3083.4,231.3,308.3,102.8
59,mujer,161.3,83.8,intenso,bajar,1898.0,142.3,189.8,63.3
39,hombre,151.3,87.3,muy_intenso,mantener,3094.4,232.1,309.4,103.1
35,mujer,192.9,55.6,ligero,subir,2360.2,177.0,236.0,78.7
23,mujer,167.1,46.3,intenso,mantener,2124.1,159.3,212.4,70.8
50,hombre,151.5,80.9,ligero,bajar,1577.5,118.3,157.7,52.6
25,mujer,193.5,109.9,ligero,mantener,2780.8,208.6,278.1,92.7
64,hombre,169.8,57.6,ligero,subir,2218.1,166.4,221.8,73.9
53,mujer,159.4,108.5,intenso,mantener,2855.3,214.1,285.5,95.2
57,hombre,162.7,109.6,moderado,mantener,2841.0,213.1,284.1,94.7
45,hombre,169.5,89.0,moderado,subir,3080.5,231.0,308.1,102.7
61,mujer,187.5,69.0,ligero,bajar,1419.3,106.4,141.9,47.3
60,mujer,185.1,98.3,sedentario,bajar,1514.6,113.6,151.5,50.5
33,hombre,174.8,77.7,muy_intenso,subir,3648.0,273.6,364.8,121.6
42,mujer,163.2,95.2,ligero,mantener,2201.4,165.1,220.1,73.4
42,mujer,171.0,88.1,ligero,bajar,1670.8,125.3,167.1,55.7
48,hombre,177.6,61.2,moderado,bajar,1804.8,135.4,180.5,60.2
19,mujer,189.3,87.0,sedentario,mantener,2156.5,161.7,215.7,71.9
54,hombre,192.9,109.4,ligero,bajar,2297.6,172.3,229.8,76.6
43,hombre,189.8,92.9,intenso,subir,3686.6,276.5,368.7,122.9
28,hombre,184.7,103.4,ligero,bajar,2323.4,174.3,232.3,77.4
19,hombre,165.1,49.5,moderado,subir,2627.2,197.0,262.7,87.6
32,mujer,190.1,85.2,muy_intenso,bajar,2766.3,207.5,276.6,92.2
32,mujer,173.1,92.2,moderado,bajar,2108.5,158.1,210.8,70.3
28,hombre,176.6,45.1,ligero,bajar,1452.2,108.9,145.2,48.4
60,mujer,176.8,99.6,moderado,subir,2942.0,220.7,294.2,98.1
44,hombre,158.4,69.6,moderado,mantener,2280.1,171.0,228.0,76.0
21,mujer,154.2,64.1,moderado,subir,2475.1,185.6,247.5,82.5
60,hombre,177.4,95.0,moderado,bajar,2233.8,167.5,223.4,74.5
65,mujer,187.9,101.5,ligero,subir,2742.1,205.7,274.2,91.4
21,mujer,162.4,47.0,sedentario,bajar,1200,90.0,120.0,40.0
53,hombre,161.4,80.4,ligero,mantener,2135.0,160.1,213.5,71.2
56,mujer,151.8,94.0,sedentario,bajar,1237.3,92.8,123.7,41.2
33,hombre,162.1,89.7,moderado,mantener,2712.7,203.5,271.3,90.4
24,mujer,181.3,104.1,moderado,mantener,2934.3,220.1,293.4,97.8
18,mujer,168.6,81.0,muy_intenso,mantener,3064.2,229.8,306.4,102.1
47,mujer,178.9,51.9,ligero,subir,2106.5,158.0,210.7,70.2
32,hombre,155.4,59.7,muy_intenso,subir,3085.2,231.4,308.5,102.8
32,mujer,157.9,95.7,sedentario,subir,2347.4,176.1,234.7,78.2
42,mujer,171.7,103.3,intenso,bajar,2493.1,187.0,249.3,83.1
59,mujer,155.0,61.1,muy_intenso,bajar,1635.1,122.6,163.5,54.5
53,mujer,182.1,63.4,intenso,subir,2722.1,204.2,272.2,90.7
31,hombre,175.8,65.3,moderado,bajar,1982.7,148.7,198.3,66.1
52,hombre,180.9,55.5,ligero,mantener,1967.1,147.5,196.7,65.6
55,hombre,173.2,76.9,ligero,subir,2574.6,193.1,257.5,85.8
26,mujer,151.3,49.3,moderado,mantener,1778.8,133.4,177.9,59.3
29,hombre,177.8,93.9,sedentario,subir,2692.3,201.9,269.2,89.7
19,hombre,180.9,82.9,ligero,bajar,2070.7,155.3,207.1,69.0
63,hombre,163.5,67.0,sedentario,bajar,1200,90.0,120.0,40.0
31,mujer,161.2,53.8,intenso,bajar,1620.9,121.6,162.1,54.0
46,hombre,162.1,100.3,moderado,mantener,2776.2,208.2,277.6,92.5
49,hombre,177.0,47.6,moderado,mantener,2080.5,156.0,208.0,69.3
28,hombre,150.7,88.5,sedentario,bajar,1530.2,114.8,153.0,51.0
58,hombre,187.7,106.7,muy_intenso,subir,4114.7,308.6,411.5,137.2
51,mujer,153.4,84.3,moderado,bajar,1647.9,123.6,164.8,54.9
20,mujer,157.7,83.2,muy_intenso,bajar,2457.6,184.3,245.8,81.9
19,mujer,167.0,77.2,ligero,bajar,1644.7,123.3,164.5,54.8
43,hombre,174.4,65.1,sedentario,subir,2237.2,167.8,223.7,74.6
55,hombre,169.1,99.5,sedentario,mantener,2138.2,160.4,213.8,71.3
38,hombre,154.9,70.1,muy_intenso,bajar,2319.8,174.0,232.0,77.3
62,hombre,189.0,92.4,ligero,subir,2875.3,215.7,287.5,95.8
63,hombre,176.5,86.5,muy_intenso,bajar,2650.4,198.8,265.0,88.3
43,mujer,179.1,109.3,muy_intenso,mantener,3489.1,261.7,348.9,116.3
46,hombre,154.9,62.2,sedentario,bajar,1200,90.0,120.0,40.0
44,hombre,159.2,46.9,muy_intenso,bajar,1873.1,140.5,187.3,62.4
47,hombre,164.8,75.8,muy_intenso,subir,3360.2,252.0,336.0,112.0
51,hombre,178.5,50.1,ligero,subir,2279.1,170.9,227.9,76.0
27,hombre,170.3,106.9,sedentario,mantener,2404.0,180.3,240.4,80.1
25,mujer,172.2,109.9,muy_intenso,mantener,3589.6,269.2,359.0,119.7
62,hombre,168.5,49.0,muy_intenso,mantener,2352.4,176.4,235.2,78.4
32,mujer,187.0,91.6,sedentario,bajar,1616.5,121.2,161.7,53.9
45,mujer,165.1,72.9,ligero,bajar,1390.5,104.3,139.0,46.3
39,mujer,155.9,97.2,sedentario,subir,2308.4,173.1,230.8,76.9
64,mujer,156.0,106.0,sedentario,mantener,1864.8,139.9,186.5,62.2
20,mujer,166.8,59.0,muy_intenso,subir,3005.8,225.4,300.6,100.2
65,hombre,192.3,77.5,moderado,mantener,2568.2,192.6,256.8,85.6
52,hombre,190.1,62.5,sedentario,mantener,1869.8,140.2,187.0,62.3
30,mujer,150.3,97.1,muy_intenso,bajar,2538.8,190.4,253.9,84.6
34,hombre,189.2,57.0,muy_intenso,bajar,2516.2,188.7,251.6,83.9
61,hombre,170.6,50.8,intenso,bajar,1698.1,127.4,169.8,56.6
33,hombre,190.9,64.4,ligero,bajar,1806.0,135.5,180.6,60.2
32,mujer,165.7,49.9,sedentario,mantener,1456.3,109.2,145.6,48.5
58,hombre,156.2,79.1,muy_intenso,bajar,2316.3,173.7,231.6,77.2
47,hombre,171.2,62.1,intenso,bajar,2020.2,151.5,202.0,67.3
31,hombre,155.4,70.4,intenso,subir,3031.1,227.3,303.1,101.0
64,hombre,154.9,53.6,moderado,mantener,1843.1,138.2,184.3,61.4
41,mujer,176.0,87.5,sedentario,mantener,1930.8,144.8,193.1,64.4
33,hombre,169.3,79.2,sedentario,bajar,1528.1,114.6,152.8,50.9
23,hombre,158.9,77.9,intenso,mantener,2867.2,215.0,286.7,95.6
56,mujer,179.7,70.8,intenso,bajar,1898.0,142.3,189.8,63.3
30,mujer,155.2,108.0,ligero,bajar,1891.1,141.8,189.1,63.0
29,mujer,155.4,100.4,muy_intenso,subir,3571.6,267.9,357.2,119.1
27,hombre,185.4,59.2,sedentario,subir,2344.9,175.9,234.5,78.2
29,mujer,174.2,71.9,intenso,bajar,2090.5,156.8,209.1,69.7
45,mujer,181.0,72.2,ligero,bajar,1517.5,113.8,151.7,50.6
56,hombre,168.5,74.3,sedentario,bajar,1325.3,99.4,132.5,44.2
27,mujer,167.5,85.1,sedentario,subir,2322.2,174.2,232.2,77.4
36,hombre,188.8,71.1,moderado,bajar,2159.8,162.0,216.0,72.0
55,mujer,168.9,79.3,moderado,bajar,1689.6,126.7,169.0,56.3
63,hombre,182.2,69.9,intenso,subir,3035.4,227.7,303.5,101.2
55,mujer,160.9,47.7,sedentario,subir,1656.0,124.2,165.6,55.2
20,hombre,178.4,64.0,ligero,mantener,2282.5,171.2,228.2,76.1
56,mujer,164.3,90.4,ligero,bajar,1548.6,116.1,154.9,51.6
44,mujer,194.6,49.3,ligero,mantener,1826.3,137.0,182.6,60.9
43,mujer,183.9,81.7,moderado,subir,2865.1,214.9,286.5,95.5
42,mujer,178.8,81.2,intenso,mantener,2688.4,201.6,268.8,89.6
35,mujer,174.3,104.4,muy_intenso,subir,3815.0,286.1,381.5,127.2
63,hombre,191.5,47.2,sedentario,subir,2030.6,152.3,203.1,67.7
28,mujer,172.2,88.5,moderado,mantener,2573.4,193.0,257.3,85.8
61,mujer,189.9,58.5,sedentario,subir,1967.0,147.5,196.7,65.6
25,mujer,172.0,54.2,moderado,subir,2463.1,184.7,246.3,82.1
20,mujer,181.0,83.8,intenso,mantener,2946.7,221.0,294.7,98.2
57,hombre,162.2,59.9,intenso,mantener,2299.0,172.4,229.9,76.6
26,mujer,190.6,54.7,sedentario,bajar,1236.7,92.8,123.7,41.2
29,mujer,153.5,50.2,ligero,subir,1988.6,149.1,198.9,66.3
64,hombre,156.4,49.4,intenso,bajar,1495.0,112.1,149.5,49.8
63,mujer,184.4,47.6,sedentario,subir,1783.0,133.7,178.3,59.4
44,mujer,183.2,47.1,sedentario,mantener,1482.0,111.1,148.2,49.4
33,hombre,166.1,53.1,sedentario,bajar,1200,90.0,120.0,40.0
42,mujer,172.8,93.5,sedentario,bajar,1472.8,110.5,147.3,49.1
45,hombre,162.9,83.5,muy_intenso,subir,3502.9,262.7,350.3,116.8
48,mujer,190.0,98.3,ligero,subir,2833.1,212.5,283.3,94.4
53,hombre,167.1,92.7,moderado,mantener,2652.6,198.9,265.3,88.4
38,hombre,167.9,96.6,intenso,bajar,2657.4,199.3,265.7,88.6
43,mujer,170.4,93.7,sedentario,subir,2351.2,176.3,235.1,78.4
55,mujer,169.1,58.6,ligero,subir,2059.5,154.5,205.9,68.6
59,mujer,160.4,63.9,sedentario,bajar,1200,90.0,120.0,40.0
65,mujer,169.9,84.4,muy_intenso,bajar,2197.8,164.8,219.8,73.3
42,hombre,151.2,88.5,moderado,subir,2918.8,218.9,291.9,97.3
52,mujer,174.6,60.0,moderado,mantener,1968.9,147.7,196.9,65.6
53,hombre,169.9,95.4,intenso,subir,3428.9,257.2,342.9,114.3
33,hombre,182.6,98.2,ligero,subir,3099.5,232.5,309.9,103.3
50,mujer,192.6,51.5,muy_intenso,subir,2884.7,216.4,288.5,96.2
33,mujer,192.2,52.5,muy_intenso,bajar,2160.5,162.0,216.0,72.0
63,hombre,152.2,90.4,intenso,mantener,2665.6,199.9,266.6,88.9
54,mujer,191.2,66.1,muy_intenso,subir,3107.5,233.1,310.8,103.6
38,mujer,190.3,97.1,intenso,bajar,2621.2,196.6,262.1,87.4
64,hombre,172.5,58.5,moderado,subir,2489.6,186.7,249.0,83.0
43,mujer,178.2,83.6,intenso,subir,3114.7,233.6,311.5,103.8
54,mujer,169.5,81.9,ligero,mantener,1990.1,149.3,199.0,66.3
45,mujer,152.2,53.0,muy_intenso,subir,2481.0,186.1,248.1,82.7
26,mujer,173.4,79.7,muy_intenso,mantener,3020.5,226.5,302.1,100.7
26,hombre,173.3,60.8,sedentario,mantener,1879.3,141.0,187.9,62.6
35,mujer,169.0,91.4,muy_intenso,mantener,3105.1,232.9,310.5,103.5
19,mujer,189.5,99.6,sedentario,bajar,1809.2,135.7,180.9,60.3
41,mujer,192.4,83.6,ligero,mantener,2299.7,172.5,230.0,76.7
37,hombre,155.4,55.8,sedentario,subir,2019.1,151.4,201.9,67.3
40,hombre,191.1,98.3,sedentario,mantener,2378.8,178.4,237.9,79.3
36,hombre,160.8,103.8,moderado,subir,3295.4,247.2,329.5,109.8
58,hombre,158.9,69.7,muy_intenso,mantener,2669.7,200.2,267.0,89.0
35,mujer,187.3,51.6,moderado,mantener,2093.5,157.0,209.3,69.8
57,mujer,174.0,56.5,sedentario,bajar,1200,90.0,120.0,40.0
65,mujer,173.6,96.8,ligero,bajar,1654.6,124.1,165.5,55.2
32,hombre,167.4,81.3,ligero,bajar,1843.3,138.3,184.3,61.4
35,mujer,160.1,80.4,moderado,subir,2676.4,200.7,267.6,89.2
34,mujer,172.8,95.2,moderado,mantener,2636.6,197.7,263.7,87.9
57,mujer,168.6,85.9,intenso,subir,2930.1,219.8,293.0,97.7
51,mujer,176.5,67.2,sedentario,subir,2031.0,152.3,203.1,67.7
41,hombre,191.0,96.0,moderado,subir,3428.3,257.1,342.8,114.3
34,mujer,170.5,109.2,sedentario,subir,2591.9,194.4,259.2,86.4
44,hombre,182.8,57.3,ligero,subir,2463.2,184.7,246.3,82.1
59,hombre,167.6,65.3,moderado,mantener,2186.3,164.0,218.6,72.9
44,hombre,179.6,77.3,sedentario,subir,2416.6,181.2,241.7,80.6
52,hombre,189.3,96.7,muy_intenso,bajar,3100.7,232.6,310.1,103.4
22,hombre,166.1,79.1,sedentario,bajar,1568.9,117.7,156.9,52.3
46,mujer,168.4,102.6,moderado,mantener,2615.6,196.2,261.6,87.2
31,hombre,155.0,74.5,ligero,subir,2550.2,191.3,255.0,85.0
56,hombre,158.3,85.7,muy_intenso,subir,3385.6,253.9,338.6,112.9
61,mujer,189.5,50.6,moderado,mantener,1897.8,142.3,189.8,63.3
56,mujer,162.6,83.4,muy_intenso,mantener,2677.6,200.8,267.8,89.3
43,hombre,166.5,57.6,sedentario,bajar,1200,90.0,120.0,40.0
41,mujer,163.6,102.6,intenso,mantener,2902.3,217.7,290.2,96.7
44,mujer,166.3,96.4,muy_intenso,bajar,2582.5,193.7,258.3,86.1
62,mujer,164.8,87.4,ligero,bajar,1470.4,110.3,147.0,49.0
47,mujer,153.9,53.7,moderado,bajar,1209.5,90.7,120.9,40.3
28,hombre,159.9,59.3,intenso,subir,2914.0,218.5,291.4,97.1
19,hombre,188.1,66.7,moderado,mantener,2716.6,203.7,271.7,90.6
30,mujer,170.7,65.9,intenso,bajar,1940.7,145.5,194.1,64.7
61,hombre,171.0,97.6,sedentario,subir,2493.7,187.0,249.4,83.1
41,hombre,193.9,63.1,ligero,bajar,1759.0,131.9,175.9,58.6
49,mujer,176.8,70.8,muy_intenso,bajar,2173.3,163.0,217.3,72.4
55,hombre,190.8,83.6,sedentario,mantener,2110.2,158.3,211.0,70.3
20,hombre,160.9,102.0,intenso,bajar,2830.3,212.3,283.0,94.3
45,hombre,162.8,88.6,ligero,mantener,2314.8,173.6,231.5,77.2
20,mujer,186.5,67.8,intenso,bajar,2230.0,167.3,223.0,74.3
22,mujer,150.4,45.1,moderado,subir,2136.0,160.2,213.6,71.2
47,hombre,162.0,84.3,sedentario,bajar,1450.6,108.8,145.1,48.4
46,mujer,173.4,100.0,ligero,mantener,2327.5,174.6,232.8,77.6
52,hombre,154.8,109.6,intenso,mantener,3119.7,234.0,312.0,104.0
23,mujer,151.0,67.8,moderado,mantener,2085.9,156.4,208.6,69.5
29,hombre,187.7,74.2,muy_intenso,mantener,3372.7,253.0,337.3,112.4
28,mujer,151.9,50.0,intenso,subir,2380.9,178.6,238.1,79.4
31,hombre,184.0,46.3,sedentario,bajar,1255.6,94.2,125.6,41.9
54,mujer,177.1,60.8,ligero,subir,2165.3,162.4,216.5,72.2
58,mujer,164.7,59.7,moderado,subir,2221.8,166.6,222.2,74.1
33,hombre,191.9,87.0,moderado,mantener,2959.5,222.0,296.0,98.7
42,mujer,158.4,88.5,sedentario,subir,2204.8,165.4,220.5,73.5
63,mujer,187.1,48.3,intenso,bajar,1529.2,114.7,152.9,51.0
34,mujer,158.5,51.1,sedentario,mantener,1404.8,105.4,140.5,46.8
58,mujer,177.7,103.0,intenso,subir,3314.6,248.6,331.5,110.5
41,mujer,158.9,77.8,moderado,subir,2577.9,193.3,257.8,85.9
52,mujer,184.8,91.9,moderado,bajar,2062.2,154.7,206.2,68.7
41,hombre,188.0,86.7,intenso,mantener,3177.5,238.3,317.7,105.9
40,hombre,185.5,108.7,sedentario,mantener,2461.7,184.6,246.2,82.1
45,hombre,176.1,76.4,ligero,mantener,2261.4,169.6,226.1,75.4
36,hombre,167.4,84.1,intenso,mantener,2953.6,221.5,295.4,98.5
34,mujer,163.2,80.2,intenso,bajar,2072.0,155.4,207.2,69.1
22,hombre,191.8,54.7,intenso,subir,3230.3,242.3,323.0,107.7
42,mujer,191.4,68.3,muy_intenso,mantener,2865.7,214.9,286.6,95.5
20,mujer,186.8,90.2,intenso,bajar,2619.7,196.5,262.0,87.3
56,hombre,168.7,50.8,ligero,subir,2170.1,162.8,217.0,72.3
29,mujer,184.3,63.6,moderado,subir,2696.9,202.3,269.7,89.9
57,hombre,194.1,69.4,intenso,bajar,2306.8,173.0,230.7,76.9
46,mujer,161.5,50.0,sedentario,mantener,1342.0,100.7,134.2,44.7
47,hombre,167.2,71.9,muy_intenso,subir,3314.6,248.6,331.5,110.5
25,hombre,173.6,102.5,sedentario,bajar,1888.0,141.6,188.8,62.9
60,hombre,185.2,66.1,moderado,mantener,2361.4,177.1,236.1,78.7
52,hombre,183.9,98.7,ligero,mantener,2586.9,194.0,258.7,86.2
60,hombre,185.6,75.2,sedentario,subir,2340.4,175.5,234.0,78.0
19,mujer,183.9,108.4,moderado,subir,3464.9,259.9,346.5,115.5
65,hombre,186.6,74.3,intenso,bajar,2241.5,168.1,224.1,74.7
62,mujer,150.2,101.6,moderado,subir,2699.8,202.5,270.0,90.0
59,mujer,176.5,88.8,muy_intenso,mantener,2916.7,218.8,291.7,97.2
20,mujer,172.7,90.3,intenso,mantener,2969.4,222.7,296.9,99.0
29,mujer,188.4,70.4,ligero,subir,2566.3,192.5,256.6,85.5
64,hombre,163.0,57.0,ligero,subir,2151.4,161.4,215.1,71.7
62,mujer,174.5,107.6,intenso,mantener,2925.0,219.4,292.5,97.5
48,hombre,169.7,68.7,moderado,bajar,1844.6,138.3,184.5,61.5
41,hombre,191.9,57.3,moderado,bajar,1937.2,145.3,193.7,64.6
46,mujer,186.7,106.2,muy_intenso,subir,3892.0,291.9,389.2,129.7
45,hombre,164.8,64.6,sedentario,bajar,1247.2,93.5,124.7,41.6
47,hombre,173.6,49.4,muy_intenso,subir,2963.1,222.2,296.3,98.8
52,mujer,169.0,79.9,intenso,subir,2874.1,215.6,287.4,95.8
50,hombre,152.3,70.1,intenso,mantener,2428.6,182.1,242.9,81.0
47,hombre,185.9,83.6,muy_intenso,bajar,2859.0,214.4,285.9,95.3
51,mujer,191.7,52.5,sedentario,bajar,1200,90.0,120.0,40.0
44,mujer,155.1,104.9,sedentario,mantener,1964.8,147.4,196.5,65.5
61,mujer,166.4,79.5,muy_intenso,bajar,2101.1,157.6,210.1,70.0
26,hombre,160.2,80.2,moderado,subir,3001.3,225.1,300.1,100.0
30,mujer,173.2,70.3,intenso,bajar,2043.5,153.3,204.4,68.1
39,mujer,156.8,85.6,muy_intenso,subir,3212.0,240.9,321.2,107.1
32,mujer,193.3,63.7,sedentario,mantener,1829.0,137.2,182.9,61.0
51,hombre,193.3,48.6,intenso,subir,2891.1,216.8,289.1,96.4
38,hombre,150.1,52.7,ligero,bajar,1260.2,94.5,126.0,42.0
28,mujer,190.6,45.3,muy_intenso,subir,2952.2,221.4,295.2,98.4
33,mujer,183.2,102.3,intenso,bajar,2677.5,200.8,267.7,89.2
47,hombre,168.4,70.4,moderado,bajar,1866.1,140.0,186.6,62.2
24,mujer,194.9,107.7,ligero,bajar,2269.4,170.2,226.9,75.6
57,hombre,186.0,59.8,moderado,mantener,2294.8,172.1,229.5,76.5
53,hombre,189.6,109.1,ligero,subir,3172.0,237.9,317.2,105.7
61,hombre,189.1,79.9,muy_intenso,subir,3593.7,269.5,359.4,119.8
38,hombre,182.5,55.9,intenso,subir,3012.7,226.0,301.3,100.4
63,mujer,188.4,57.6,muy_intenso,subir,2827.2,212.0,282.7,94.2
18,hombre,187.6,78.5,ligero,bajar,2074.7,155.6,207.5,69.2
30,mujer,174.8,68.6,moderado,bajar,1774.6,133.1,177.5,59.2
18,hombre,168.0,59.8,moderado,bajar,1922.7,144.2,192.3,64.1
41,hombre,183.9,61.7,ligero,mantener,2153.8,161.5,215.4,71.8
24,mujer,166.8,99.1,ligero,mantener,2409.7,180.7,241.0,80.3
50,mujer,192.2,79.3,ligero,mantener,2177.0,163.3,217.7,72.6
48,mujer,176.7,92.2,sedentario,subir,2350.4,176.3,235.0,78.3
33,mujer,189.7,103.8,intenso,subir,3673.4,275.5,367.3,122.4
28,hombre,187.0,46.5,moderado,subir,2723.1,204.2,272.3,90.8
35,hombre,191.0,70.2,sedentario,bajar,1570.9,117.8,157.1,52.4
60,hombre,184.3,64.9,sedentario,bajar,1307.0,98.0,130.7,43.6
41,hombre,186.4,95.8,sedentario,subir,2707.6,203.1,270.8,90.3
19,mujer,162.8,71.5,moderado,subir,2688.6,201.6,268.9,89.6
25,mujer,188.5,50.4,ligero,bajar,1419.7,106.5,142.0,47.3
59,mujer,152.7,54.3,intenso,mantener,1796.4,134.7,179.6,59.9
23,mujer,187.1,90.2,ligero,bajar,1968.6,147.6,196.9,65.6
65,hombre,190.6,75.1,intenso,subir,3198.4,239.9,319.8,106.6
42,mujer,191.3,90.2,moderado,subir,3076.3,230.7,307.6,102.5
19,mujer,159.4,87.7,moderado,subir,2906.7,218.0,290.7,96.9
22,mujer,194.3,65.5,moderado,subir,2877.5,215.8,287.7,95.9
29,mujer,174.8,100.8,intenso,mantener,3095.5,232.2,309.6,103.2
30,mujer,180.0,45.5,sedentario,bajar,1200,90.0,120.0,40.0
26,hombre,187.6,77.4,moderado,bajar,2323.3,174.2,232.3,77.4
59,hombre,171.0,86.5,sedentario,subir,2372.5,177.9,237.2,79.1
27,hombre,192.3,103.7,sedentario,bajar,2030.7,152.3,203.1,67.7
48,hombre,158.0,56.1,ligero,mantener,1806.1,135.5,180.6,60.2
54,mujer,162.2,107.3,intenso,subir,3256.2,244.2,325.6,108.5
26,hombre,156.6,64.8,ligero,subir,2464.9,184.9,246.5,82.2
24,hombre,180.6,107.7,intenso,bajar,3106.5,233.0,310.7,103.6
34,hombre,151.8,103.1,moderado,bajar,2312.9,173.5,231.3,77.1
64,hombre,195.0,62.2,muy_intenso,subir,3298.9,247.4,329.9,110.0
57,hombre,178.0,55.0,sedentario,bajar,1200,90.0,120.0,40.0
61,mujer,154.9,78.2,intenso,mantener,2215.1,166.1,221.5,73.8
59,mujer,180.1,76.0,intenso,subir,2866.1,215.0,286.6,95.5
34,mujer,176.9,84.2,muy_intenso,mantener,3071.6,230.4,307.2,102.4
62,mujer,188.1,54.5,sedentario,bajar,1200,90.0,120.0,40.0
23,hombre,158.8,72.0,muy_intenso,mantener,3044.8,228.4,304.5,101.5
63,hombre,167.5,66.1,ligero,subir,2322.1,174.2,232.2,77.4
57,mujer,193.1,71.8,intenso,bajar,2051.1,153.8,205.1,68.4
50,hombre,189.9,69.6,ligero,bajar,1752.1,131.4,175.2,58.4
35,hombre,177.3,85.1,muy_intenso,mantener,3399.3,255.0,339.9,113.3
40,hombre,174.9,52.2,intenso,mantener,2449.7,183.7,245.0,81.7
58,mujer,182.7,89.7,moderado,mantener,2461.2,184.6,246.1,82.0
32,mujer,152.7,69.9,intenso,mantener,2298.3,172.4,229.8,76.6
38,mujer,178.2,68.6,intenso,mantener,2499.1,187.4,249.9,83.3
32,mujer,171.4,100.4,moderado,bajar,2219.1,166.4,221.9,74.0
43,hombre,194.9,86.7,moderado,mantener,2906.4,218.0,290.6,96.9
58,hombre,154.1,46.2,muy_intenso,bajar,1666.2,125.0,166.6,55.5
53,hombre,181.5,67.1,muy_intenso,bajar,2436.2,182.7,243.6,81.2
28,hombre,151.5,85.4,moderado,bajar,2082.1,156.2,208.2,69.4
33,mujer,194.7,100.3,sedentario,bajar,1772.7,132.9,177.3,59.1
32,mujer,174.2,83.4,intenso,bajar,2263.0,169.7,226.3,75.4
26,mujer,180.1,89.3,moderado,subir,3077.8,230.8,307.8,102.6
44,mujer,162.1,85.1,muy_intenso,bajar,2317.9,173.8,231.8,77.3
31,mujer,170.5,56.4,intenso,subir,2666.0,200.0,266.6,88.9
64,hombre,167.2,74.2,intenso,bajar,2039.2,152.9,203.9,68.0
18,mujer,168.7,74.4,sedentario,mantener,1856.8,139.3,185.7,61.9
21,hombre,164.6,62.8,intenso,mantener,2685.4,201.4,268.5,89.5
46,mujer,153.5,99.7,muy_intenso,mantener,2974.2,223.1,297.4,99.1
43,mujer,162.1,90.4,ligero,bajar,1619.0,121.4,161.9,54.0
33,mujer,182.1,75.7,moderado,bajar,1932.1,144.9,193.2,64.4
46,mujer,159.9,106.6,sedentario,mantener,2009.2,150.7,200.9,67.0
31,hombre,171.4,104.1,sedentario,bajar,1854.7,139.1,185.5,61.8
36,mujer,181.8,107.0,sedentario,mantener,2238.3,167.9,223.8,74.6
52,hombre,185.9,65.3,muy_intenso,mantener,2963.8,222.3,296.4,98.8
65,hombre,179.7,106.2,sedentario,subir,2638.2,197.9,263.8,87.9
24,mujer,180.6,48.1,moderado,subir,2459.6,184.5,246.0,82.0
38,mujer,160.4,55.6,sedentario,mantener,1449.0,108.7,144.9,48.3
34,mujer,164.1,73.7,sedentario,mantener,1718.0,128.8,171.8,57.3
42,mujer,159.2,96.3,moderado,bajar,1959.8,147.0,196.0,65.3
54,hombre,179.4,79.5,intenso,subir,3248.4,243.6,324.8,108.3
42,mujer,166.1,70.8,intenso,bajar,1872.1,140.4,187.2,62.4
25,hombre,185.6,67.9,moderado,mantener,2664.5,199.8,266.4,88.8
60,mujer,171.2,101.1,ligero,mantener,2227.5,167.1,222.8,74.2
33,hombre,165.6,54.9,intenso,subir,2856.4,214.2,285.6,95.2
35,hombre,160.1,59.3,sedentario,subir,2108.3,158.1,210.8,70.3
58,hombre,153.4,101.2,muy_intenso,bajar,2702.9,202.7,270.3,90.1
52,mujer,178.9,79.9,muy_intenso,subir,3242.6,243.2,324.3,108.1
25,mujer,152.7,80.6,ligero,bajar,1527.3,114.5,152.7,50.9
51,mujer,165.4,61.4,sedentario,mantener,1478.1,110.9,147.8,49.3
52,hombre,188.0,49.2,sedentario,bajar,1200,90.0,120.0,40.0
21,mujer,173.9,47.6,moderado,bajar,1510.2,113.3,151.0,50.3
63,hombre,188.9,107.2,muy_intenso,subir,4091.0,306.8,409.1,136.4
61,hombre,156.3,80.0,moderado,subir,2689.2,201.7,268.9,89.6
31,mujer,160.6,51.8,moderado,subir,2268.9,170.2,226.9,75.6
30,mujer,183.5,92.5,moderado,subir,3129.4,234.7,312.9,104.3
22,mujer,187.7,99.4,muy_intenso,subir,4002.6,300.2,400.3,133.4
56,hombre,192.7,55.9,muy_intenso,mantener,2827.9,212.1,282.8,94.3
56,hombre,188.1,91.8,sedentario,bajar,1682.3,126.2,168.2,56.1
60,hombre,163.1,102.4,muy_intenso,mantener,3321.9,249.1,332.2,110.7
55,mujer,172.8,75.9,ligero,bajar,1429.1,107.2,142.9,47.6
49,hombre,187.1,65.3,muy_intenso,subir,3406.5,255.5,340.7,113.6
26,hombre,176.8,73.7,ligero,bajar,1860.9,139.6,186.1,62.0
42,mujer,155.6,80.9,intenso,mantener,2433.1,182.5,243.3,81.1
27,hombre,179.1,45.3,sedentario,subir,2130.8,159.8,213.1,71.0
56,mujer,176.9,88.7,ligero,subir,2533.5,190.0,253.3,84.4
18,hombre,158.0,100.9,muy_intenso,bajar,3131.8,234.9,313.2,104.4
58,mujer,177.9,72.9,intenso,subir,2797.5,209.8,279.8,93.3
27,mujer,185.1,85.5,muy_intenso,bajar,2760.2,207.0,276.0,92.0
24,hombre,168.8,86.8,intenso,subir,3518.8,263.9,351.9,117.3
34,hombre,183.3,107.7,moderado,bajar,2689.3,201.7,268.9,89.6
49,mujer,190.4,60.0,intenso,bajar,1887.4,141.6,188.7,62.9
43,hombre,179.4,59.7,moderado,bajar,1837.8,137.8,183.8,61.3
38,hombre,175.3,89.3,intenso,mantener,3111.3,233.3,311.1,103.7
26,mujer,176.7,96.3,muy_intenso,mantener,3375.1,253.1,337.5,112.5
41,mujer,176.1,98.3,muy_intenso,bajar,2763.5,207.3,276.3,92.1
38,hombre,154.1,78.9,sedentario,mantener,1880.5,141.0,188.1,62.7
27,mujer,191.3,62.0,muy_intenso,bajar,2387.3,179.0,238.7,79.6
18,mujer,162.1,109.5,sedentario,bajar,1728.5,129.6,172.9,57.6
37,mujer,170.2,75.9,ligero,mantener,2030.5,152.3,203.1,67.7
43,hombre,190.6,65.9,muy_intenso,subir,3516.5,263.7,351.6,117.2
47,hombre,156.1,54.0,muy_intenso,bajar,1942.7,145.7,194.3,64.8
35,mujer,189.2,50.1,intenso,bajar,1824.4,136.8,182.4,60.8
28,hombre,165.6,70.1,muy_intenso,mantener,3041.9,228.1,304.2,101.4
44,hombre,167.3,73.4,intenso,mantener,2699.0,202.4,269.9,90.0
32,mujer,150.8,80.2,sedentario,bajar,1208.2,90.6,120.8,40.3
63,hombre,190.3,98.1,moderado,mantener,2883.6,216.3,288.4,96.1
44,mujer,177.2,65.2,moderado,bajar,1636.7,122.8,163.7,54.6
53,mujer,159.1,99.0,sedentario,subir,2270.1,170.3,227.0,75.7
44,mujer,191.3,86.6,sedentario,subir,2416.8,181.3,241.7,80.6
64,hombre,174.7,83.3,moderado,mantener,2495.3,187.1,249.5,83.2
43,hombre,158.6,67.0,muy_intenso,bajar,2257.4,169.3,225.7,75.2
30,mujer,194.6,67.8,intenso,bajar,2231.1,167.3,223.1,74.4
55,mujer,177.7,94.1,moderado,bajar,2004.2,150.3,200.4,66.8
61,mujer,175.6,88.1,moderado,mantener,2344.4,175.8,234.4,78.1
42,mujer,177.5,101.4,moderado,subir,3116.2,233.7,311.6,103.9
27,mujer,167.1,78.8,moderado,bajar,1881.4,141.1,188.1,62.7
20,hombre,189.1,71.5,moderado,subir,3192.9,239.5,319.3,106.4
42,hombre,154.4,80.8,muy_intenso,subir,3379.2,253.4,337.9,112.6
65,hombre,161.3,105.7,muy_intenso,mantener,3315.7,248.7,331.6,110.5
56,mujer,188.3,106.5,sedentario,subir,2561.0,192.1,256.1,85.4
21,mujer,161.4,68.3,moderado,subir,2609.9,195.7,261.0,87.0
33,hombre,194.7,91.8,ligero,bajar,2215.5,166.2,221.5,73.8
33,mujer,154.1,104.1,sedentario,mantener,2013.8,151.0,201.4,67.1
19,mujer,161.4,74.0,moderado,subir,2713.8,203.5,271.4,90.5
37,mujer,189.3,85.9,moderado,subir,3029.0,227.2,302.9,101.0
25,mujer,165.6,106.3,moderado,bajar,2308.6,173.1,230.9,77.0
19,hombre,177.1,53.9,moderado,mantener,2411.6,180.9,241.2,80.4
51,hombre,161.2,68.7,muy_intenso,bajar,2244.5,168.3,224.5,74.8
19,hombre,182.3,88.4,intenso,subir,3735.1,280.1,373.5,124.5
61,hombre,195.0,79.7,intenso,bajar,2459.7,184.5,246.0,82.0
62,hombre,183.8,49.5,moderado,mantener,2075.1,155.6,207.5,69.2
61,hombre,181.8,54.3,moderado,bajar,1637.8,122.8,163.8,54.6
64,mujer,167.0,65.0,sedentario,subir,1855.3,139.1,185.5,61.8
19,mujer,161.5,54.5,ligero,subir,2185.3,163.9,218.5,72.8
40,mujer,194.1,59.0,ligero,subir,2382.9,178.7,238.3,79.4
45,hombre,180.0,58.2,moderado,bajar,1804.8,135.4,180.5,60.2
18,hombre,183.1,101.7,moderado,bajar,2718.4,203.9,271.8,90.6
64,mujer,164.4,70.7,intenso,bajar,1662.3,124.7,166.2,55.4
43,mujer,154.5,94.4,muy_intenso,mantener,2913.9,218.5,291.4,97.1
21,hombre,158.9,60.5,intenso,bajar,2084.3,156.3,208.4,69.5
28,hombre,177.8,89.0,moderado,mantener,2892.7,217.0,289.3,96.4
52,hombre,155.5,105.0,ligero,mantener,2429.5,182.2,242.9,81.0
61,mujer,155.5,64.8,intenso,subir,2390.4,179.3,239.0,79.7
24,mujer,173.3,103.0,ligero,subir,2919.2,218.9,291.9,97.3
57,hombre,178.9,92.0,moderado,mantener,2725.1,204.4,272.5,90.8
53,mujer,183.7,51.9,sedentario,mantener,1489.3,111.7,148.9,49.6
23,hombre,192.0,101.0,intenso,bajar,3122.5,234.2,312.2,104.1
60,mujer,174.2,109.1,ligero,subir,2763.3,207.2,276.3,92.1
64,mujer,165.5,76.6,intenso,mantener,2275.9,170.7,227.6,75.9
50,hombre,175.7,74.6,intenso,bajar,2258.5,169.4,225.8,75.3
60,hombre,164.1,102.2,intenso,subir,3423.3,256.7,342.3,114.1
65,hombre,160.2,54.6,moderado,subir,2302.2,172.7,230.2,76.7
19,hombre,170.1,86.4,sedentario,bajar,1704.5,127.8,170.5,56.8
38,hombre,155.7,76.1,moderado,subir,2801.1,210.1,280.1,93.4
47,mujer,184.0,54.2,sedentario,bajar,1200,90.0,120.0,40.0
36,mujer,174.1,76.1,ligero,mantener,2073.7,155.5,207.4,69.1
64,hombre,180.0,75.7,moderado,mantener,2428.8,182.2,242.9,81.0
49,mujer,181.1,93.9,intenso,mantener,2871.9,215.4,287.2,95.7
64,mujer,185.8,93.5,muy_intenso,mantener,3069.0,230.2,306.9,102.3
34,hombre,184.0,108.7,ligero,mantener,2849.0,213.7,284.9,95.0
25,hombre,161.6,94.4,muy_intenso,subir,3884.6,291.3,388.5,129.5
40,mujer,151.8,56.0,intenso,subir,2379.9,178.5,238.0,79.3
51,mujer,193.9,79.3,sedentario,subir,2306.6,173.0,230.7,76.9
52,mujer,182.1,53.8,sedentario,bajar,1200,90.0,120.0,40.0
61,mujer,160.2,57.5,intenso,subir,2315.2,173.6,231.5,77.2
34,mujer,186.3,109.4,intenso,subir,3724.7,279.4,372.5,124.2
57,hombre,150.4,106.7,sedentario,subir,2472.4,185.4,247.2,82.4
48,mujer,174.3,105.0,muy_intenso,subir,3702.9,277.7,370.3,123.4
28,hombre,172.5,49.7,ligero,mantener,1980.2,148.5,198.0,66.0
46,mujer,184.2,82.4,intenso,subir,3132.8,235.0,313.3,104.4
42,mujer,170.9,62.0,moderado,mantener,2041.5,153.1,204.2,68.1
23,hombre,185.0,69.4,intenso,subir,3401.9,255.1,340.2,113.4
33,hombre,157.5,84.9,sedentario,bajar,1508.0,113.1,150.8,50.3
53,hombre,150.2,97.1,sedentario,mantener,1979.7,148.5,198.0,66.0
64,hombre,188.2,46.4,ligero,bajar,1322.2,99.2,132.2,44.1
65,hombre,185.5,92.2,muy_intenso,mantener,3346.6,251.0,334.7,111.6
61,mujer,153.3,85.1,intenso,bajar,1816.9,136.3,181.7,60.6
26,mujer,165.0,58.3,sedentario,subir,1987.9,149.1,198.8,66.3
40,mujer,182.8,88.5,ligero,subir,2691.4,201.9,269.1,89.7
65,hombre,194.5,50.8,moderado,subir,2575.6,193.2,257.6,85.9
23,hombre,186.0,106.6,moderado,mantener,3283.7,246.3,328.4,109.5
50,hombre,173.3,57.0,moderado,subir,2582.6,193.7,258.3,86.1
40,mujer,163.5,86.7,sedentario,bajar,1333.5,100.0,133.3,44.4
25,mujer,150.0,67.1,muy_intenso,subir,2912.8,218.5,291.3,97.1
43,mujer,150.2,68.1,muy_intenso,bajar,1863.1,139.7,186.3,62.1
28,mujer,156.4,48.4,ligero,bajar,1200,90.0,120.0,40.0
40,mujer,185.0,51.6,moderado,mantener,2032.4,152.4,203.2,67.7
52,mujer,155.1,86.3,intenso,subir,2834.6,212.6,283.5,94.5
56,hombre,172.1,69.7,sedentario,bajar,1297.1,97.3,129.7,43.2
52,hombre,178.8,104.7,ligero,mantener,2625.6,196.9,262.6,87.5
55,mujer,161.3,83.5,moderado,mantener,2181.0,163.6,218.1,72.7
53,hombre,184.7,55.4,sedentario,subir,2138.1,160.4,213.8,71.3
41,hombre,179.9,95.5,intenso,subir,3641.9,273.1,364.2,121.4
23,mujer,180.2,77.6,intenso,mantener,2805.3,210.4,280.5,93.5
33,mujer,190.8,48.6,moderado,bajar,1596.4,119.7,159.6,53.2
19,mujer,186.0,99.0,ligero,mantener,2607.7,195.6,260.8,86.9
64,mujer,165.0,96.5,ligero,mantener,2083.5,156.3,208.3,69.4
35,mujer,182.5,96.3,sedentario,bajar,1621.2,121.6,162.1,54.0
35,mujer,164.5,76.7,sedentario,bajar,1251.0,93.8,125.1,41.7
42,hombre,177.8,66.2,moderado,mantener,2430.8,182.3,243.1,81.0
41,mujer,194.1,61.2,moderado,mantener,2261.6,169.6,226.2,75.4
47,mujer,167.4,58.0,moderado,mantener,1906.9,143.0,190.7,63.6
65,hombre,156.7,55.4,intenso,bajar,1593.1,119.5,159.3,53.1
38,mujer,174.3,81.2,intenso,subir,3074.4,230.6,307.4,102.5
57,mujer,150.2,60.5,intenso,mantener,1893.6,142.0,189.4,63.1
43,mujer,192.3,98.6,muy_intenso,bajar,2942.6,220.7,294.3,98.1
33,hombre,183.0,99.5,ligero,mantener,2720.8,204.1,272.1,90.7
24,mujer,187.6,95.8,moderado,subir,3266.7,245.0,326.7,108.9
46,mujer,157.3,70.5,muy_intenso,mantener,2464.5,184.8,246.5,82.2
36,hombre,158.0,66.1,moderado,mantener,2283.9,171.3,228.4,76.1
58,mujer,173.3,74.6,muy_intenso,bajar,2118.4,158.9,211.8,70.6
42,hombre,178.7,45.5,sedentario,bajar,1200,90.0,120.0,40.0
27,mujer,166.0,78.6,intenso,subir,3034.9,227.6,303.5,101.2
61,mujer,186.8,85.5,muy_intenso,mantener,2957.3,221.8,295.7,98.6
22,hombre,172.8,71.5,intenso,mantener,2915.2,218.6,291.5,97.2
39,mujer,193.8,99.4,sedentario,mantener,2219.1,166.4,221.9,74.0
18,mujer,176.5,53.1,ligero,subir,2301.8,172.6,230.2,76.7
49,mujer,179.1,103.1,muy_intenso,bajar,2814.3,211.1,281.4,93.8
18,mujer,181.1,73.6,moderado,bajar,2006.2,150.5,200.6,66.9
26,mujer,152.5,106.6,moderado,bajar,2178.6,163.4,217.9,72.6
18,hombre,178.3,58.9,muy_intenso,subir,3474.9,260.6,347.5,115.8
37,mujer,181.9,95.2,ligero,bajar,1896.5,142.2,189.6,63.2
30,hombre,193.5,53.2,moderado,subir,2874.4,215.6,287.4,95.8
30,hombre,159.6,89.2,intenso,mantener,3009.3,225.7,300.9,100.3
40,hombre,152.8,56.2,sedentario,mantener,1586.4,119.0,158.6,52.9
46,hombre,170.4,62.3,muy_intenso,mantener,2779.7,208.5,278.0,92.7
24,hombre,177.8,78.7,muy_intenso,bajar,2888.2,216.6,288.8,96.3
64,hombre,161.8,63.5,sedentario,subir,1997.5,149.8,199.8,66.6
52,mujer,177.5,102.5,moderado,subir,3055.7,229.2,305.6,101.9
29,hombre,162.0,62.7,moderado,bajar,1824.2,136.8,182.4,60.8
29,mujer,157.0,48.0,moderado,bajar,1290.6,96.8,129.1,43.0
20,hombre,159.4,98.1,intenso,subir,3646.9,273.5,364.7,121.6
39,hombre,161.0,78.7,muy_intenso,subir,3446.2,258.5,344.6,114.9
56,mujer,167.3,74.8,moderado,subir,2496.6,187.2,249.7,83.2
55,mujer,182.3,73.5,moderado,subir,2629.5,197.2,262.9,87.6
59,hombre,177.2,76.8,muy_intenso,bajar,2512.4,188.4,251.2,83.7
47,hombre,158.9,63.5,intenso,subir,2811.8,210.9,281.2,93.7
45,hombre,189.3,47.2,ligero,bajar,1473.3,110.5,147.3,49.1
64,mujer,153.0,76.1,moderado,mantener,1916.2,143.7,191.6,63.9
46,hombre,165.2,69.3,muy_intenso,mantener,2850.9,213.8,285.1,95.0
55,hombre,172.5,50.6,muy_intenso,mantener,2496.8,187.3,249.7,83.2
61,hombre,153.6,76.9,intenso,bajar,1965.0,147.4,196.5,65.5
56,hombre,184.8,87.1,intenso,mantener,3020.5,226.5,302.0,100.7
31,hombre,177.1,76.3,ligero,bajar,1864.8,139.9,186.5,62.2
38,mujer,165.0,85.5,muy_intenso,subir,3317.0,248.8,331.7,110.6
48,hombre,167.9,46.6,intenso,mantener,2208.6,165.6,220.9,73.6
23,mujer,184.0,108.1,intenso,subir,3772.4,282.9,377.2,125.7
35,hombre,173.2,71.4,sedentario,subir,2351.8,176.4,235.2,78.4
51,hombre,187.6,57.4,intenso,mantener,2581.5,193.6,258.1,86.0
25,mujer,158.3,67.4,intenso,mantener,2376.0,178.2,237.6,79.2
54,hombre,155.1,63.5,moderado,subir,2476.0,185.7,247.6,82.5
26,hombre,181.8,60.0,intenso,bajar,2279.4,171.0,227.9,76.0
61,hombre,167.8,87.5,ligero,bajar,1732.7,129.9,173.3,57.8
38,hombre,154.5,73.3,muy_intenso,bajar,2375.9,178.2,237.6,79.2
28,hombre,171.6,94.8,ligero,mantener,2592.6,194.4,259.3,86.4
22,hombre,150.3,107.6,moderado,subir,3361.1,252.1,336.1,112.0
56,mujer,162.1,74.3,ligero,subir,2208.3,165.6,220.8,73.6
46,mujer,169.7,65.6,ligero,subir,2222.7,166.7,222.3,74.1
50,mujer,169.0,59.9,sedentario,mantener,1493.1,112.0,149.3,49.8
34,mujer,176.9,65.6,ligero,bajar,1467.1,110.0,146.7,48.9
52,mujer,153.8,107.9,ligero,mantener,2226.5,167.0,222.6,74.2
25,mujer,168.4,80.7,moderado,bajar,1938.9,145.4,193.9,64.6
33,hombre,169.3,54.5,intenso,subir,2889.4,216.7,288.9,96.3
40,hombre,172.1,63.5,muy_intenso,mantener,2879.7,216.0,288.0,96.0
53,hombre,192.5,81.6,intenso,subir,3434.5,257.6,343.4,114.5
24,hombre,152.9,106.4,sedentario,mantener,2285.5,171.4,228.6,76.2
55,hombre,150.7,57.7,sedentario,mantener,1498.6,112.4,149.9,50.0
45,mujer,151.9,48.1,moderado,mantener,1618.8,121.4,161.9,54.0
43,mujer,157.0,55.1,moderado,bajar,1292.2,96.9,129.2,43.1
46,hombre,181.9,64.1,ligero,bajar,1635.2,122.6,163.5,54.5
60,hombre,185.7,45.2,ligero,mantener,1811.7,135.9,181.2,60.4
35,mujer,183.3,73.3,sedentario,bajar,1351.1,101.3,135.1,45.0
25,hombre,183.1,73.1,sedentario,bajar,1606.4,120.5,160.6,53.5
37,hombre,165.5,77.0,intenso,subir,3202.0,240.2,320.2,106.7
20,mujer,178.9,60.7,ligero,subir,2413.2,181.0,241.3,80.4
45,hombre,170.4,105.5,ligero,subir,3012.5,225.9,301.2,100.4
44,hombre,185.7,53.8,muy_intenso,bajar,2318.9,173.9,231.9,77.3
63,mujer,188.5,95.4,muy_intenso,mantener,3146.6,236.0,314.7,104.9
58,mujer,186.9,80.0,muy_intenso,bajar,2382.5,178.7,238.3,79.4
55,mujer,172.8,57.1,ligero,subir,2070.6,155.3,207.1,69.0
61,mujer,168.2,88.1,sedentario,subir,2159.5,162.0,216.0,72.0
46,hombre,193.0,94.6,sedentario,subir,2712.7,203.5,271.3,90.4
40,mujer,183.2,76.7,intenso,mantener,2675.5,200.7,267.5,89.2
59,hombre,193.4,50.1,moderado,mantener,2200.6,165.0,220.1,73.4
31,hombre,173.6,74.3,sedentario,subir,2413.6,181.0,241.4,80.5
65,hombre,194.1,75.4,moderado,mantener,2553.0,191.5,255.3,85.1
54,mujer,168.3,76.8,moderado,mantener,2152.8,161.5,215.3,71.8
47,hombre,177.5,86.1,moderado,subir,3097.6,232.3,309.8,103.3
31,hombre,185.0,95.3,sedentario,mantener,2351.1,176.3,235.1,78.4
38,mujer,176.6,58.8,muy_intenso,subir,2947.4,221.1,294.7,98.2
22,hombre,187.7,108.9,sedentario,mantener,2588.5,194.1,258.9,86.3
35,hombre,193.7,56.1,muy_intenso,bajar,2543.1,190.7,254.3,84.8
24,mujer,162.0,50.8,sedentario,bajar,1200,90.0,120.0,40.0
33,hombre,161.2,91.5,muy_intenso,subir,3748.8,281.2,374.9,125.0
39,hombre,164.1,109.7,muy_intenso,bajar,3172.0,237.9,317.2,105.7
50,hombre,167.3,48.2,ligero,mantener,1763.6,132.3,176.4,58.8
33,hombre,187.9,82.6,sedentario,mantener,2208.4,165.6,220.8,73.6
57,hombre,177.8,52.8,ligero,mantener,1869.0,140.2,186.9,62.3
22,mujer,183.8,72.7,sedentario,subir,2325.7,174.4,232.6,77.5
37,mujer,150.5,68.6,sedentario,mantener,1536.8,115.3,153.7,51.2
23,mujer,164.5,53.1,ligero,subir,2164.3,162.3,216.4,72.1
57,hombre,184.6,70.1,moderado,mantener,2440.9,183.1,244.1,81.4
21,mujer,171.7,81.8,muy_intenso,bajar,2587.7,194.1,258.8,86.3
21,mujer,190.2,59.7,intenso,subir,3021.6,226.6,302.2,100.7
35,mujer,186.3,57.9,sedentario,mantener,1688.8,126.7,168.9,56.3
22,hombre,162.7,52.5,intenso,mantener,2478.6,185.9,247.9,82.6
63,hombre,181.5,93.0,ligero,subir,2812.3,210.9,281.2,93.7
32,hombre,181.7,87.1,moderado,mantener,2870.0,215.3,287.0,95.7
26,mujer,161.4,90.3,sedentario,subir,2344.9,175.9,234.5,78.2
50,hombre,160.3,63.4,moderado,mantener,2155.9,161.7,215.6,71.9
62,mujer,192.0,63.7,moderado,mantener,2117.3,158.8,211.7,70.6
56,hombre,163.1,66.6,intenso,subir,2832.9,212.5,283.3,94.4
54,hombre,174.5,50.4,intenso,mantener,2293.6,172.0,229.4,76.5
18,mujer,150.7,105.1,muy_intenso,subir,3709.6,278.2,371.0,123.7
32,mujer,165.3,101.1,muy_intenso,bajar,2773.9,208.0,277.4,92.5
63,mujer,153.0,50.3,moderado,mantener,1524.0,114.3,152.4,50.8
44,hombre,161.4,88.0,muy_intenso,subir,3580.1,268.5,358.0,119.3
45,hombre,180.2,79.7,intenso,mantener,2938.1,220.4,293.8,97.9
27,hombre,178.7,69.1,sedentario,subir,2413.4,181.0,241.3,80.4
62,hombre,182.9,75.8,ligero,subir,2594.7,194.6,259.5,86.5
57,hombre,168.3,64.8,muy_intenso,subir,3097.8,232.3,309.8,103.3
43,hombre,157.8,105.1,muy_intenso,subir,3871.8,290.4,387.2,129.1
29,hombre,187.7,86.5,moderado,bajar,2442.1,183.2,244.2,81.4
45,mujer,167.9,50.7,moderado,bajar,1314.1,98.6,131.4,43.8
33,mujer,150.5,53.5,moderado,subir,2181.9,163.6,218.2,72.7
19,hombre,194.5,90.3,intenso,bajar,2999.4,225.0,299.9,100.0
65,mujer,176.6,84.1,muy_intenso,subir,3171.6,237.9,317.2,105.7
60,mujer,172.9,106.8,ligero,bajar,1820.5,136.5,182.0,60.7
25,hombre,185.7,93.1,moderado,mantener,3056.0,229.2,305.6,101.9
52,hombre,193.6,60.7,moderado,subir,2821.1,211.6,282.1,94.0
53,mujer,165.8,68.0,ligero,bajar,1274.1,95.6,127.4,42.5
42,mujer,190.6,79.7,sedentario,bajar,1440.7,108.1,144.1,48.0
46,mujer,190.5,103.9,moderado,subir,3249.9,243.7,325.0,108.3
32,hombre,154.6,104.9,moderado,subir,3283.4,246.3,328.3,109.4
36,hombre,179.9,67.4,ligero,subir,2632.1,197.4,263.2,87.7
48,mujer,164.2,71.9,sedentario,subir,2013.1,151.0,201.3,67.1
59,mujer,150.8,109.2,intenso,mantener,2722.9,204.2,272.3,90.8
53,hombre,179.7,99.6,moderado,subir,3281.6,246.1,328.2,109.4
63,hombre,180.3,98.2,moderado,bajar,2288.3,171.6,228.8,76.3
29,mujer,159.0,97.0,sedentario,bajar,1489.3,111.7,148.9,49.6
41,hombre,190.1,75.8,sedentario,subir,2495.3,187.2,249.5,83.2
39,mujer,166.9,78.1,moderado,subir,2675.6,200.7,267.6,89.2
25,hombre,190.2,72.8,muy_intenso,mantener,3413.8,256.0,341.4,113.8
51,hombre,169.7,56.6,moderado,subir,2533.8,190.0,253.4,84.5
23,mujer,170.4,89.9,sedentario,bajar,1525.6,114.4,152.6,50.9
45,mujer,189.1,98.5,muy_intenso,bajar,2883.7,216.3,288.4,96.1
56,mujer,161.7,49.5,muy_intenso,subir,2422.8,181.7,242.3,80.8
65,hombre,176.6,85.8,intenso,mantener,2832.0,212.4,283.2,94.4
27,mujer,191.1,46.5,ligero,mantener,1874.6,140.6,187.5,62.5
24,hombre,169.1,69.9,moderado,mantener,2543.4,190.8,254.3,84.8
35,hombre,155.4,48.7,muy_intenso,bajar,1947.7,146.1,194.8,64.9
43,hombre,162.1,47.7,ligero,bajar,1260.2,94.5,126.0,42.0
30,mujer,160.8,95.9,muy_intenso,mantener,3140.7,235.6,314.1,104.7
31,hombre,162.9,77.0,ligero,bajar,1752.4,131.4,175.2,58.4
32,hombre,175.3,105.9,ligero,mantener,2749.5,206.2,274.9,91.6
19,hombre,151.2,53.7,ligero,mantener,1914.0,143.5,191.4,63.8
27,mujer,174.8,82.7,moderado,mantener,2516.4,188.7,251.6,83.9
41,mujer,156.4,59.4,sedentario,bajar,1200,90.0,120.0,40.0
27,hombre,179.2,104.5,intenso,subir,3910.4,293.3,391.0,130.3
38,mujer,194.1,70.0,sedentario,subir,2274.6,170.6,227.5,75.8
44,mujer,193.4,80.2,sedentario,mantener,1955.7,146.7,195.6,65.2
41,hombre,155.8,105.9,ligero,subir,2920.0,219.0,292.0,97.3
65,mujer,168.2,100.7,ligero,mantener,2161.8,162.1,216.2,72.1
57,hombre,182.7,67.1,moderado,bajar,1876.0,140.7,187.6,62.5
63,hombre,189.0,59.7,moderado,subir,2675.8,200.7,267.6,89.2
23,hombre,166.4,101.6,moderado,mantener,3016.3,226.2,301.6,100.5
50,hombre,158.1,84.9,sedentario,bajar,1410.5,105.8,141.1,47.0
41,mujer,164.3,66.6,ligero,subir,2224.5,166.8,222.4,74.1
21,mujer,154.0,60.3,moderado,subir,2414.2,181.1,241.4,80.5
29,mujer,188.3,90.1,intenso,mantener,3056.5,229.2,305.6,101.9
25,hombre,178.5,92.4,intenso,bajar,2811.4,210.9,281.1,93.7
31,mujer,162.4,69.3,ligero,mantener,1914.0,143.5,191.4,63.8
48,hombre,175.0,99.6,muy_intenso,mantener,3524.0,264.3,352.4,117.5
30,hombre,168.5,105.9,moderado,bajar,2549.0,191.2,254.9,85.0
19,hombre,166.9,79.7,moderado,subir,3112.7,233.5,311.3,103.8
41,hombre,161.9,77.7,sedentario,subir,2306.6,173.0,230.7,76.9
34,mujer,186.6,59.1,ligero,bajar,1461.1,109.6,146.1,48.7
65,hombre,154.3,88.4,moderado,bajar,1869.0,140.2,186.9,62.3
24,mujer,175.6,51.3,intenso,subir,2693.4,202.0,269.3,89.8
32,mujer,190.2,98.1,sedentario,bajar,1718.5,128.9,171.9,57.3
56,mujer,182.5,95.0,intenso,bajar,2345.6,175.9,234.6,78.2
46,mujer,189.4,88.7,muy_intenso,bajar,2691.5,201.9,269.2,89.7
59,hombre,191.4,54.9,ligero,mantener,2001.0,150.1,200.1,66.7
20,hombre,189.7,64.0,sedentario,subir,2476.8,185.8,247.7,82.6
43,mujer,191.3,75.3,muy_intenso,bajar,2488.0,186.6,248.8,82.9
47,hombre,169.9,81.3,intenso,mantener,2837.4,212.8,283.7,94.6
36,mujer,168.0,79.2,sedentario,subir,2201.2,165.1,220.1,73.4
53,hombre,152.4,53.4,sedentario,mantener,1471.8,110.4,147.2,49.1
46,hombre,185.5,57.2,moderado,bajar,1834.9,137.6,183.5,61.2
42,hombre,188.9,57.5,ligero,subir,2532.1,189.9,253.2,84.4
35,mujer,158.0,53.5,ligero,mantener,1631.4,122.4,163.1,54.4
41,hombre,187.0,96.1,moderado,bajar,2491.1,186.8,249.1,83.0
59,mujer,182.8,99.4,sedentario,mantener,2016.6,151.2,201.7,67.2
54,mujer,166.6,102.9,intenso,mantener,2827.7,212.1,282.8,94.3
21,hombre,182.2,92.1,muy_intenso,bajar,3223.5,241.8,322.4,107.5
21,mujer,160.4,69.3,muy_intenso,mantener,2716.0,203.7,271.6,90.5
61,hombre,190.7,99.3,moderado,subir,3321.6,249.1,332.2,110.7
47,hombre,193.2,103.1,muy_intenso,bajar,3316.1,248.7,331.6,110.5
54,mujer,156.8,70.1,muy_intenso,mantener,2375.0,178.1,237.5,79.2
33,mujer,179.7,49.1,muy_intenso,bajar,1947.4,146.1,194.7,64.9
35,mujer,179.3,101.5,ligero,bajar,1974.5,148.1,197.4,65.8
53,hombre,194.9,87.0,muy_intenso,mantener,3473.4,260.5,347.3,115.8
48,hombre,158.6,55.0,intenso,subir,2653.3,199.0,265.3,88.4
53,mujer,159.3,84.9,muy_intenso,subir,3095.4,232.2,309.5,103.2
57,hombre,157.3,96.2,sedentario,subir,2398.1,179.9,239.8,79.9
55,hombre,183.6,91.7,intenso,subir,3495.5,262.2,349.6,116.5
38,hombre,191.2,52.4,moderado,bajar,1877.7,140.8,187.8,62.6
32,hombre,187.6,84.6,muy_intenso,bajar,3040.6,228.0,304.1,101.4
21,mujer,160.2,106.5,ligero,subir,2875.3,215.7,287.5,95.8
36,hombre,167.3,109.5,sedentario,mantener,2358.8,176.9,235.9,78.6
38,hombre,182.1,83.2,moderado,bajar,2266.9,170.0,226.7,75.6
45,hombre,183.2,64.6,muy_intenso,mantener,2984.9,223.9,298.5,99.5
21,mujer,180.9,45.2,ligero,subir,2210.4,165.8,221.0,73.7
20,mujer,175.2,48.9,intenso,mantener,2282.2,171.2,228.2,76.1
50,mujer,154.3,53.4,intenso,subir,2275.7,170.7,227.6,75.9
38,mujer,177.8,78.6,ligero,subir,2526.1,189.5,252.6,84.2
61,hombre,170.3,70.3,ligero,bajar,1517.6,113.8,151.8,50.6
38,mujer,151.6,93.7,muy_intenso,mantener,2913.7,218.5,291.4,97.1
25,hombre,159.9,57.6,ligero,subir,2401.1,180.1,240.1,80.0
38,hombre,159.9,68.7,intenso,subir,2989.9,224.2,299.0,99.7
50,hombre,194.7,73.6,intenso,bajar,2446.1,183.5,244.6,81.5
45,hombre,190.4,56.3,sedentario,subir,2239.6,168.0,224.0,74.7
58,mujer,150.7,65.2,moderado,mantener,1771.5,132.9,177.1,59.0
31,mujer,184.2,51.3,ligero,bajar,1353.8,101.5,135.4,45.1
60,hombre,155.9,82.3,ligero,subir,2465.8,184.9,246.6,82.2
39,mujer,172.3,80.2,sedentario,bajar,1327.5,99.6,132.7,44.2
23,mujer,187.9,57.1,muy_intenso,mantener,2791.8,209.4,279.2,93.1
23,hombre,155.6,70.6,intenso,subir,3105.7,232.9,310.6,103.5
31,mujer,153.2,88.9,moderado,bajar,1872.3,140.4,187.2,62.4
25,hombre,186.7,56.4,intenso,bajar,2278.8,170.9,227.9,76.0
48,mujer,190.3,70.6,sedentario,subir,2193.2,164.5,219.3,73.1
50,hombre,175.0,95.9,ligero,subir,2885.7,216.4,288.6,96.2
53,mujer,153.4,102.6,ligero,subir,2543.3,190.7,254.3,84.8
53,mujer,160.8,56.5,intenso,subir,2373.4,178.0,237.3,79.1
45,hombre,169.6,78.1,sedentario,subir,2345.2,175.9,234.5,78.2
33,hombre,155.8,80.3,muy_intenso,mantener,3071.8,230.4,307.2,102.4
39,hombre,169.9,72.2,intenso,bajar,2249.4,168.7,224.9,75.0
25,hombre,182.7,81.9,ligero,bajar,2031.2,152.3,203.1,67.7
31,hombre,175.6,107.0,muy_intenso,subir,4233.2,317.5,423.3,141.1
29,hombre,156.8,90.6,moderado,mantener,2706.3,203.0,270.6,90.2
32,mujer,164.5,69.2,sedentario,mantener,1679.0,125.9,167.9,56.0
62,mujer,174.7,49.3,muy_intenso,bajar,1616.4,121.2,161.6,53.9
32,hombre,166.5,74.4,intenso,bajar,2311.1,173.3,231.1,77.0
21,hombre,194.2,99.0,muy_intenso,mantener,3997.1,299.8,399.7,133.2
61,hombre,150.1,77.2,sedentario,subir,2092.1,156.9,209.2,69.7
50,mujer,156.0,62.6,moderado,mantener,1844.5,138.3,184.5,61.5
45,hombre,152.3,93.5,ligero,bajar,1792.0,134.4,179.2,59.7
33,mujer,175.8,93.2,sedentario,subir,2445.7,183.4,244.6,81.5
33,mujer,160.4,97.6,sedentario,mantener,1983.0,148.7,198.3,66.1
49,hombre,191.0,55.4,intenso,mantener,2600.9,195.1,260.1,86.7
21,mujer,164.7,92.2,sedentario,subir,2422.4,181.7,242.2,80.7
51,hombre,178.4,96.9,ligero,mantener,2521.8,189.1,252.2,84.1
44,hombre,155.1,65.7,muy_intenso,bajar,2181.6,163.6,218.2,72.7
43,mujer,194.8,65.0,moderado,bajar,1811.8,135.9,181.2,60.4
52,hombre,186.4,83.3,muy_intenso,bajar,2811.7,210.9,281.2,93.7
38,mujer,163.1,91.7,moderado,subir,2857.3,214.3,285.7,95.2
37,mujer,173.2,48.4,ligero,subir,2078.2,155.9,207.8,69.3
22,mujer,173.2,55.2,intenso,bajar,1852.0,138.9,185.2,61.7
59,hombre,155.2,99.1,sedentario,subir,2405.2,180.4,240.5,80.2
20,hombre,167.3,60.5,moderado,mantener,2411.2,180.8,241.1,80.4
22,hombre,157.9,51.9,intenso,bajar,1916.5,143.7,191.7,63.9
23,mujer,193.0,72.2,intenso,mantener,2850.1,213.8,285.0,95.0
19,hombre,193.4,69.9,sedentario,subir,2581.3,193.6,258.1,86.0
21,mujer,163.4,69.5,sedentario,bajar,1240.3,93.0,124.0,41.3
57,mujer,178.3,64.4,ligero,subir,2204.5,165.3,220.5,73.5
37,mujer,151.8,109.0,muy_intenso,subir,3616.2,271.2,361.6,120.5
41,mujer,176.5,57.3,moderado,bajar,1530.7,114.8,153.1,51.0
49,mujer,179.4,49.7,ligero,mantener,1666.8,125.0,166.7,55.6
35,hombre,166.8,103.5,muy_intenso,bajar,3124.2,234.3,312.4,104.1
23,mujer,154.2,83.8,intenso,subir,3031.9,227.4,303.2,101.1
35,mujer,188.1,94.5,intenso,subir,3478.5,260.9,347.8,115.9
43,mujer,183.1,80.6,sedentario,subir,2289.2,171.7,228.9,76.3
26,hombre,150.1,64.8,moderado,bajar,1764.7,132.4,176.5,58.8
38,mujer,192.6,53.2,moderado,subir,2546.4,191.0,254.6,84.9
36,mujer,166.0,109.5,intenso,subir,3490.3,261.8,349.0,116.3
48,mujer,152.9,76.9,muy_intenso,mantener,2514.9,188.6,251.5,83.8
23,mujer,158.4,67.5,ligero,subir,2309.9,173.2,231.0,77.0
51,hombre,174.0,59.7,ligero,mantener,1972.4,147.9,197.2,65.7
55,mujer,158.0,90.6,intenso,subir,2914.2,218.6,291.4,97.1
40,mujer,177.8,104.9,intenso,mantener,3103.7,232.8,310.4,103.5
22,hombre,194.9,64.9,moderado,mantener,2731.3,204.8,273.1,91.0
38,mujer,190.5,90.2,sedentario,bajar,1589.9,119.2,159.0,53.0
38,mujer,170.6,57.4,moderado,bajar,1498.3,112.4,149.8,49.9
38,mujer,176.3,101.1,muy_intenso,mantener,3347.6,251.1,334.8,111.6
33,hombre,150.9,68.7,muy_intenso,bajar,2293.2,172.0,229.3,76.4
65,hombre,183.8,96.3,ligero,subir,2863.7,214.8,286.4,95.5
44,hombre,185.6,95.2,ligero,bajar,2108.4,158.1,210.8,70.3
56,hombre,164.0,51.3,ligero,mantener,1736.6,130.2,173.7,57.9
54,mujer,189.8,69.2,ligero,mantener,1990.0,149.2,199.0,66.3
59,mujer,183.3,84.4,moderado,subir,2777.1,208.3,277.7,92.6
44,mujer,188.9,105.8,intenso,bajar,2704.4,202.8,270.4,90.1
24,hombre,177.3,46.0,sedentario,bajar,1243.8,93.3,124.4,41.5
53,mujer,188.6,77.3,moderado,mantener,2364.9,177.4,236.5,78.8
22,mujer,166.5,93.9,intenso,bajar,2447.4,183.6,244.7,81.6
33,mujer,154.8,57.3,ligero,subir,2069.9,155.2,207.0,69.0
54,hombre,186.0,104.4,sedentario,bajar,1829.8,137.2,183.0,61.0
34,hombre,180.9,102.8,muy_intenso,subir,4187.9,314.1,418.8,139.6
31,hombre,175.5,85.2,moderado,mantener,2788.3,209.1,278.8,92.9
37,mujer,170.5,50.7,ligero,subir,2086.6,156.5,208.7,69.6
26,hombre,154.6,51.9,sedentario,subir,2032.3,152.4,203.2,67.7
45,mujer,191.8,67.1,muy_intenso,subir,3219.1,241.4,321.9,107.3
43,hombre,193.6,103.0,sedentario,bajar,1936.0,145.2,193.6,64.5
52,hombre,156.8,90.2,moderado,mantener,2521.8,189.1,252.2,84.1
56,mujer,185.9,63.2,moderado,bajar,1597.0,119.8,159.7,53.2
51,mujer,171.8,87.6,sedentario,bajar,1340.5,100.5,134.1,44.7
56,mujer,153.5,54.3,muy_intenso,mantener,2016.6,151.2,201.7,67.2
38,hombre,193.9,55.1,ligero,mantener,2169.6,162.7,217.0,72.3
35,hombre,192.8,72.0,intenso,mantener,3027.4,227.1,302.7,100.9
26,hombre,189.4,108.0,moderado,mantener,3315.1,248.6,331.5,110.5
47,hombre,190.8,97.9,intenso,bajar,2849.1,213.7,284.9,95.0
47,hombre,174.9,109.3,ligero,bajar,2189.7,164.2,219.0,73.0
60,mujer,172.6,97.6,muy_intenso,mantener,3028.1,227.1,302.8,100.9
60,hombre,162.3,99.0,muy_intenso,subir,3647.8,273.6,364.8,121.6
41,mujer,165.7,100.0,ligero,bajar,1795.7,134.7,179.6,59.9
51,hombre,151.6,108.7,moderado,bajar,2266.0,169.9,226.6,75.5
55,hombre,186.5,98.3,muy_intenso,mantener,3569.4,267.7,356.9,119.0
19,hombre,159.6,75.2,moderado,bajar,2072.2,155.4,207.2,69.1
44,hombre,160.8,53.7,muy_intenso,subir,2921.3,219.1,292.1,97.4
55,hombre,157.8,47.8,muy_intenso,bajar,1769.1,132.7,176.9,59.0
33,mujer,181.7,68.3,ligero,mantener,2052.4,153.9,205.2,68.4
47,mujer,168.3,62.2,ligero,subir,2157.1,161.8,215.7,71.9
34,mujer,156.4,98.2,ligero,bajar,1739.2,130.4,173.9,58.0
41,mujer,159.5,58.2,muy_intenso,subir,2704.5,202.8,270.4,90.1
41,hombre,174.0,66.2,intenso,subir,3072.9,230.5,307.3,102.4
21,mujer,160.0,93.8,muy_intenso,bajar,2676.8,200.8,267.7,89.2
43,hombre,192.4,72.2,intenso,subir,3357.5,251.8,335.8,111.9
49,hombre,181.5,57.2,muy_intenso,bajar,2286.1,171.5,228.6,76.2
32,hombre,179.2,89.4,moderado,bajar,2381.5,178.6,238.1,79.4
59,mujer,189.2,62.3,sedentario,mantener,1619.4,121.5,161.9,54.0
62,hombre,182.9,100.3,muy_intenso,mantener,3498.1,262.4,349.8,116.6
34,mujer,178.7,109.7,ligero,subir,2989.0,224.2,298.9,99.6
36,hombre,162.5,68.1,muy_intenso,bajar,2391.1,179.3,239.1,79.7
23,hombre,158.8,68.5,muy_intenso,mantener,2978.2,223.4,297.8,99.3
58,mujer,183.5,68.9,moderado,subir,2546.6,191.0,254.7,84.9
57,hombre,187.4,90.9,sedentario,mantener,2160.3,162.0,216.0,72.0
43,mujer,153.7,62.0,ligero,bajar,1200,90.0,120.0,40.0
23,mujer,181.2,108.0,sedentario,mantener,2323.8,174.3,232.4,77.5
36,hombre,168.8,64.6,ligero,subir,2498.2,187.4,249.8,83.3
57,mujer,179.2,75.6,muy_intenso,bajar,2217.0,166.3,221.7,73.9
23,mujer,152.1,67.6,sedentario,subir,2020.8,151.6,202.1,67.4
53,hombre,191.4,75.0,sedentario,bajar,1523.5,114.3,152.3,50.8
43,hombre,180.9,47.6,muy_intenso,subir,3053.6,229.0,305.4,101.8
37,mujer,182.3,48.7,muy_intenso,subir,2832.7,212.5,283.3,94.4
56,mujer,180.5,100.9,muy_intenso,bajar,2722.6,204.2,272.3,90.8
23,mujer,185.5,72.9,moderado,bajar,1999.2,149.9,199.9,66.6
62,hombre,152.7,72.5,ligero,subir,2289.8,171.7,229.0,76.3
24,mujer,174.9,92.9,sedentario,mantener,2089.3,156.7,208.9,69.6
25,hombre,157.4,102.6,intenso,mantener,3259.8,244.5,326.0,108.7
55,hombre,192.5,109.9,muy_intenso,bajar,3361.0,252.1,336.1,112.0
64,hombre,183.5,109.6,muy_intenso,mantener,3663.0,274.7,366.3,122.1
45,mujer,153.6,92.5,muy_intenso,mantener,2848.1,213.6,284.8,94.9
20,hombre,156.7,83.8,muy_intenso,bajar,2772.5,207.9,277.3,92.4
40,mujer,189.9,101.6,muy_intenso,mantener,3499.6,262.5,350.0,116.7
53,hombre,179.8,78.8,muy_intenso,mantener,3138.3,235.4,313.8,104.6
24,mujer,189.3,87.7,sedentario,subir,2534.9,190.1,253.5,84.5
58,mujer,189.1,69.2,moderado,subir,2605.5,195.4,260.5,86.8
56,hombre,182.0,74.0,moderado,subir,2883.9,216.3,288.4,96.1
22,hombre,175.6,91.6,ligero,subir,3024.2,226.8,302.4,100.8
23,hombre,169.7,48.0,muy_intenso,bajar,2218.2,166.4,221.8,73.9
29,mujer,171.9,56.1,moderado,subir,2460.5,184.5,246.1,82.0
28,hombre,155.8,52.1,intenso,mantener,2345.6,175.9,234.6,78.2
52,mujer,182.9,108.9,moderado,bajar,2307.2,173.0,230.7,76.9
45,mujer,194.8,107.0,ligero,subir,3014.6,226.1,301.5,100.5
54,hombre,189.6,49.3,intenso,subir,2837.4,212.8,283.7,94.6
60,hombre,186.8,89.4,sedentario,bajar,1619.8,121.5,162.0,54.0
20,hombre,159.6,96.5,sedentario,subir,2641.0,198.1,264.1,88.0
63,mujer,150.2,86.1,ligero,mantener,1820.2,136.5,182.0,60.7
50,hombre,156.3,81.4,moderado,bajar,1896.1,142.2,189.6,63.2
64,hombre,162.5,85.1,intenso,bajar,2176.6,163.2,217.7,72.6
53,mujer,163.7,58.2,sedentario,subir,1815.0,136.1,181.5,60.5
61,mujer,164.7,69.8,ligero,mantener,1734.4,130.1,173.4,57.8
39,mujer,174.8,57.3,muy_intenso,bajar,1988.0,149.1,198.8,66.3
22,mujer,190.5,104.1,muy_intenso,mantener,3725.2,279.4,372.5,124.2
55,mujer,188.1,108.9,sedentario,bajar,1694.3,127.1,169.4,56.5
56,hombre,190.8,51.7,moderado,bajar,1723.5,129.3,172.3,57.4
55,mujer,164.4,47.3,muy_intenso,mantener,2022.5,151.7,202.3,67.4
54,hombre,176.4,65.8,moderado,bajar,1818.0,136.4,181.8,60.6
36,mujer,189.1,51.1,intenso,mantener,2332.0,174.9,233.2,77.7
63,mujer,155.8,67.1,sedentario,subir,1802.5,135.2,180.2,60.1
26,hombre,171.0,104.0,moderado,subir,3474.8,260.6,347.5,115.8
29,hombre,158.8,87.1,moderado,bajar,2171.4,162.9,217.1,72.4
58,hombre,150.5,76.3,sedentario,bajar,1202.3,90.2,120.2,40.1
47,mujer,173.6,79.9,ligero,subir,2446.0,183.4,244.6,81.5
24,mujer,162.7,85.9,ligero,mantener,2193.0,164.5,219.3,73.1
38,mujer,194.8,64.0,ligero,bajar,1571.4,117.9,157.1,52.4
58,hombre,174.5,48.9,sedentario,subir,1953.5,146.5,195.4,65.1
36,mujer,167.5,67.4,moderado,bajar,1638.8,122.9,163.9,54.6
24,mujer,182.6,46.3,ligero,bajar,1319.5,99.0,131.9,44.0
32,mujer,158.6,91.7,moderado,mantener,2460.2,184.5,246.0,82.0
56,hombre,167.6,65.6,sedentario,bajar,1214.2,91.1,121.4,40.5
57,mujer,163.4,66.6,intenso,bajar,1641.2,123.1,164.1,54.7
20,mujer,164.5,55.7,sedentario,bajar,1200,90.0,120.0,40.0
26,mujer,156.7,64.0,ligero,mantener,1826.5,137.0,182.7,60.9
62,mujer,152.4,82.5,ligero,subir,2196.4,164.7,219.6,73.2
25,hombre,187.7,57.9,sedentario,subir,2358.6,176.9,235.9,78.6
46,mujer,167.2,63.4,muy_intenso,bajar,1947.2,146.0,194.7,64.9
43,mujer,150.8,90.1,muy_intenso,subir,3188.2,239.1,318.8,106.3
29,hombre,194.8,108.7,intenso,mantener,3733.8,280.0,373.4,124.5
52,hombre,188.1,65.8,sedentario,subir,2294.3,172.1,229.4,76.5
19,hombre,165.4,80.7,muy_intenso,mantener,3326.4,249.5,332.6,110.9
64,hombre,187.9,67.4,moderado,mantener,2376.7,178.3,237.7,79.2
63,hombre,175.7,94.7,intenso,bajar,2493.1,187.0,249.3,83.1
47,hombre,163.2,63.5,intenso,bajar,1958.1,146.9,195.8,65.3
55,hombre,185.2,61.5,sedentario,mantener,1803.0,135.2,180.3,60.1
49,mujer,180.7,67.9,muy_intenso,mantener,2664.5,199.8,266.5,88.8
54,mujer,171.1,63.0,moderado,subir,2366.0,177.4,236.6,78.9
61,hombre,190.3,50.5,sedentario,subir,2073.2,155.5,207.3,69.1
29,mujer,167.0,92.1,muy_intenso,subir,3551.6,266.4,355.2,118.4
30,mujer,192.6,105.1,ligero,bajar,2172.7,162.9,217.3,72.4
47,mujer,158.0,83.5,muy_intenso,subir,3110.3,233.3,311.0,103.7
60,mujer,167.0,93.5,muy_intenso,subir,3283.7,246.3,328.4,109.5
58,hombre,156.1,73.8,ligero,mantener,1964.4,147.3,196.4,65.5
46,mujer,154.1,66.8,ligero,bajar,1205.2,90.4,120.5,40.2
58,mujer,180.2,54.3,ligero,mantener,1675.1,125.6,167.5,55.8
58,hombre,153.8,101.8,moderado,bajar,2126.1,159.5,212.6,70.9
38,mujer,192.2,69.3,moderado,bajar,1892.0,141.9,189.2,63.1
23,hombre,161.2,99.5,sedentario,mantener,2271.0,170.3,227.1,75.7
39,hombre,163.2,108.6,moderado,bajar,2469.8,185.2,247.0,82.3
36,hombre,154.7,62.9,intenso,subir,2851.0,213.8,285.1,95.0
24,hombre,174.8,79.4,intenso,subir,3455.8,259.2,345.6,115.2
23,hombre,170.9,58.1,intenso,bajar,2155.0,161.6,215.5,71.8
45,mujer,154.4,96.3,sedentario,mantener,1850.4,138.8,185.0,61.7
46,mujer,176.9,45.6,moderado,subir,2214.5,166.1,221.4,73.8
44,mujer,181.7,70.8,muy_intenso,mantener,2779.0,208.4,277.9,92.6
50,hombre,183.6,64.0,ligero,mantener,2120.9,159.1,212.1,70.7
22,mujer,170.9,84.9,sedentario,bajar,1475.3,110.7,147.5,49.2
24,mujer,153.1,107.8,moderado,mantener,2718.5,203.9,271.9,90.6
63,mujer,173.9,49.6,moderado,bajar,1215.7,91.2,121.6,40.5
32,mujer,172.9,80.7,ligero,bajar,1654.1,124.1,165.4,55.1
44,hombre,190.8,107.3,sedentario,mantener,2460.6,184.5,246.1,82.0
57,mujer,167.9,66.8,moderado,subir,2370.6,177.8,237.1,79.0
33,hombre,180.4,60.9,ligero,bajar,1667.7,125.1,166.8,55.6
25,hombre,159.0,54.4,muy_intenso,bajar,2193.7,164.5,219.4,73.1
62,mujer,177.8,87.0,moderado,bajar,1840.9,138.1,184.1,61.4
60,hombre,171.5,88.5,sedentario,bajar,1494.2,112.1,149.4,49.8
20,mujer,190.1,69.0,sedentario,subir,2340.6,175.5,234.1,78.0
58,mujer,165.0,92.4,moderado,subir,2731.6,204.9,273.2,91.1
30,mujer,170.9,86.3,sedentario,subir,2344.1,175.8,234.4,78.1
60,hombre,170.5,86.7,intenso,mantener,2824.9,211.9,282.5,94.2
45,mujer,182.5,68.6,ligero,bajar,1480.9,111.1,148.1,49.4
26,hombre,169.2,48.1,moderado,bajar,1690.9,126.8,169.1,56.4
33,hombre,158.1,90.6,ligero,mantener,2384.4,178.8,238.4,79.5
26,mujer,162.7,66.7,sedentario,subir,2071.4,155.4,207.1,69.0
58,hombre,180.1,74.6,moderado,mantener,2459.3,184.4,245.9,82.0
25,hombre,193.7,91.3,ligero,mantener,2755.0,206.6,275.5,91.8
31,hombre,184.0,70.9,intenso,subir,3348.0,251.1,334.8,111.6
65,mujer,185.2,52.5,ligero,bajar,1200,90.0,120.0,40.0
21,hombre,182.1,88.0,ligero,subir,3037.4,227.8,303.7,101.2
47,mujer,171.5,92.8,moderado,subir,2886.0,216.5,288.6,96.2
51,hombre,162.5,93.5,intenso,subir,3333.6,250.0,333.4,111.1
43,mujer,162.3,56.3,muy_intenso,mantener,2282.6,171.2,228.3,76.1
32,hombre,155.1,80.3,muy_intenso,subir,3473.0,260.5,347.3,115.8
23,hombre,155.9,85.6,sedentario,mantener,2064.4,154.8,206.4,68.8
42,hombre,182.0,109.0,intenso,bajar,2988.8,224.2,298.9,99.6
24,hombre,173.2,66.1,muy_intenso,subir,3494.1,262.1,349.4,116.5
22,mujer,178.1,46.9,moderado,mantener,2032.2,152.4,203.2,67.7
28,hombre,166.0,84.8,intenso,subir,3419.6,256.5,342.0,114.0
43,hombre,173.9,100.8,intenso,bajar,2751.4,206.4,275.1,91.7
34,hombre,180.5,52.9,intenso,subir,2973.9,223.0,297.4,99.1
26,hombre,179.0,94.0,ligero,subir,3058.9,229.4,305.9,102.0
43,hombre,172.5,102.5,intenso,subir,3665.6,274.9,366.6,122.2
42,mujer,183.3,74.4,moderado,subir,2753.9,206.5,275.4,91.8
57,hombre,190.0,55.7,sedentario,mantener,1757.4,131.8,175.7,58.6
41,mujer,189.7,67.9,ligero,subir,2460.6,184.5,246.1,82.0
34,mujer,178.0,55.7,moderado,mantener,2074.7,155.6,207.5,69.2
40,hombre,151.2,76.2,intenso,subir,3008.2,225.6,300.8,100.3
27,mujer,154.8,93.3,ligero,bajar,1706.2,128.0,170.6,56.9
52,mujer,178.0,49.6,muy_intenso,subir,2656.2,199.2,265.6,88.5
58,hombre,163.2,99.3,sedentario,mantener,2073.6,155.5,207.4,69.1
29,hombre,179.0,101.7,muy_intenso,subir,4191.9,314.4,419.2,139.7
52,hombre,179.4,80.3,intenso,bajar,2379.5,178.5,237.9,79.3
55,mujer,189.1,94.8,ligero,subir,2729.1,204.7,272.9,91.0
21,hombre,162.5,95.6,intenso,bajar,2728.6,204.6,272.9,91.0
56,hombre,150.8,86.6,muy_intenso,subir,3313.7,248.5,331.4,110.5
34,mujer,166.8,65.7,moderado,subir,2521.2,189.1,252.1,84.0
47,hombre,192.1,49.6,intenso,mantener,2529.9,189.7,253.0,84.3
22,hombre,176.8,46.9,moderado,mantener,2277.0,170.8,227.7,75.9
34,hombre,160.9,60.5,sedentario,mantener,1734.8,130.1,173.5,57.8
23,mujer,162.4,100.1,muy_intenso,mantener,3306.0,247.9,330.6,110.2
51,hombre,182.6,93.6,muy_intenso,bajar,2971.8,222.9,297.2,99.1
54,mujer,190.7,67.0,ligero,subir,2367.5,177.6,236.7,78.9
41,hombre,169.6,48.8,intenso,subir,2725.3,204.4,272.5,90.8
32,hombre,185.6,54.4,muy_intenso,bajar,2443.1,183.2,244.3,81.4
30,hombre,172.8,99.8,ligero,bajar,2157.9,161.8,215.8,71.9
34,mujer,194.2,51.3,intenso,mantener,2407.7,180.6,240.8,80.3
40,mujer,161.3,105.4,sedentario,mantener,2041.3,153.1,204.1,68.0
46,hombre,175.5,55.5,sedentario,subir,2112.2,158.4,211.2,70.4
38,mujer,152.0,93.2,intenso,mantener,2641.0,198.1,264.1,88.0
52,mujer,188.8,101.2,sedentario,bajar,1625.2,121.9,162.5,54.2
18,mujer,189.2,47.8,moderado,mantener,2184.7,163.9,218.5,72.8
18,mujer,178.0,76.0,moderado,subir,2913.3,218.5,291.3,97.1
63,mujer,192.5,54.5,ligero,mantener,1749.2,131.2,174.9,58.3
51,hombre,167.8,104.9,ligero,mantener,2540.7,190.5,254.1,84.7
53,hombre,171.4,94.1,ligero,mantener,2409.3,180.7,240.9,80.3
55,mujer,152.2,70.8,muy_intenso,mantener,2324.2,174.3,232.4,77.5
18,mujer,184.6,59.8,sedentario,mantener,1800.9,135.1,180.1,60.0
26,hombre,158.2,80.0,ligero,mantener,2287.7,171.6,228.8,76.3
19,mujer,162.5,84.7,moderado,subir,2890.3,216.8,289.0,96.3
36,hombre,187.2,100.7,intenso,bajar,2953.5,221.5,295.3,98.4
36,hombre,170.9,104.3,sedentario,bajar,1823.3,136.8,182.3,60.8
62,mujer,194.5,46.8,muy_intenso,mantener,2304.0,172.8,230.4,76.8
26,mujer,189.8,89.7,intenso,bajar,2591.6,194.4,259.2,86.4
37,hombre,176.9,108.6,moderado,subir,3518.0,263.9,351.8,117.3
55,hombre,152.4,66.8,moderado,subir,2493.3,187.0,249.3,83.1
62,mujer,154.9,59.9,ligero,bajar,1200,90.0,120.0,40.0
42,hombre,154.1,109.5,ligero,subir,2948.0,221.1,294.8,98.3
37,mujer,193.1,55.9,intenso,mantener,2449.3,183.7,244.9,81.6
22,hombre,166.8,76.7,moderado,mantener,2642.0,198.1,264.2,88.1
25,mujer,158.3,46.7,muy_intenso,subir,2623.7,196.8,262.4,87.5
59,hombre,150.2,83.2,moderado,bajar,1795.2,134.6,179.5,59.8
39,hombre,165.0,56.0,intenso,bajar,1917.2,143.8,191.7,63.9
50,mujer,188.1,82.8,intenso,bajar,2247.3,168.5,224.7,74.9
41,hombre,157.8,103.9,intenso,mantener,3148.6,236.1,314.9,105.0
30,mujer,152.2,87.5,sedentario,mantener,1818.3,136.4,181.8,60.6
36,hombre,184.0,68.7,muy_intenso,subir,3557.8,266.8,355.8,118.6
34,hombre,179.7,87.6,ligero,mantener,2521.9,189.1,252.2,84.1
24,mujer,154.6,83.6,ligero,subir,2491.7,186.9,249.2,83.1
23,mujer,170.4,83.7,moderado,subir,2920.3,219.0,292.0,97.3
45,mujer,192.6,70.0,intenso,subir,3018.1,226.4,301.8,100.6
31,hombre,181.1,81.2,intenso,mantener,3094.4,232.1,309.4,103.1
18,hombre,173.0,65.8,sedentario,subir,2385.1,178.9,238.5,79.5
18,mujer,174.6,50.3,moderado,mantener,2082.0,156.2,208.2,69.4
22,hombre,185.5,46.9,intenso,subir,3027.8,227.1,302.8,100.9
20,mujer,176.6,86.6,ligero,bajar,1849.5,138.7,185.0,61.7
32,hombre,180.3,94.5,ligero,bajar,2135.7,160.2,213.6,71.2
54,hombre,193.4,91.8,muy_intenso,bajar,3037.3,227.8,303.7,101.2
45,mujer,152.1,64.4,intenso,subir,2484.9,186.4,248.5,82.8
53,mujer,170.4,77.6,ligero,bajar,1445.6,108.4,144.6,48.2
62,mujer,165.5,91.2,sedentario,subir,2170.4,162.8,217.0,72.3
39,hombre,169.6,87.6,moderado,bajar,2206.3,165.5,220.6,73.5
33,hombre,188.7,77.3,intenso,mantener,3091.8,231.9,309.2,103.1
46,hombre,172.4,80.6,moderado,mantener,2570.7,192.8,257.1,85.7
52,hombre,180.8,54.4,intenso,mantener,2447.8,183.6,244.8,81.6
62,hombre,167.6,77.3,moderado,mantener,2349.0,176.2,234.9,78.3
43,mujer,171.1,49.5,ligero,mantener,1634.0,122.6,163.4,54.5
36,mujer,181.3,88.8,intenso,subir,3298.2,247.4,329.8,109.9
39,hombre,165.3,80.8,intenso,subir,3248.2,243.6,324.8,108.3
64,hombre,153.5,94.3,intenso,subir,3138.2,235.4,313.8,104.6
44,hombre,177.2,107.3,ligero,mantener,2702.6,202.7,270.3,90.1
36,hombre,159.2,82.6,muy_intenso,subir,3527.4,264.6,352.7,117.6
52,mujer,187.6,96.2,ligero,subir,2756.1,206.7,275.6,91.9
26,mujer,183.1,84.9,moderado,subir,3038.7,227.9,303.9,101.3
56,hombre,182.6,68.3,intenso,subir,3072.5,230.4,307.2,102.4
42,mujer,173.7,77.3,sedentario,bajar,1285.1,96.4,128.5,42.8
30,mujer,179.7,61.4,intenso,mantener,2460.1,184.5,246.0,82.0
21,mujer,178.3,79.1,intenso,bajar,2327.9,174.6,232.8,77.6
57,hombre,167.3,100.4,sedentario,subir,2523.5,189.3,252.4,84.1
41,mujer,170.1,57.2,sedentario,subir,1923.0,144.2,192.3,64.1
53,mujer,159.6,107.4,ligero,bajar,1762.6,132.2,176.3,58.8
60,hombre,155.7,79.4,moderado,bajar,1781.8,133.6,178.2,59.4
43,hombre,193.6,95.5,muy_intenso,bajar,3214.5,241.1,321.5,107.1
41,hombre,180.3,81.9,muy_intenso,mantener,3317.2,248.8,331.7,110.6
62,hombre,189.0,93.4,moderado,subir,3205.9,240.4,320.6,106.9
51,mujer,167.9,102.3,moderado,mantener,2567.4,192.6,256.7,85.6
27,mujer,191.9,53.6,muy_intenso,bajar,2234.8,167.6,223.5,74.5
62,mujer,192.3,59.7,sedentario,bajar,1200,90.0,120.0,40.0
49,mujer,151.1,101.9,muy_intenso,bajar,2459.0,184.4,245.9,82.0
47,hombre,175.2,52.9,ligero,bajar,1416.8,106.3,141.7,47.2
37,hombre,165.9,53.3,muy_intenso,mantener,2640.8,198.1,264.1,88.0
27,mujer,152.1,49.7,moderado,bajar,1285.0,96.4,128.5,42.8
53,mujer,166.4,103.8,intenso,bajar,2349.7,176.2,235.0,78.3
31,mujer,178.0,96.6,moderado,mantener,2731.9,204.9,273.2,91.1
59,mujer,166.6,45.6,moderado,bajar,1200,90.0,120.0,40.0
63,mujer,150.2,69.1,ligero,bajar,1200,90.0,120.0,40.0
40,mujer,177.8,75.1,moderado,bajar,1826.9,137.0,182.7,60.9
59,hombre,171.8,46.7,ligero,bajar,1219.8,91.5,122.0,40.7
31,mujer,182.8,98.0,moderado,mantener,2800.1,210.0,280.0,93.3
59,mujer,189.0,106.1,ligero,subir,2856.1,214.2,285.6,95.2
49,mujer,155.9,107.4,moderado,mantener,2545.7,190.9,254.6,84.9
20,mujer,187.1,92.0,ligero,mantener,2514.0,188.6,251.4,83.8
34,mujer,164.4,58.8,ligero,subir,2166.2,162.5,216.6,72.2
28,hombre,174.6,80.0,sedentario,mantener,2107.5,158.1,210.8,70.2
57,mujer,169.7,73.8,moderado,subir,2496.6,187.2,249.7,83.2
39,mujer,186.5,107.0,ligero,subir,2984.5,223.8,298.4,99.5
22,mujer,193.2,102.9,ligero,bajar,2202.6,165.2,220.3,73.4
36,mujer,150.2,94.2,muy_intenso,bajar,2425.5,181.9,242.6,80.9
65,mujer,151.5,65.8,muy_intenso,subir,2525.9,189.4,252.6,84.2
58,hombre,169.8,70.6,intenso,bajar,2056.9,154.3,205.7,68.6
65,mujer,158.2,53.8,moderado,subir,2013.2,151.0,201.3,67.1
56,mujer,161.6,90.7,moderado,bajar,1787.8,134.1,178.8,59.6
50,mujer,156.5,100.9,muy_intenso,mantener,2994.6,224.6,299.5,99.8
38,hombre,167.1,46.6,moderado,bajar,1554.3,116.6,155.4,51.8
58,mujer,167.5,85.2,ligero,mantener,1990.8,149.3,199.1,66.4
48,mujer,156.6,80.5,ligero,subir,2301.3,172.6,230.1,76.7
65,mujer,186.6,93.2,sedentario,bajar,1434.7,107.6,143.5,47.8
59,mujer,150.6,66.0,muy_intenso,subir,2576.0,193.2,257.6,85.9
44,mujer,172.3,85.5,intenso,bajar,2175.3,163.1,217.5,72.5
58,mujer,161.7,78.4,sedentario,subir,2012.3,150.9,201.2,67.1
26,mujer,165.1,56.1,intenso,bajar,1745.7,130.9,174.6,58.2
55,mujer,182.8,78.1,intenso,subir,2965.9,222.4,296.6,98.9
48,hombre,187.3,74.6,intenso,subir,3300.8,247.6,330.1,110.0
55,mujer,169.4,79.0,muy_intenso,mantener,2684.2,201.3,268.4,89.5
20,hombre,154.4,63.8,intenso,subir,3001.3,225.1,300.1,100.0
34,hombre,150.7,67.6,moderado,mantener,2252.0,168.9,225.2,75.1
25,mujer,150.2,70.8,moderado,mantener,2109.2,158.2,210.9,70.3
34,hombre,160.4,71.2,muy_intenso,mantener,2944.0,220.8,294.4,98.1
37,hombre,179.0,95.0,ligero,subir,2997.0,224.8,299.7,99.9
43,hombre,191.5,53.1,ligero,subir,2487.1,186.5,248.7,82.9
55,hombre,189.5,105.1,ligero,bajar,2202.4,165.2,220.2,73.4
64,mujer,185.4,92.5,ligero,subir,2603.8,195.3,260.4,86.8
42,hombre,183.3,54.2,intenso,subir,2957.5,221.8,295.8,98.6
27,hombre,165.5,68.7,moderado,subir,2866.6,215.0,286.7,95.6
20,mujer,152.0,55.4,sedentario,mantener,1491.6,111.9,149.2,49.7
19,hombre,177.5,80.4,sedentario,subir,2588.0,194.1,258.8,86.3
50,hombre,188.0,48.1,intenso,bajar,1934.0,145.0,193.4,64.5
53,hombre,181.8,65.6,muy_intenso,bajar,2411.3,180.8,241.1,80.4
19,mujer,161.4,103.3,sedentario,mantener,2142.9,160.7,214.3,71.4
22,mujer,184.9,82.3,muy_intenso,bajar,2744.5,205.8,274.4,91.5
46,hombre,191.3,90.7,sedentario,bajar,1753.2,131.5,175.3,58.4
44,mujer,173.6,88.0,moderado,bajar,1955.2,146.6,195.5,65.2
38,mujer,183.5,85.2,muy_intenso,subir,3531.0,264.8,353.1,117.7
44,mujer,176.7,69.2,ligero,bajar,1446.1,108.5,144.6,48.2
45,hombre,164.3,62.9,muy_intenso,bajar,2228.2,167.1,222.8,74.3
20,hombre,160.5,72.1,muy_intenso,mantener,3095.3,232.2,309.5,103.2
63,mujer,157.8,50.2,muy_intenso,mantener,1923.3,144.2,192.3,64.1
24,hombre,164.9,81.0,muy_intenso,subir,3678.7,275.9,367.9,122.6
35,hombre,187.1,58.2,muy_intenso,subir,3404.6,255.3,340.5,113.5
21,mujer,178.3,51.4,moderado,mantener,2111.7,158.4,211.2,70.4
52,mujer,166.4,47.3,moderado,mantener,1692.6,126.9,169.3,56.4
33,mujer,168.5,48.9,sedentario,bajar,1200,90.0,120.0,40.0
22,mujer,150.4,64.8,sedentario,mantener,1580.4,118.5,158.0,52.7
58,mujer,155.7,76.1,muy_intenso,mantener,2437.9,182.8,243.8,81.3
47,mujer,169.7,68.3,moderado,mantener,2088.8,156.7,208.9,69.6
41,hombre,164.4,46.4,ligero,bajar,1275.8,95.7,127.6,42.5
24,hombre,190.4,88.3,muy_intenso,subir,4120.2,309.0,412.0,137.3
33,hombre,186.3,66.6,moderado,subir,2989.1,224.2,298.9,99.6
60,hombre,152.7,46.6,muy_intenso,mantener,2138.2,160.4,213.8,71.3
18,hombre,185.4,105.6,sedentario,mantener,2555.7,191.7,255.6,85.2
22,hombre,150.0,62.5,moderado,subir,2659.1,199.4,265.9,88.6
51,hombre,166.0,63.1,sedentario,bajar,1202.2,90.2,120.2,40.1
30,hombre,176.3,46.9,intenso,subir,2859.6,214.5,286.0,95.3
56,mujer,185.6,85.8,moderado,mantener,2444.3,183.3,244.4,81.5
57,hombre,154.9,58.8,ligero,mantener,1754.7,131.6,175.5,58.5
43,hombre,180.8,70.3,muy_intenso,bajar,2583.7,193.8,258.4,86.1
32,mujer,165.1,106.4,ligero,mantener,2440.5,183.0,244.0,81.3
28,hombre,156.3,75.1,sedentario,subir,2311.4,173.4,231.1,77.0
64,hombre,162.1,99.5,ligero,mantener,2328.0,174.6,232.8,77.6
56,hombre,167.2,48.6,intenso,bajar,1666.6,125.0,166.7,55.6
47,hombre,162.3,47.7,ligero,subir,2134.4,160.1,213.4,71.1
24,hombre,168.2,56.0,ligero,subir,2457.3,184.3,245.7,81.9
28,hombre,181.6,81.9,moderado,subir,3219.5,241.5,321.9,107.3
38,mujer,152.2,77.0,moderado,bajar,1623.9,121.8,162.4,54.1
61,mujer,154.7,69.7,sedentario,mantener,1437.5,107.8,143.7,47.9
20,mujer,190.5,109.5,intenso,bajar,2992.5,224.4,299.2,99.7
62,hombre,160.1,72.3,sedentario,bajar,1202.3,90.2,120.2,40.1
18,hombre,163.8,66.9,sedentario,bajar,1429.3,107.2,142.9,47.6
30,mujer,171.7,54.7,ligero,mantener,1800.0,135.0,180.0,60.0
37,hombre,194.8,61.3,sedentario,mantener,1980.6,148.5,198.1,66.0
34,hombre,157.8,51.9,sedentario,bajar,1200,90.0,120.0,40.0
49,mujer,178.1,59.6,ligero,mantener,1791.8,134.4,179.2,59.7
65,mujer,194.9,59.7,moderado,mantener,2060.1,154.5,206.0,68.7
52,hombre,163.8,59.3,intenso,mantener,2349.0,176.2,234.9,78.3
59,mujer,186.5,61.6,ligero,mantener,1822.7,136.7,182.3,60.8
44,hombre,174.2,80.7,intenso,subir,3299.3,247.4,329.9,110.0
62,mujer,163.8,100.6,intenso,subir,3088.8,231.7,308.9,103.0
59,mujer,191.1,98.6,muy_intenso,bajar,2776.3,208.2,277.6,92.5
57,hombre,174.5,102.4,sedentario,subir,2601.5,195.1,260.2,86.7
18,hombre,195.0,54.7,intenso,subir,3299.3,247.4,329.9,110.0
41,hombre,182.0,84.7,muy_intenso,bajar,2890.5,216.8,289.1,96.4
59,hombre,152.6,94.3,muy_intenso,subir,3452.8,259.0,345.3,115.1
54,mujer,183.0,58.1,moderado,subir,2405.3,180.4,240.5,80.2
38,hombre,152.3,74.6,ligero,bajar,1580.2,118.5,158.0,52.7
32,hombre,150.9,91.8,intenso,mantener,2943.1,220.7,294.3,98.1
55,mujer,188.2,54.5,ligero,subir,2167.2,162.5,216.7,72.2
44,hombre,151.1,60.7,sedentario,bajar,1200,90.0,120.0,40.0
36,mujer,191.7,78.0,muy_intenso,subir,3510.5,263.3,351.1,117.0
53,hombre,174.5,84.3,moderado,mantener,2594.1,194.6,259.4,86.5
61,hombre,170.5,46.6,moderado,mantener,1909.0,143.2,190.9,63.6
51,hombre,158.5,52.8,intenso,subir,2588.4,194.1,258.8,86.3
28,hombre,161.8,47.1,ligero,bajar,1352.5,101.4,135.2,45.1
57,mujer,160.4,97.3,moderado,bajar,1870.7,140.3,187.1,62.4
28,hombre,171.8,109.2,ligero,subir,3192.3,239.4,319.2,106.4
20,hombre,165.7,70.0,muy_intenso,bajar,2617.2,196.3,261.7,87.2
61,hombre,178.0,57.9,muy_intenso,subir,3043.8,228.3,304.4,101.5
36,hombre,189.2,101.8,muy_intenso,mantener,3848.4,288.6,384.8,128.3
37,mujer,193.3,77.4,ligero,bajar,1749.7,131.2,175.0,58.3
23,mujer,175.0,75.6,ligero,subir,2563.9,192.3,256.4,85.5
41,hombre,154.5,88.6,moderado,subir,2960.0,222.0,296.0,98.7
20,mujer,158.6,82.0,muy_intenso,subir,3345.5,250.9,334.5,111.5
54,mujer,173.2,103.2,moderado,subir,3009.4,225.7,300.9,100.3
38,hombre,164.4,65.1,moderado,mantener,2314.9,173.6,231.5,77.2
36,hombre,162.1,55.5,intenso,bajar,1903.1,142.7,190.3,63.4
38,mujer,168.9,88.7,muy_intenso,bajar,2524.1,189.3,252.4,84.1
51,mujer,155.0,82.7,ligero,bajar,1397.2,104.8,139.7,46.6
51,mujer,163.4,77.4,moderado,mantener,2137.8,160.3,213.8,71.3
61,hombre,172.3,107.6,ligero,subir,2947.7,221.1,294.8,98.3
21,hombre,169.3,51.1,moderado,mantener,2277.1,170.8,227.7,75.9
57,mujer,164.1,86.4,muy_intenso,subir,3142.9,235.7,314.3,104.8
37,hombre,151.9,49.1,muy_intenso,mantener,2394.7,179.6,239.5,79.8
46,mujer,192.6,91.1,ligero,bajar,1870.2,140.3,187.0,62.3
30,hombre,186.5,90.2,ligero,bajar,2143.6,160.8,214.4,71.5
62,mujer,182.4,58.6,ligero,subir,2125.6,159.4,212.6,70.9
42,mujer,174.4,66.0,moderado,mantener,2137.5,160.3,213.7,71.2
50,hombre,175.8,46.4,intenso,subir,2673.1,200.5,267.3,89.1
45,mujer,157.2,63.8,muy_intenso,mantener,2345.5,175.9,234.6,78.2
40,mujer,191.5,90.4,muy_intenso,bajar,2805.8,210.4,280.6,93.5
58,hombre,159.1,66.5,ligero,subir,2289.8,171.7,229.0,76.3
64,mujer,185.3,84.8,ligero,mantener,2097.0,157.3,209.7,69.9
40,mujer,175.8,49.4,muy_intenso,mantener,2340.3,175.5,234.0,78.0
34,hombre,160.8,82.9,sedentario,bajar,1502.8,112.7,150.3,50.1
60,hombre,187.6,99.3,muy_intenso,subir,3953.9,296.5,395.4,131.8
63,mujer,160.7,84.2,sedentario,subir,2044.5,153.3,204.4,68.1
46,hombre,156.8,58.6,intenso,subir,2713.2,203.5,271.3,90.4
48,mujer,151.4,93.6,moderado,mantener,2295.9,172.2,229.6,76.5
25,mujer,172.8,58.2,moderado,mantener,2132.8,160.0,213.3,71.1
28,hombre,188.4,69.8,moderado,mantener,2697.8,202.3,269.8,89.9
58,hombre,166.7,100.8,ligero,mantener,2426.7,182.0,242.7,80.9
43,hombre,167.8,46.2,muy_intenso,bajar,1971.4,147.9,197.1,65.7
39,mujer,153.9,70.3,ligero,mantener,1799.7,135.0,180.0,60.0
23,hombre,175.9,47.2,sedentario,bajar,1253.6,94.0,125.4,41.8
49,mujer,185.9,67.8,ligero,bajar,1471.6,110.4,147.2,49.1
54,mujer,168.0,75.3,sedentario,mantener,1646.4,123.5,164.6,54.9
59,hombre,164.5,98.4,sedentario,bajar,1566.5,117.5,156.7,52.2
40,hombre,174.0,45.7,moderado,subir,2491.7,186.9,249.2,83.1
60,hombre,173.3,96.5,sedentario,subir,2503.8,187.8,250.4,83.5
27,hombre,180.5,53.9,muy_intenso,subir,3320.5,249.0,332.1,110.7
27,mujer,187.2,108.4,moderado,subir,3434.9,257.6,343.5,114.5
21,hombre,193.9,94.2,sedentario,bajar,1964.7,147.3,196.5,65.5
52,hombre,183.7,85.7,sedentario,bajar,1600.2,120.0,160.0,53.3
41,mujer,181.7,77.2,moderado,bajar,1889.5,141.7,189.0,63.0
29,hombre,178.9,68.9,moderado,subir,2984.0,223.8,298.4,99.5
29,mujer,166.1,71.0,ligero,bajar,1482.9,111.2,148.3,49.4
65,hombre,184.5,62.0,muy_intenso,mantener,2760.9,207.1,276.1,92.0
57,hombre,153.7,94.5,sedentario,subir,2350.8,176.3,235.1,78.4
55,mujer,179.4,86.7,ligero,mantener,2134.3,160.1,213.4,71.1
36,hombre,184.6,53.6,sedentario,subir,2217.7,166.3,221.8,73.9
18,mujer,163.6,93.7,intenso,subir,3347.2,251.0,334.7,111.6
42,mujer,162.2,84.8,sedentario,subir,2188.9,164.2,218.9,73.0
55,hombre,170.7,75.3,moderado,subir,2802.3,210.2,280.2,93.4
60,mujer,171.7,97.1,sedentario,mantener,1899.8,142.5,190.0,63.3
38,hombre,155.9,80.6,moderado,mantener,2472.8,185.5,247.3,82.4
20,hombre,174.7,88.0,ligero,subir,2980.7,223.6,298.1,99.4
40,mujer,193.1,96.3,moderado,subir,3203.8,240.3,320.4,106.8
51,hombre,174.5,70.2,moderado,bajar,1891.1,141.8,189.1,63.0
61,mujer,187.9,86.5,ligero,bajar,1663.4,124.8,166.3,55.4
47,hombre,165.9,49.1,intenso,bajar,1738.8,130.4,173.9,58.0
18,mujer,153.2,65.3,moderado,mantener,2107.2,158.0,210.7,70.2
41,mujer,172.8,80.6,intenso,mantener,2622.0,196.7,262.2,87.4
49,hombre,169.4,58.7,muy_intenso,mantener,2670.9,200.3,267.1,89.0
21,hombre,151.7,97.9,moderado,subir,3232.0,242.4,323.2,107.7
43,mujer,166.9,93.8,intenso,subir,3168.8,237.7,316.9,105.6
34,hombre,162.4,107.7,intenso,subir,3724.1,279.3,372.4,124.1
58,hombre,154.6,101.6,sedentario,bajar,1536.7,115.3,153.7,51.2
50,mujer,152.6,67.5,moderado,bajar,1387.5,104.1,138.8,46.3
59,hombre,184.8,93.5,sedentario,mantener,2160.0,162.0,216.0,72.0
63,mujer,178.0,102.6,moderado,bajar,2076.9,155.8,207.7,69.2
20,mujer,179.3,73.2,ligero,subir,2588.5,194.1,258.8,86.3
44,hombre,184.1,45.9,intenso,subir,2805.7,210.4,280.6,93.5
18,hombre,173.5,54.0,muy_intenso,mantener,2924.8,219.4,292.5,97.5
55,hombre,191.9,100.8,intenso,mantener,3342.0,250.6,334.2,111.4
33,mujer,177.0,70.8,moderado,subir,2706.8,203.0,270.7,90.2
39,mujer,190.7,53.5,moderado,subir,2524.9,189.4,252.5,84.2
26,hombre,164.9,56.2,moderado,subir,2674.8,200.6,267.5,89.2
29,mujer,180.9,48.6,intenso,bajar,1760.8,132.1,176.1,58.7
38,hombre,185.9,100.6,intenso,bajar,2920.5,219.0,292.0,97.3
45,mujer,188.4,94.4,intenso,bajar,2493.7,187.0,249.4,83.1
46,hombre,158.3,105.4,muy_intenso,mantener,3454.9,259.1,345.5,115.2
26,mujer,176.2,61.0,muy_intenso,mantener,2698.5,202.4,269.8,89.9
56,hombre,155.1,86.8,muy_intenso,bajar,2468.5,185.1,246.9,82.3
25,mujer,176.8,56.5,intenso,mantener,2387.4,179.1,238.7,79.6
62,mujer,194.3,91.1,moderado,subir,2964.3,222.3,296.4,98.8
19,mujer,160.7,99.1,intenso,bajar,2500.4,187.5,250.0,83.3
57,hombre,161.6,104.1,muy_intenso,subir,3764.9,282.4,376.5,125.5
46,mujer,154.8,101.3,moderado,subir,2863.7,214.8,286.4,95.5
23,hombre,170.0,71.4,moderado,bajar,2083.1,156.2,208.3,69.4
51,mujer,181.4,50.3,muy_intenso,bajar,1819.4,136.5,181.9,60.6
32,hombre,168.2,57.7,intenso,bajar,2041.4,153.1,204.1,68.0
43,hombre,181.0,73.3,sedentario,bajar,1485.1,111.4,148.5,49.5
44,hombre,152.5,101.3,ligero,bajar,1907.8,143.1,190.8,63.6
30,hombre,190.2,94.9,sedentario,subir,2791.3,209.3,279.1,93.0
48,mujer,169.7,93.3,sedentario,bajar,1411.1,105.8,141.1,47.0
63,mujer,162.3,88.5,muy_intenso,subir,3104.4,232.8,310.4,103.5
41,mujer,189.3,53.9,muy_intenso,bajar,2076.6,155.7,207.7,69.2
65,hombre,161.2,65.6,moderado,subir,2482.4,186.2,248.2,82.7
36,mujer,185.7,76.1,intenso,bajar,2226.6,167.0,222.7,74.2
47,mujer,183.6,79.5,intenso,subir,3067.7,230.1,306.8,102.3
51,mujer,157.9,48.1,moderado,bajar,1200,90.0,120.0,40.0
18,mujer,188.4,94.6,ligero,bajar,2074.7,155.6,207.5,69.2
30,hombre,167.5,80.9,moderado,subir,3051.9,228.9,305.2,101.7
42,mujer,194.0,67.5,sedentario,bajar,1319.8,99.0,132.0,44.0
43,mujer,155.2,89.2,intenso,subir,2963.3,222.3,296.3,98.8
54,mujer,162.6,96.6,ligero,bajar,1633.0,122.5,163.3,54.4
61,hombre,159.2,95.3,sedentario,subir,2377.6,178.3,237.8,79.3
24,mujer,171.9,60.7,ligero,bajar,1425.5,106.9,142.6,47.5
24,mujer,186.0,61.2,ligero,subir,2453.6,184.0,245.4,81.8
53,mujer,170.1,64.9,moderado,subir,2393.5,179.5,239.3,79.8
37,mujer,169.0,75.0,muy_intenso,bajar,2274.5,170.6,227.4,75.8
44,mujer,157.3,97.4,sedentario,mantener,1891.3,141.9,189.1,63.0
38,mujer,154.6,106.2,moderado,bajar,2099.7,157.5,210.0,70.0
37,hombre,152.2,51.1,sedentario,subir,1938.7,145.4,193.9,64.6
43,mujer,174.6,51.5,intenso,bajar,1622.2,121.7,162.2,54.1
53,mujer,164.7,45.0,moderado,mantener,1632.7,122.5,163.3,54.4
39,hombre,161.2,88.3,intenso,subir,3333.4,250.0,333.3,111.1
57,hombre,179.6,71.8,ligero,subir,2545.7,190.9,254.6,84.9
37,hombre,180.9,92.1,moderado,subir,3301.0,247.6,330.1,110.0
31,hombre,154.0,65.6,moderado,subir,2676.2,200.7,267.6,89.2
51,mujer,170.8,75.9,muy_intenso,mantener,2679.9,201.0,268.0,89.3
25,hombre,166.7,67.5,intenso,subir,3154.6,236.6,315.5,105.2
42,hombre,180.0,93.6,intenso,subir,3601.6,270.1,360.2,120.1
21,mujer,151.1,103.8,muy_intenso,subir,3661.1,274.6,366.1,122.0
18,hombre,189.3,61.0,intenso,mantener,2946.5,221.0,294.7,98.2
40,hombre,189.4,108.5,muy_intenso,subir,4340.1,325.5,434.0,144.7
36,mujer,192.7,87.1,muy_intenso,subir,3695.3,277.1,369.5,123.2
24,mujer,162.1,101.6,muy_intenso,subir,3721.4,279.1,372.1,124.0
65,hombre,169.0,96.2,muy_intenso,subir,3626.7,272.0,362.7,120.9
22,mujer,189.0,56.0,muy_intenso,mantener,2793.5,209.5,279.3,93.1
54,hombre,180.8,73.3,ligero,mantener,2197.2,164.8,219.7,73.2
53,hombre,189.1,102.7,ligero,bajar,2179.7,163.5,218.0,72.7
18,hombre,194.7,81.5,sedentario,subir,2736.2,205.2,273.6,91.2
60,mujer,166.1,84.9,intenso,mantener,2460.1,184.5,246.0,82.0
39,mujer,165.9,55.5,ligero,subir,2099.3,157.4,209.9,70.0
32,mujer,178.2,45.3,muy_intenso,subir,2766.9,207.5,276.7,92.2
33,hombre,187.1,105.4,ligero,bajar,2337.1,175.3,233.7,77.9
57,hombre,167.2,67.8,moderado,bajar,1736.7,130.2,173.7,57.9
20,hombre,152.3,95.9,ligero,bajar,1996.8,149.8,199.7,66.6
59,hombre,151.5,94.6,intenso,mantener,2765.0,207.4,276.5,92.2
20,hombre,170.5,54.9,ligero,bajar,1589.5,119.2,158.9,53.0
60,hombre,184.6,95.9,muy_intenso,subir,3853.7,289.0,385.4,128.5
19,mujer,160.6,85.9,ligero,bajar,1709.3,128.2,170.9,57.0
48,mujer,186.1,50.4,muy_intenso,subir,2805.6,210.4,280.6,93.5
51,mujer,186.6,95.6,muy_intenso,bajar,2741.9,205.6,274.2,91.4
27,hombre,154.5,100.2,sedentario,bajar,1705.2,127.9,170.5,56.8
30,hombre,192.2,104.6,intenso,mantener,3626.4,272.0,362.6,120.9
37,mujer,175.7,51.5,intenso,bajar,1685.8,126.4,168.6,56.2
51,hombre,159.5,76.3,sedentario,bajar,1311.8,98.4,131.2,43.7
62,hombre,152.4,102.4,intenso,subir,3283.3,246.3,328.3,109.4
51,hombre,151.0,63.6,ligero,subir,2228.4,167.1,222.8,74.3
32,mujer,167.2,56.8,sedentario,subir,1950.4,146.3,195.0,65.0
25,hombre,187.0,98.8,ligero,bajar,2300.5,172.5,230.1,76.7
26,hombre,157.9,83.0,ligero,subir,2726.3,204.5,272.6,90.9
60,mujer,180.3,49.6,sedentario,mantener,1394.2,104.6,139.4,46.5
47,hombre,153.3,106.0,intenso,bajar,2584.5,193.8,258.5,86.2
55,hombre,162.3,54.6,muy_intenso,mantener,2451.7,183.9,245.2,81.7
41,mujer,180.2,96.8,muy_intenso,subir,3683.7,276.3,368.4,122.8
23,mujer,172.8,68.9,sedentario,mantener,1791.6,134.4,179.2,59.7
62,hombre,176.8,54.9,ligero,subir,2254.9,169.1,225.5,75.2
56,hombre,163.2,65.3,ligero,mantener,1922.2,144.2,192.2,64.1
21,mujer,190.1,57.1,ligero,mantener,2053.0,154.0,205.3,68.4
29,hombre,181.0,80.3,sedentario,subir,2553.1,191.5,255.3,85.1
30,hombre,168.8,102.4,intenso,mantener,3336.2,250.2,333.6,111.2
51,hombre,157.1,89.4,sedentario,subir,2351.1,176.3,235.1,78.4
36,hombre,167.4,104.0,ligero,mantener,2628.0,197.1,262.8,87.6
61,mujer,164.6,93.7,ligero,subir,2462.2,184.7,246.2,82.1
56,mujer,180.4,75.4,moderado,bajar,1732.8,130.0,173.3,57.8
56,mujer,162.3,57.7,sedentario,subir,1780.5,133.5,178.0,59.3
23,mujer,157.0,85.3,intenso,subir,3088.0,231.6,308.8,102.9
38,mujer,166.8,77.7,intenso,subir,2933.2,220.0,293.3,97.8
52,hombre,161.3,97.7,ligero,mantener,2378.9,178.4,237.9,79.3
57,mujer,193.2,61.5,moderado,mantener,2133.6,160.0,213.4,71.1
46,hombre,151.9,69.4,intenso,mantener,2446.7,183.5,244.7,81.6
29,mujer,155.1,57.4,muy_intenso,bajar,1851.0,138.8,185.1,61.7
61,mujer,173.4,67.5,sedentario,mantener,1551.3,116.3,155.1,51.7
33,mujer,172.8,93.1,intenso,mantener,2906.6,218.0,290.7,96.9
48,hombre,167.7,65.7,sedentario,mantener,1764.1,132.3,176.4,58.8
41,mujer,156.8,65.6,intenso,mantener,2190.8,164.3,219.1,73.0
37,hombre,170.3,90.2,sedentario,bajar,1643.7,123.3,164.4,54.8
60,hombre,183.9,72.3,moderado,bajar,1944.9,145.9,194.5,64.8
35,hombre,164.6,106.4,moderado,mantener,2980.3,223.5,298.0,99.3
24,hombre,180.7,105.4,moderado,bajar,2706.0,202.9,270.6,90.2
58,mujer,177.4,94.5,sedentario,subir,2323.3,174.2,232.3,77.4
62,mujer,153.2,72.7,muy_intenso,bajar,1805.7,135.4,180.6,60.2
44,mujer,150.7,101.1,sedentario,subir,2286.2,171.5,228.6,76.2
39,hombre,190.1,60.5,moderado,mantener,2484.8,186.4,248.5,82.8
23,mujer,179.9,86.1,sedentario,mantener,2051.2,153.8,205.1,68.4
18,hombre,162.2,107.8,muy_intenso,subir,4212.8,316.0,421.3,140.4
39,mujer,179.5,92.8,moderado,subir,3025.5,226.9,302.6,100.9
32,mujer,188.2,84.3,moderado,bajar,2132.3,159.9,213.2,71.1
47,hombre,168.9,104.5,intenso,mantener,3226.8,242.0,322.7,107.6
39,mujer,194.7,77.4,moderado,subir,2934.1,220.1,293.4,97.8
47,mujer,172.9,103.3,sedentario,subir,2461.2,184.6,246.1,82.0
61,mujer,172.2,55.2,sedentario,bajar,1200,90.0,120.0,40.0
54,mujer,154.8,53.0,ligero,mantener,1466.4,110.0,146.6,48.9
24,mujer,173.0,96.7,sedentario,subir,2520.7,189.1,252.1,84.0
22,hombre,174.9,93.6,ligero,subir,3045.7,228.4,304.6,101.5
18,hombre,189.5,106.6,intenso,bajar,3235.3,242.6,323.5,107.8
39,hombre,184.1,86.5,sedentario,mantener,2190.8,164.3,219.1,73.0
18,mujer,173.8,83.9,sedentario,bajar,1509.1,113.2,150.9,50.3
24,mujer,183.3,97.3,intenso,mantener,3169.9,237.7,317.0,105.7
28,hombre,156.5,87.0,muy_intenso,subir,3654.9,274.1,365.5,121.8
43,mujer,169.5,107.9,intenso,mantener,3040.1,228.0,304.0,101.3
49,mujer,157.1,75.5,sedentario,mantener,1597.0,119.8,159.7,53.2
30,mujer,165.9,61.5,moderado,bajar,1578.4,118.4,157.8,52.6
50,mujer,167.0,88.1,sedentario,mantener,1816.5,136.2,181.7,60.5
60,mujer,168.6,103.5,intenso,subir,3207.9,240.6,320.8,106.9
56,mujer,156.6,50.3,intenso,bajar,1295.3,97.1,129.5,43.2
30,hombre,176.5,73.4,ligero,subir,2726.7,204.5,272.7,90.9
34,mujer,183.1,105.2,intenso,bajar,2717.8,203.8,271.8,90.6
49,hombre,173.9,47.7,intenso,bajar,1783.7,133.8,178.4,59.5
30,mujer,154.3,59.3,ligero,bajar,1213.8,91.0,121.4,40.5
39,mujer,159.2,50.1,ligero,bajar,1200,90.0,120.0,40.0
24,hombre,163.1,91.3,intenso,bajar,2635.0,197.6,263.5,87.8
21,mujer,193.9,56.7,muy_intenso,mantener,2874.5,215.6,287.4,95.8
49,mujer,166.2,58.5,intenso,mantener,2100.6,157.5,210.1,70.0
19,mujer,190.6,56.5,muy_intenso,subir,3250.5,243.8,325.0,108.3
64,hombre,177.7,49.4,moderado,mantener,1998.9,149.9,199.9,66.6
26,hombre,188.4,72.1,intenso,bajar,2559.3,191.9,255.9,85.3
20,mujer,151.2,59.1,sedentario,mantener,1530.0,114.8,153.0,51.0
23,hombre,164.0,107.3,muy_intenso,mantener,3777.2,283.3,377.7,125.9
29,hombre,174.0,104.8,moderado,subir,3493.0,262.0,349.3,116.4
18,hombre,186.4,100.9,ligero,bajar,2372.4,177.9,237.2,79.1
60,mujer,172.4,67.4,ligero,bajar,1274.4,95.6,127.4,42.5
52,hombre,157.4,79.9,moderado,bajar,1868.0,140.1,186.8,62.3
61,mujer,155.1,62.3,ligero,bajar,1200,90.0,120.0,40.0
29,mujer,175.2,49.4,moderado,bajar,1488.7,111.6,148.9,49.6
59,hombre,153.7,92.9,ligero,mantener,2199.5,165.0,219.9,73.3
57,mujer,151.9,77.8,moderado,mantener,1986.1,149.0,198.6,66.2
60,hombre,151.6,100.8,intenso,mantener,2864.4,214.8,286.4,95.5
27,mujer,178.8,64.4,sedentario,bajar,1258.6,94.4,125.9,42.0
50,mujer,186.6,63.0,intenso,subir,2789.6,209.2,279.0,93.0
39,hombre,160.6,92.6,moderado,subir,3096.6,232.2,309.7,103.2
37,mujer,179.9,78.6,moderado,bajar,1924.8,144.4,192.5,64.2
39,mujer,154.6,64.3,sedentario,mantener,1503.9,112.8,150.4,50.1
19,mujer,168.0,47.5,intenso,subir,2589.0,194.2,258.9,86.3
48,hombre,163.9,86.7,sedentario,mantener,1987.6,149.1,198.8,66.3
30,hombre,183.2,67.0,intenso,bajar,2380.8,178.6,238.1,79.4
41,mujer,150.5,84.7,intenso,bajar,1952.3,146.4,195.2,65.1
35,hombre,178.3,86.4,muy_intenso,mantener,3435.9,257.7,343.6,114.5
43,mujer,154.9,92.9,sedentario,bajar,1325.3,99.4,132.5,44.2
36,hombre,151.4,49.8,intenso,subir,2589.5,194.2,258.9,86.3
38,hombre,185.1,49.2,ligero,bajar,1512.8,113.5,151.3,50.4
23,mujer,185.5,85.5,moderado,subir,3094.5,232.1,309.4,103.1
32,mujer,191.0,75.4,sedentario,subir,2352.1,176.4,235.2,78.4
53,hombre,170.7,55.2,ligero,bajar,1368.5,102.6,136.8,45.6
55,mujer,157.5,67.4,sedentario,bajar,1200,90.0,120.0,40.0
59,mujer,193.0,101.5,ligero,bajar,1927.2,144.5,192.7,64.2
33,hombre,166.7,102.9,sedentario,bajar,1793.0,134.5,179.3,59.8
47,mujer,169.3,53.6,ligero,subir,2047.4,153.6,204.7,68.2
65,mujer,182.2,48.2,muy_intenso,bajar,1656.0,124.2,165.6,55.2
45,mujer,182.6,106.1,ligero,bajar,1997.3,149.8,199.7,66.6
31,mujer,171.6,60.7,sedentario,subir,2036.2,152.7,203.6,67.9
45,mujer,159.2,99.7,sedentario,mantener,1927.2,144.5,192.7,64.2
32,hombre,172.4,80.9,muy_intenso,bajar,2789.8,209.2,279.0,93.0
52,mujer,185.7,107.9,sedentario,bajar,1682.3,126.2,168.2,56.1
26,hombre,167.0,79.9,intenso,bajar,2463.1,184.7,246.3,82.1
36,mujer,193.2,72.0,intenso,bajar,2236.7,167.8,223.7,74.6
19,mujer,162.2,93.2,sedentario,bajar,1527.7,114.6,152.8,50.9
48,hombre,163.1,91.7,intenso,mantener,2934.9,220.1,293.5,97.8
59,mujer,190.7,68.6,moderado,mantener,2203.9,165.3,220.4,73.5
27,hombre,176.8,53.8,ligero,mantener,2080.4,156.0,208.0,69.3
57,mujer,158.1,65.5,intenso,subir,2465.0,184.9,246.5,82.2
57,hombre,172.1,59.8,muy_intenso,subir,3047.9,228.6,304.8,101.6
51,hombre,185.0,66.9,sedentario,mantener,1890.3,141.8,189.0,63.0
27,hombre,154.9,58.0,moderado,subir,2598.1,194.9,259.8,86.6
36,mujer,151.8,98.6,intenso,bajar,2249.2,168.7,224.9,75.0
35,mujer,172.2,91.0,moderado,subir,2957.9,221.8,295.8,98.6
25,mujer,192.2,90.7,sedentario,subir,2586.7,194.0,258.7,86.2
41,hombre,161.7,76.4,muy_intenso,bajar,2491.8,186.9,249.2,83.1
46,hombre,161.9,97.8,sedentario,bajar,1617.8,121.3,161.8,53.9
32,hombre,184.3,56.2,ligero,bajar,1643.5,123.3,164.3,54.8
37,hombre,169.2,83.1,muy_intenso,subir,3646.1,273.5,364.6,121.5
61,hombre,179.3,99.3,muy_intenso,bajar,2945.9,220.9,294.6,98.2
56,mujer,151.4,59.4,moderado,bajar,1203.8,90.3,120.4,40.1
60,mujer,180.8,53.9,ligero,mantener,1661.0,124.6,166.1,55.4
56,hombre,189.4,66.3,intenso,subir,3111.3,233.3,311.1,103.7
52,hombre,175.9,94.9,moderado,subir,3179.7,238.5,318.0,106.0
42,hombre,152.7,63.1,sedentario,mantener,1656.5,124.2,165.6,55.2
51,hombre,185.1,85.4,moderado,subir,3129.4,234.7,312.9,104.3
35,hombre,171.2,59.3,intenso,bajar,2075.4,155.7,207.5,69.2
52,mujer,178.1,50.2,intenso,mantener,2059.9,154.5,206.0,68.7
59,hombre,155.9,64.2,sedentario,mantener,1591.6,119.4,159.2,53.1
58,hombre,165.1,57.7,muy_intenso,bajar,2015.4,151.2,201.5,67.2
40,mujer,181.8,105.9,intenso,mantener,3164.1,237.3,316.4,105.5
44,mujer,179.6,81.5,muy_intenso,mantener,2957.3,221.8,295.7,98.6
25,hombre,186.9,72.6,moderado,bajar,2249.9,168.7,225.0,75.0
22,hombre,150.8,104.0,moderado,bajar,2410.1,180.8,241.0,80.3
36,mujer,155.4,96.1,sedentario,subir,2309.5,173.2,231.0,77.0
25,mujer,163.1,77.6,sedentario,subir,2211.2,165.8,221.1,73.7
25,hombre,174.6,72.2,intenso,mantener,2920.9,219.1,292.1,97.4
33,mujer,152.7,70.0,ligero,mantener,1826.5,137.0,182.7,60.9
58,hombre,160.4,67.2,muy_intenso,bajar,2140.0,160.5,214.0,71.3
46,hombre,175.8,82.9,muy_intenso,mantener,3235.2,242.6,323.5,107.8
24,hombre,194.5,91.8,moderado,mantener,3128.9,234.7,312.9,104.3
53,mujer,171.3,82.4,moderado,subir,2676.4,200.7,267.6,89.2
35,hombre,158.6,107.2,ligero,bajar,2103.2,157.7,210.3,70.1
60,mujer,175.3,55.1,moderado,subir,2237.7,167.8,223.8,74.6
32,mujer,175.8,92.4,moderado,mantener,2637.7,197.8,263.8,87.9
50,hombre,171.2,89.8,intenso,bajar,2472.2,185.4,247.2,82.4
47,mujer,157.4,69.4,sedentario,mantener,1538.1,115.4,153.8,51.3
60,hombre,173.9,89.4,sedentario,mantener,2023.0,151.7,202.3,67.4
41,mujer,169.1,109.7,intenso,subir,3484.1,261.3,348.4,116.1
59,mujer,182.5,96.5,moderado,mantener,2556.9,191.8,255.7,85.2
29,hombre,163.6,87.7,intenso,bajar,2535.1,190.1,253.5,84.5
24,mujer,181.3,48.8,sedentario,subir,2008.1,150.6,200.8,66.9
62,mujer,178.3,72.2,muy_intenso,mantener,2594.2,194.6,259.4,86.5
23,mujer,184.5,62.5,ligero,mantener,2065.4,154.9,206.5,68.8
25,hombre,154.0,87.6,muy_intenso,mantener,3265.1,244.9,326.5,108.8
63,mujer,183.4,46.2,sedentario,subir,1758.7,131.9,175.9,58.6
31,hombre,191.7,56.9,ligero,subir,2623.5,196.8,262.4,87.5
34,mujer,180.2,78.1,moderado,subir,2843.2,213.2,284.3,94.8
20,hombre,186.6,79.3,ligero,mantener,2563.3,192.3,256.3,85.4
21,mujer,171.6,91.5,sedentario,subir,2465.8,184.9,246.6,82.2
58,mujer,161.8,51.8,moderado,bajar,1200,90.0,120.0,40.0
18,mujer,150.6,94.0,intenso,bajar,2312.2,173.4,231.2,77.1
36,mujer,178.9,46.3,ligero,mantener,1705.2,127.9,170.5,56.8
56,hombre,165.9,62.9,ligero,subir,2312.5,173.4,231.2,77.1
37,hombre,167.3,91.9,moderado,subir,3166.2,237.5,316.6,105.5
43,hombre,193.5,89.8,moderado,bajar,2440.9,183.1,244.1,81.4
62,hombre,189.4,53.9,muy_intenso,bajar,2193.7,164.5,219.4,73.1
39,mujer,184.4,72.3,intenso,mantener,2621.1,196.6,262.1,87.4
34,mujer,187.8,100.6,intenso,subir,3589.1,269.2,358.9,119.6
54,mujer,182.8,64.6,sedentario,bajar,1200,90.0,120.0,40.0
37,mujer,175.0,49.0,ligero,subir,2101.9,157.6,210.2,70.1
29,mujer,150.7,47.9,intenso,mantener,1923.2,144.2,192.3,64.1
20,hombre,165.6,108.3,moderado,bajar,2635.7,197.7,263.6,87.9
30,mujer,185.6,59.3,sedentario,bajar,1230.4,92.3,123.0,41.0
20,mujer,159.4,105.1,ligero,mantener,2456.1,184.2,245.6,81.9
50,mujer,153.0,72.1,moderado,mantener,1962.7,147.2,196.3,65.4
52,mujer,191.6,50.4,sedentario,subir,1936.6,145.2,193.7,64.6
53,hombre,179.0,56.8,sedentario,bajar,1212.1,90.9,121.2,40.4
31,mujer,175.1,58.6,intenso,bajar,1853.5,139.0,185.4,61.8
44,mujer,154.2,75.2,muy_intenso,mantener,2536.0,190.2,253.6,84.5
31,hombre,194.2,100.8,ligero,mantener,2848.7,213.6,284.9,95.0
19,mujer,185.9,70.8,sedentario,bajar,1436.6,107.7,143.7,47.9
37,mujer,154.6,82.2,moderado,mantener,2235.5,167.7,223.5,74.5
18,mujer,190.5,76.3,muy_intenso,mantener,3235.0,242.6,323.5,107.8
31,hombre,186.7,58.4,muy_intenso,bajar,2541.7,190.6,254.2,84.7
23,mujer,189.8,104.9,intenso,subir,3779.7,283.5,378.0,126.0
37,hombre,153.3,88.0,ligero,mantener,2279.9,171.0,228.0,76.0
33,hombre,150.4,79.0,moderado,subir,2833.5,212.5,283.4,94.4
58,mujer,191.7,73.3,sedentario,mantener,1776.1,133.2,177.6,59.2
31,hombre,157.7,55.6,intenso,mantener,2400.6,180.0,240.1,80.0
35,hombre,160.8,55.8,muy_intenso,mantener,2646.7,198.5,264.7,88.2
32,hombre,170.1,73.7,moderado,subir,2949.9,221.2,295.0,98.3
31,mujer,178.6,70.7,moderado,bajar,1836.2,137.7,183.6,61.2
26,hombre,172.0,96.7,sedentario,bajar,1800.4,135.0,180.0,60.0
45,mujer,153.7,88.5,muy_intenso,mantener,2773.3,208.0,277.3,92.4
49,hombre,190.9,107.3,intenso,subir,3895.1,292.1,389.5,129.8
61,hombre,177.4,100.6,intenso,mantener,3130.4,234.8,313.0,104.3
23,hombre,186.1,52.5,ligero,bajar,1669.9,125.2,167.0,55.7
56,mujer,188.5,73.3,intenso,subir,2936.0,220.2,293.6,97.9
19,hombre,172.4,106.5,moderado,mantener,3181.4,238.6,318.1,106.0
49,hombre,161.0,61.1,moderado,bajar,1634.7,122.6,163.5,54.5
42,hombre,161.7,98.8,ligero,bajar,1966.2,147.5,196.6,65.5
42,mujer,158.7,102.6,ligero,subir,2664.5,199.8,266.4,88.8
52,hombre,176.0,68.5,muy_intenso,subir,3307.0,248.0,330.7,110.2
34,mujer,166.3,75.0,muy_intenso,subir,3170.9,237.8,317.1,105.7
38,mujer,187.7,98.8,ligero,bajar,1988.9,149.2,198.9,66.3
44,hombre,182.7,70.0,moderado,bajar,2021.7,151.6,202.2,67.4
47,hombre,194.9,52.7,intenso,mantener,2613.6,196.0,261.4,87.1
45,mujer,193.7,82.0,ligero,bajar,1761.4,132.1,176.1,58.7
19,hombre,161.9,48.1,ligero,subir,2329.0,174.7,232.9,77.6
22,mujer,191.2,107.8,ligero,subir,3152.8,236.5,315.3,105.1
64,hombre,190.4,99.1,sedentario,mantener,2239.2,167.9,223.9,74.6
18,mujer,169.7,70.4,muy_intenso,bajar,2375.9,178.2,237.6,79.2
25,mujer,183.3,74.3,muy_intenso,subir,3445.0,258.4,344.5,114.8
27,hombre,151.6,85.5,muy_intenso,subir,3577.8,268.3,357.8,119.3
53,hombre,159.0,102.2,moderado,mantener,2721.4,204.1,272.1,90.7
34,mujer,166.1,51.9,moderado,mantener,1900.5,142.5,190.0,63.3
43,mujer,194.4,83.7,ligero,bajar,1804.5,135.3,180.5,60.2
54,mujer,162.9,69.7,intenso,subir,2615.1,196.1,261.5,87.2
42,hombre,168.3,100.3,moderado,bajar,2367.3,177.5,236.7,78.9
23,mujer,155.1,71.9,ligero,bajar,1442.0,108.2,144.2,48.1
37,hombre,187.9,50.0,intenso,bajar,2077.8,155.8,207.8,69.3
45,hombre,194.9,67.6,intenso,bajar,2387.9,179.1,238.8,79.6
48,hombre,159.8,89.7,intenso,mantener,2864.8,214.9,286.5,95.5
32,mujer,175.2,61.3,muy_intenso,mantener,2635.3,197.6,263.5,87.8
21,hombre,183.7,108.1,intenso,subir,4072.7,305.5,407.3,135.8
37,mujer,175.3,59.8,intenso,subir,2724.7,204.3,272.5,90.8
21,mujer,167.4,99.2,sedentario,mantener,2126.7,159.5,212.7,70.9
41,mujer,182.5,52.5,sedentario,bajar,1200,90.0,120.0,40.0
63,hombre,181.4,98.2,ligero,subir,2882.9,216.2,288.3,96.1
45,mujer,169.2,75.9,ligero,bajar,1466.9,110.0,146.7,48.9
45,mujer,154.0,108.1,intenso,subir,3259.2,244.4,325.9,108.6
48,mujer,175.1,102.9,muy_intenso,bajar,2772.5,207.9,277.3,92.4
23,mujer,158.3,51.0,muy_intenso,bajar,1824.4,136.8,182.4,60.8
30,hombre,192.8,95.7,intenso,mantener,3479.3,260.9,347.9,116.0
34,hombre,178.5,64.5,muy_intenso,bajar,2531.7,189.9,253.2,84.4
33,mujer,190.6,109.0,moderado,mantener,3030.6,227.3,303.1,101.0
59,mujer,163.9,87.7,muy_intenso,mantener,2746.2,206.0,274.6,91.5
31,mujer,162.9,60.0,moderado,subir,2418.3,181.4,241.8,80.6
32,hombre,194.5,88.6,intenso,bajar,2857.9,214.3,285.8,95.3
19,mujer,160.6,91.4,ligero,bajar,1784.9,133.9,178.5,59.5
64,mujer,152.3,63.0,muy_intenso,bajar,1591.7,119.4,159.2,53.1
55,mujer,155.2,108.4,ligero,subir,2624.8,196.9,262.5,87.5
20,hombre,178.1,107.0,intenso,mantener,3602.0,270.2,360.2,120.1
28,hombre,159.4,100.2,sedentario,subir,2635.9,197.7,263.6,87.9
39,hombre,150.3,66.2,intenso,mantener,2434.6,182.6,243.5,81.2
51,hombre,190.1,79.0,ligero,mantener,2376.2,178.2,237.6,79.2
38,hombre,194.3,75.4,ligero,subir,2852.1,213.9,285.2,95.1
63,hombre,156.9,61.5,moderado,mantener,1992.7,149.5,199.3,66.4
43,hombre,155.6,67.4,sedentario,bajar,1223.8,91.8,122.4,40.8
54,mujer,166.3,88.7,intenso,subir,2979.5,223.5,298.0,99.3
39,mujer,192.5,81.2,muy_intenso,mantener,3152.3,236.4,315.2,105.1
58,hombre,190.7,50.8,moderado,subir,2593.1,194.5,259.3,86.4
47,mujer,164.5,59.8,moderado,bajar,1406.7,105.5,140.7,46.9
49,hombre,183.8,91.2,moderado,bajar,2322.2,174.2,232.2,77.4
40,mujer,189.4,106.4,ligero,bajar,2094.3,157.1,209.4,69.8
21,mujer,173.2,49.9,ligero,subir,2208.8,165.7,220.9,73.6
55,mujer,159.8,69.1,ligero,mantener,1723.9,129.3,172.4,57.5
21,hombre,183.6,87.6,muy_intenso,mantener,3654.6,274.1,365.5,121.8
39,hombre,178.7,93.7,intenso,bajar,2715.2,203.6,271.5,90.5
52,mujer,185.8,50.5,sedentario,bajar,1200,90.0,120.0,40.0
63,mujer,153.3,101.7,intenso,mantener,2586.0,193.9,258.6,86.2
35,hombre,153.4,108.6,intenso,mantener,3233.9,242.5,323.4,107.8
62,mujer,184.1,108.1,ligero,mantener,2420.9,181.6,242.1,80.7
63,mujer,188.7,88.9,sedentario,subir,2310.8,173.3,231.1,77.0
59,hombre,168.5,81.2,intenso,bajar,2217.1,166.3,221.7,73.9
20,hombre,172.4,80.4,sedentario,subir,2543.8,190.8,254.4,84.8
57,hombre,150.3,77.1,moderado,mantener,2217.1,166.3,221.7,73.9
39,hombre,183.1,87.5,intenso,subir,3555.7,266.7,355.6,118.5
38,mujer,150.9,58.9,moderado,bajar,1330.7,99.8,133.1,44.4
51,mujer,179.9,54.3,muy_intenso,bajar,1877.6,140.8,187.8,62.6
35,mujer,192.2,92.4,sedentario,bajar,1647.1,123.5,164.7,54.9
23,mujer,192.3,49.2,ligero,mantener,1949.6,146.2,195.0,65.0
57,hombre,194.9,66.1,moderado,mantener,2478.6,185.9,247.9,82.6
25,mujer,173.4,46.3,intenso,subir,2574.8,193.1,257.5,85.8
19,hombre,174.8,71.4,intenso,mantener,2961.0,222.1,296.1,98.7
34,mujer,162.1,66.7,muy_intenso,mantener,2563.3,192.3,256.3,85.4
49,hombre,173.7,72.2,sedentario,mantener,1881.1,141.1,188.1,62.7
38,mujer,157.9,50.8,ligero,mantener,1572.8,118.0,157.3,52.4
23,hombre,163.2,64.0,sedentario,subir,2260.0,169.5,226.0,75.3
54,hombre,169.1,79.1,ligero,subir,2576.5,193.2,257.6,85.9
38,hombre,160.8,87.7,ligero,bajar,1833.4,137.5,183.3,61.1
23,mujer,181.4,108.9,moderado,bajar,2517.5,188.8,251.7,83.9
53,mujer,177.8,99.1,muy_intenso,subir,3584.9,268.9,358.5,119.5
60,mujer,177.8,70.6,moderado,subir,2502.2,187.7,250.2,83.4
23,mujer,153.5,49.4,ligero,mantener,1618.9,121.4,161.9,54.0
61,mujer,192.0,51.2,muy_intenso,subir,2767.4,207.6,276.7,92.2
44,mujer,154.4,67.3,sedentario,subir,1908.4,143.1,190.8,63.6
52,mujer,166.9,82.4,sedentario,subir,2135.3,160.2,213.5,71.2
41,mujer,168.5,77.2,intenso,mantener,2517.0,188.8,251.7,83.9
46,mujer,180.7,106.6,ligero,bajar,1981.0,148.6,198.1,66.0
63,hombre,185.5,79.5,moderado,mantener,2548.8,191.2,254.9,85.0
35,mujer,171.6,65.6,sedentario,bajar,1200,90.0,120.0,40.0
23,hombre,191.3,62.7,muy_intenso,bajar,2754.0,206.5,275.4,91.8
59,mujer,175.7,67.2,muy_intenso,bajar,1996.8,149.8,199.7,66.6
41,mujer,159.6,80.0,sedentario,mantener,1717.8,128.8,171.8,57.3
63,mujer,168.0,94.5,ligero,subir,2488.6,186.6,248.9,83.0
44,mujer,165.8,109.8,intenso,subir,3424.4,256.8,342.4,114.1
53,hombre,162.5,65.1,muy_intenso,subir,3072.6,230.4,307.3,102.4
32,mujer,165.3,86.9,intenso,bajar,2227.4,167.1,222.7,74.2
61,mujer,172.0,71.3,sedentario,bajar,1200,90.0,120.0,40.0
53,hombre,174.0,84.8,muy_intenso,mantener,3183.4,238.8,318.3,106.1
55,mujer,164.3,54.7,sedentario,mantener,1365.5,102.4,136.5,45.5
25,hombre,172.5,70.3,moderado,mantener,2574.7,193.1,257.5,85.8
53,mujer,168.4,65.0,muy_intenso,subir,2825.3,211.9,282.5,94.2
27,hombre,188.8,98.5,ligero,mantener,2798.1,209.9,279.8,93.3
62,hombre,166.0,86.2,moderado,subir,2871.5,215.4,287.1,95.7
45,hombre,153.6,59.8,ligero,subir,2239.8,168.0,224.0,74.7
53,hombre,163.3,75.4,sedentario,subir,2217.6,166.3,221.8,73.9
27,hombre,193.4,52.5,muy_intenso,mantener,3047.1,228.5,304.7,101.6
43,hombre,180.5,76.9,sedentario,bajar,1524.5,114.3,152.5,50.8
27,hombre,187.2,77.6,sedentario,mantener,2179.2,163.4,217.9,72.6
25,hombre,168.4,67.5,sedentario,mantener,1929.0,144.7,192.9,64.3
48,hombre,150.5,47.4,intenso,bajar,1534.9,115.1,153.5,51.2
41,hombre,184.5,65.1,ligero,mantener,2205.7,165.4,220.6,73.5
53,hombre,184.2,48.5,muy_intenso,mantener,2614.9,196.1,261.5,87.2
60,mujer,189.9,106.7,sedentario,mantener,2151.4,161.4,215.1,71.7
37,mujer,150.8,77.6,intenso,subir,2767.6,207.6,276.8,92.3
29,hombre,176.5,99.7,muy_intenso,mantener,3724.2,279.3,372.4,124.1
49,mujer,169.4,98.8,muy_intenso,mantener,3117.4,233.8,311.7,103.9
40,hombre,170.3,54.8,ligero,subir,2348.9,176.2,234.9,78.3
51,mujer,165.9,97.5,sedentario,mantener,1915.0,143.6,191.5,63.8
52,hombre,194.6,105.4,sedentario,subir,2818.3,211.4,281.8,93.9
36,hombre,190.9,59.0,ligero,bajar,1711.2,128.3,171.1,57.0
48,hombre,177.3,105.1,ligero,bajar,2145.7,160.9,214.6,71.5
43,hombre,168.4,83.5,moderado,subir,3000.1,225.0,300.0,100.0
61,hombre,167.0,63.3,intenso,mantener,2374.9,178.1,237.5,79.2
62,hombre,165.7,109.2,muy_intenso,subir,3863.0,289.7,386.3,128.8
23,mujer,153.3,70.0,moderado,mantener,2142.3,160.7,214.2,71.4
50,mujer,185.2,91.1,moderado,subir,2969.1,222.7,296.9,99.0
55,hombre,185.1,53.5,ligero,subir,2355.1,176.6,235.5,78.5
37,hombre,169.5,90.3,muy_intenso,bajar,2886.5,216.5,288.7,96.2
52,hombre,162.4,105.3,moderado,bajar,2310.2,173.3,231.0,77.0
63,hombre,180.9,74.7,muy_intenso,mantener,2978.5,223.4,297.8,99.3
20,hombre,161.0,97.8,sedentario,mantener,2267.1,170.0,226.7,75.6
58,mujer,178.5,72.0,ligero,bajar,1403.9,105.3,140.4,46.8
64,hombre,171.7,83.2,moderado,bajar,1964.7,147.4,196.5,65.5
44,mujer,189.5,102.3,intenso,mantener,3150.5,236.3,315.0,105.0
51,mujer,151.3,88.3,sedentario,bajar,1200,90.0,120.0,40.0
63,hombre,178.8,84.2,muy_intenso,subir,3534.0,265.1,353.4,117.8
33,hombre,194.1,58.2,moderado,bajar,2034.4,152.6,203.4,67.8
41,hombre,161.9,49.7,moderado,subir,2428.8,182.2,242.9,81.0
38,mujer,150.6,89.5,moderado,bajar,1802.1,135.2,180.2,60.1
37,mujer,189.7,94.3,intenso,mantener,3075.0,230.6,307.5,102.5
47,hombre,163.7,108.7,ligero,mantener,2585.2,193.9,258.5,86.2
50,hombre,167.8,47.6,sedentario,mantener,1535.7,115.2,153.6,51.2
28,hombre,175.2,54.2,muy_intenso,bajar,2353.8,176.5,235.4,78.5
29,mujer,172.6,69.6,intenso,bajar,2033.6,152.5,203.4,67.8
52,hombre,188.5,53.1,intenso,mantener,2508.4,188.1,250.8,83.6
62,hombre,167.2,47.8,moderado,bajar,1387.9,104.1,138.8,46.3
21,mujer,167.4,90.5,ligero,subir,2717.2,203.8,271.7,90.6
53,mujer,168.1,86.2,sedentario,bajar,1284.0,96.3,128.4,42.8
22,hombre,151.0,86.9,sedentario,subir,2449.3,183.7,244.9,81.6
39,hombre,186.6,54.7,muy_intenso,subir,3294.2,247.1,329.4,109.8
39,mujer,167.5,61.5,sedentario,subir,1967.0,147.5,196.7,65.6
62,mujer,166.0,49.7,intenso,subir,2234.5,167.6,223.5,74.5
37,mujer,194.8,79.8,intenso,bajar,2379.9,178.5,238.0,79.3
57,mujer,163.0,108.0,sedentario,subir,2383.3,178.7,238.3,79.4
34,hombre,193.4,45.9,ligero,bajar,1566.3,117.5,156.6,52.2
65,hombre,158.4,53.4,intenso,bajar,1576.9,118.3,157.7,52.6
27,hombre,186.1,75.8,muy_intenso,bajar,2903.1,217.7,290.3,96.8
34,hombre,154.0,68.6,ligero,subir,2439.8,183.0,244.0,81.3
60,mujer,163.9,96.9,intenso,subir,3043.3,228.3,304.3,101.4
26,hombre,190.2,91.8,sedentario,bajar,1878.1,140.9,187.8,62.6
61,mujer,177.3,73.5,muy_intenso,subir,3016.5,226.2,301.7,100.6
20,hombre,182.5,82.6,ligero,bajar,2073.5,155.5,207.3,69.1
18,hombre,192.9,102.3,ligero,subir,3347.5,251.1,334.7,111.6
28,hombre,185.5,82.4,ligero,mantener,2541.5,190.6,254.2,84.7
25,mujer,190.5,94.2,muy_intenso,subir,3908.6,293.1,390.9,130.3
51,mujer,169.1,48.3,moderado,subir,2142.0,160.7,214.2,71.4
42,hombre,190.8,109.5,ligero,mantener,2863.4,214.8,286.3,95.4
63,mujer,185.9,93.1,ligero,mantener,2223.2,166.7,222.3,74.1
36,hombre,158.3,77.9,moderado,bajar,1969.7,147.7,197.0,65.7
63,mujer,181.9,61.3,intenso,subir,2597.4,194.8,259.7,86.6
43,hombre,150.8,90.2,ligero,mantener,2247.4,168.6,224.7,74.9
48,mujer,161.4,81.7,muy_intenso,mantener,2707.0,203.0,270.7,90.2
22,mujer,190.9,76.6,sedentario,subir,2425.8,181.9,242.6,80.9
43,hombre,189.3,73.5,intenso,subir,3346.5,251.0,334.7,111.6
33,mujer,160.7,97.4,moderado,mantener,2561.2,192.1,256.1,85.4
24,mujer,169.7,57.6,muy_intenso,bajar,2075.7,155.7,207.6,69.2
33,mujer,166.5,56.8,intenso,mantener,2212.5,165.9,221.3,73.8
43,hombre,168.2,77.2,moderado,mantener,2500.5,187.5,250.1,83.4
37,hombre,193.4,77.3,muy_intenso,mantener,3423.3,256.7,342.3,114.1
28,mujer,165.9,55.5,muy_intenso,subir,2852.7,213.9,285.3,95.1
52,mujer,156.2,66.9,ligero,mantener,1683.3,126.3,168.3,56.1
60,mujer,157.4,46.1,moderado,mantener,1524.8,114.4,152.5,50.8
18,hombre,181.1,69.3,muy_intenso,subir,3705.8,277.9,370.6,123.5
46,hombre,170.8,80.0,ligero,bajar,1758.4,131.9,175.8,58.6
62,mujer,179.3,106.7,ligero,mantener,2360.4,177.0,236.0,78.7
55,mujer,187.7,93.5,ligero,bajar,1799.2,134.9,179.9,60.0
50,hombre,160.9,63.1,moderado,subir,2557.0,191.8,255.7,85.2
35,mujer,163.4,91.4,muy_intenso,subir,3438.6,257.9,343.9,114.6
55,hombre,171.8,45.4,muy_intenso,mantener,2389.7,179.2,239.0,79.7
44,hombre,160.1,57.8,muy_intenso,mantener,2590.9,194.3,259.1,86.4
46,hombre,172.6,103.0,ligero,subir,2990.2,224.3,299.0,99.7
51,hombre,186.7,56.7,moderado,bajar,1800.0,135.0,180.0,60.0
36,mujer,182.5,82.4,muy_intenso,subir,3484.9,261.4,348.5,116.2
33,mujer,165.3,74.0,moderado,mantener,2243.0,168.2,224.3,74.8
42,mujer,158.1,97.7,muy_intenso,bajar,2528.8,189.7,252.9,84.3
32,hombre,152.0,73.9,intenso,bajar,2146.2,161.0,214.6,71.5
28,hombre,174.7,79.5,muy_intenso,mantener,3328.6,249.6,332.9,111.0
51,hombre,155.4,86.9,ligero,bajar,1686.6,126.5,168.7,56.2
61,mujer,191.5,87.6,intenso,mantener,2771.9,207.9,277.2,92.4
50,hombre,184.6,53.7,muy_intenso,mantener,2746.9,206.0,274.7,91.6
63,mujer,190.2,77.4,ligero,subir,2444.3,183.3,244.4,81.5
47,hombre,169.5,86.0,muy_intenso,subir,3609.8,270.7,361.0,120.3
56,mujer,152.6,68.3,intenso,subir,2462.7,184.7,246.3,82.1
24,mujer,169.8,74.5,ligero,mantener,2097.2,157.3,209.7,69.9
29,mujer,151.0,57.4,sedentario,bajar,1200,90.0,120.0,40.0
42,hombre,159.7,50.1,moderado,bajar,1505.9,112.9,150.6,50.2
20,hombre,188.0,52.5,ligero,subir,2606.9,195.5,260.7,86.9
29,mujer,189.7,106.1,muy_intenso,bajar,3187.2,239.0,318.7,106.2
43,hombre,168.1,99.4,ligero,mantener,2522.6,189.2,252.3,84.1
29,hombre,173.4,58.7,sedentario,mantener,1836.9,137.8,183.7,61.2
40,hombre,158.8,80.3,intenso,mantener,2760.9,207.1,276.1,92.0
46,mujer,155.3,100.2,intenso,subir,3128.3,234.6,312.8,104.3
25,hombre,183.2,76.1,moderado,mantener,2768.3,207.6,276.8,92.3
27,mujer,150.5,76.1,ligero,subir,2332.7,175.0,233.3,77.8
18,mujer,190.9,96.1,ligero,bajar,2116.8,158.8,211.7,70.6
52,mujer,187.0,83.0,sedentario,mantener,1893.3,142.0,189.3,63.1
20,mujer,187.3,60.2,intenso,mantener,2607.6,195.6,260.8,86.9
33,hombre,185.5,58.2,muy_intenso,subir,3404.6,255.3,340.5,113.5
64,hombre,194.0,74.0,moderado,bajar,2038.1,152.9,203.8,67.9
56,hombre,161.4,72.5,ligero,subir,2405.8,180.4,240.6,80.2
63,hombre,165.0,99.0,sedentario,subir,2453.5,184.0,245.4,81.8
18,mujer,185.1,56.0,intenso,bajar,2028.6,152.1,202.9,67.6
24,mujer,160.3,60.1,sedentario,bajar,1200,90.0,120.0,40.0
33,mujer,194.1,63.2,muy_intenso,subir,3286.3,246.5,328.6,109.5
39,mujer,186.8,98.1,ligero,subir,2864.7,214.9,286.5,95.5
18,hombre,156.9,53.2,intenso,subir,2862.7,214.7,286.3,95.4
52,hombre,178.9,77.2,moderado,bajar,2034.4,152.6,203.4,67.8
48,hombre,194.8,102.4,muy_intenso,subir,4212.4,315.9,421.2,140.4
41,mujer,177.6,78.9,intenso,subir,3044.4,228.3,304.4,101.5
30,hombre,193.5,57.3,intenso,subir,3224.5,241.8,322.4,107.5
27,mujer,194.6,56.7,moderado,subir,2705.2,202.9,270.5,90.2
39,mujer,152.2,89.6,sedentario,bajar,1289.5,96.7,129.0,43.0
37,hombre,191.4,64.6,sedentario,mantener,1994.7,149.6,199.5,66.5
28,hombre,177.5,65.4,sedentario,mantener,1954.0,146.6,195.4,65.1
52,mujer,168.9,89.1,muy_intenso,mantener,2898.7,217.4,289.9,96.6
37,hombre,167.5,60.0,sedentario,mantener,1760.2,132.0,176.0,58.7
41,hombre,174.6,90.4,intenso,mantener,3096.8,232.3,309.7,103.2
56,mujer,168.8,80.6,ligero,subir,2352.5,176.4,235.2,78.4
55,hombre,193.1,66.9,sedentario,mantener,1927.0,144.5,192.7,64.2
58,mujer,180.4,104.1,intenso,bajar,2462.7,184.7,246.3,82.1
60,mujer,154.9,80.8,muy_intenso,bajar,1998.7,149.9,199.9,66.6
59,mujer,174.6,69.2,ligero,mantener,1825.0,136.9,182.5,60.8
61,mujer,173.7,49.5,muy_intenso,subir,2517.8,188.8,251.8,83.9
52,hombre,161.6,63.2,moderado,bajar,1649.8,123.7,165.0,55.0
62,hombre,173.2,74.6,ligero,bajar,1594.8,119.6,159.5,53.2
20,hombre,153.9,53.2,sedentario,bajar,1200,90.0,120.0,40.0
35,mujer,178.7,108.0,sedentario,bajar,1733.0,130.0,173.3,57.8
31,mujer,163.3,65.7,intenso,mantener,2348.8,176.2,234.9,78.3
64,mujer,153.1,97.8,muy_intenso,mantener,2762.4,207.2,276.2,92.1
27,mujer,165.2,102.3,intenso,mantener,3035.1,227.6,303.5,101.2
61,mujer,164.0,77.5,sedentario,bajar,1200,90.0,120.0,40.0
23,mujer,191.6,99.6,moderado,bajar,2472.1,185.4,247.2,82.4
33,mujer,150.9,87.1,sedentario,bajar,1285.8,96.4,128.6,42.9
55,hombre,180.0,90.3,ligero,bajar,1917.2,143.8,191.7,63.9
47,mujer,171.9,73.7,intenso,mantener,2441.5,183.1,244.2,81.4
61,hombre,182.3,63.1,muy_intenso,bajar,2293.7,172.0,229.4,76.5
50,hombre,190.9,74.6,intenso,subir,3322.4,249.2,332.2,110.7
50,mujer,157.3,84.1,muy_intenso,mantener,2684.9,201.4,268.5,89.5
60,mujer,158.0,100.4,moderado,mantener,2372.3,177.9,237.2,79.1
63,hombre,191.7,73.9,intenso,subir,3206.8,240.5,320.7,106.9
33,mujer,176.7,66.5,muy_intenso,subir,3142.4,235.7,314.2,104.7
50,mujer,158.3,77.1,moderado,subir,2491.5,186.9,249.2,83.1
26,mujer,161.3,91.0,sedentario,subir,2352.6,176.4,235.3,78.4
63,hombre,156.0,52.5,sedentario,bajar,1200,90.0,120.0,40.0
33,hombre,176.0,90.2,ligero,bajar,2032.8,152.5,203.3,67.8
34,mujer,180.7,77.3,sedentario,mantener,1885.6,141.4,188.6,62.9
26,hombre,162.7,105.9,moderado,mantener,3023.9,226.8,302.4,100.8
36,hombre,168.9,105.1,ligero,subir,3056.0,229.2,305.6,101.9
37,hombre,158.1,109.9,ligero,subir,3022.3,226.7,302.2,100.7
56,hombre,169.3,55.4,intenso,mantener,2306.5,173.0,230.7,76.9
29,mujer,164.7,46.0,sedentario,subir,1820.0,136.5,182.0,60.7
27,hombre,178.1,75.7,muy_intenso,mantener,3306.2,248.0,330.6,110.2
22,mujer,160.0,100.2,ligero,subir,2780.1,208.5,278.0,92.7
61,mujer,169.4,96.3,sedentario,subir,2266.9,170.0,226.7,75.6
54,hombre,180.6,56.6,sedentario,bajar,1215.7,91.2,121.6,40.5
38,hombre,171.5,99.9,ligero,mantener,2593.1,194.5,259.3,86.4
36,hombre,157.9,64.7,ligero,subir,2406.0,180.4,240.6,80.2
23,mujer,150.1,64.5,muy_intenso,mantener,2483.5,186.3,248.4,82.8
32,mujer,160.5,75.5,sedentario,subir,2124.6,159.3,212.5,70.8
59,hombre,171.6,96.3,ligero,subir,2800.1,210.0,280.0,93.3
55,hombre,182.3,60.9,muy_intenso,bajar,2308.9,173.2,230.9,77.0
40,hombre,169.1,56.0,muy_intenso,subir,3101.6,232.6,310.2,103.4
26,mujer,193.9,107.6,intenso,bajar,2944.6,220.8,294.5,98.2
55,hombre,167.4,99.7,moderado,bajar,2248.5,168.6,224.9,75.0
26,mujer,188.6,92.0,sedentario,mantener,2169.3,162.7,216.9,72.3
20,mujer,172.9,95.3,intenso,mantener,3057.8,229.3,305.8,101.9
58,mujer,181.8,107.7,sedentario,mantener,2114.7,158.6,211.5,70.5
61,mujer,194.3,67.0,muy_intenso,mantener,2694.9,202.1,269.5,89.8
60,mujer,157.6,65.8,moderado,mantener,1832.1,137.4,183.2,61.1
58,hombre,153.2,98.8,moderado,subir,2973.8,223.0,297.4,99.1
41,mujer,151.6,60.8,sedentario,mantener,1427.4,107.1,142.7,47.6
54,hombre,176.7,58.0,moderado,subir,2600.0,195.0,260.0,86.7
22,hombre,183.2,51.1,muy_intenso,mantener,2946.9,221.0,294.7,98.2
47,hombre,172.8,92.1,muy_intenso,bajar,2864.9,214.9,286.5,95.5
30,mujer,166.6,57.0,moderado,subir,2415.4,181.2,241.5,80.5
55,mujer,187.0,56.7,moderado,mantener,2014.6,151.1,201.5,67.2
63,mujer,182.0,54.1,intenso,bajar,1574.3,118.1,157.4,52.5
33,mujer,181.6,103.9,ligero,mantener,2541.0,190.6,254.1,84.7
49,mujer,188.1,94.3,ligero,subir,2754.9,206.6,275.5,91.8
30,mujer,173.3,68.5,muy_intenso,subir,3168.5,237.6,316.9,105.6
61,hombre,188.1,82.9,muy_intenso,bajar,2738.8,205.4,273.9,91.3
35,hombre,186.8,78.4,ligero,mantener,2449.6,183.7,245.0,81.7
32,mujer,177.7,75.1,muy_intenso,mantener,2927.2,219.5,292.7,97.6
48,mujer,152.9,50.0,ligero,mantener,1450.1,108.8,145.0,48.3
18,mujer,184.0,105.6,muy_intenso,mantener,3714.5,278.6,371.5,123.8
23,hombre,176.1,98.6,sedentario,subir,2771.9,207.9,277.2,92.4
40,mujer,175.4,60.2,intenso,bajar,1806.8,135.5,180.7,60.2
36,mujer,191.1,89.5,ligero,mantener,2404.0,180.3,240.4,80.1
26,mujer,175.0,69.5,sedentario,bajar,1297.3,97.3,129.7,43.2
40,hombre,161.3,48.5,sedentario,subir,1957.8,146.8,195.8,65.3
29,hombre,154.3,85.0,ligero,bajar,1802.3,135.2,180.2,60.1
60,mujer,155.3,56.3,muy_intenso,subir,2438.0,182.8,243.8,81.3
47,mujer,189.0,74.7,moderado,subir,2775.0,208.1,277.5,92.5
49,hombre,182.7,98.5,intenso,mantener,3254.9,244.1,325.5,108.5
47,hombre,171.3,77.8,ligero,subir,2625.6,196.9,262.6,87.5
26,hombre,184.0,72.4,muy_intenso,subir,3723.1,279.2,372.3,124.1
18,mujer,178.6,96.2,sedentario,subir,2592.7,194.5,259.3,86.4
55,mujer,178.4,107.6,sedentario,subir,2506.0,187.9,250.6,83.5
31,hombre,190.2,63.3,sedentario,subir,2406.1,180.5,240.6,80.2
64,mujer,184.7,84.6,ligero,mantener,2089.1,156.7,208.9,69.6
45,hombre,186.6,61.6,sedentario,bajar,1374.7,103.1,137.5,45.8
47,hombre,191.5,67.7,muy_intenso,subir,3523.4,264.3,352.3,117.4
20,mujer,151.0,97.7,sedentario,bajar,1491.7,111.9,149.2,49.7
59,hombre,168.3,92.1,muy_intenso,subir,3597.5,269.8,359.7,119.9
54,mujer,152.8,76.3,intenso,bajar,1720.1,129.0,172.0,57.3
60,mujer,170.5,51.8,moderado,bajar,1240.1,93.0,124.0,41.3
38,hombre,175.9,88.8,muy_intenso,bajar,2924.5,219.3,292.5,97.5
37,hombre,186.5,82.1,ligero,mantener,2484.1,186.3,248.4,82.8
22,hombre,178.9,63.3,intenso,mantener,2839.6,213.0,284.0,94.7
28,hombre,170.0,62.1,moderado,subir,2800.2,210.0,280.0,93.3
58,mujer,169.7,67.8,moderado,mantener,1995.8,149.7,199.6,66.5
48,hombre,186.4,56.2,moderado,subir,2712.6,203.4,271.3,90.4
51,hombre,175.6,74.5,moderado,bajar,1968.4,147.6,196.8,65.6
65,hombre,159.4,77.8,ligero,subir,2399.6,180.0,240.0,80.0
37,hombre,160.5,47.0,ligero,mantener,1778.0,133.4,177.8,59.3
21,mujer,170.7,54.5,sedentario,mantener,1615.0,121.1,161.5,53.8
27,hombre,168.4,91.2,ligero,subir,2922.4,219.2,292.2,97.4
24,hombre,161.1,64.1,muy_intenso,subir,3312.5,248.4,331.2,110.4
37,hombre,193.4,90.4,moderado,mantener,2995.8,224.7,299.6,99.9
62,mujer,186.7,52.4,muy_intenso,subir,2717.8,203.8,271.8,90.6
23,mujer,180.5,91.7,ligero,bajar,1932.5,144.9,193.3,64.4
36,mujer,153.5,87.3,intenso,mantener,2572.6,192.9,257.3,85.8
39,hombre,177.8,47.0,muy_intenso,subir,3043.4,228.3,304.3,101.4
35,mujer,168.0,45.2,muy_intenso,subir,2615.4,196.2,261.5,87.2
55,mujer,170.1,61.9,moderado,bajar,1431.5,107.4,143.1,47.7
42,hombre,180.4,92.9,muy_intenso,mantener,3517.8,263.8,351.8,117.3
39,hombre,186.8,47.5,muy_intenso,mantener,2759.8,207.0,276.0,92.0
35,hombre,172.3,57.7,intenso,subir,2959.7,222.0,296.0,98.7
43,hombre,174.8,69.8,muy_intenso,bajar,2502.9,187.7,250.3,83.4
33,hombre,166.4,80.9,intenso,bajar,2413.5,181.0,241.4,80.5
43,mujer,174.5,95.4,sedentario,subir,2402.3,180.2,240.2,80.1
61,hombre,185.5,55.7,muy_intenso,subir,3091.1,231.8,309.1,103.0
53,mujer,176.0,51.4,muy_intenso,bajar,1757.2,131.8,175.7,58.6
65,hombre,158.0,49.7,ligero,mantener,1601.2,120.1,160.1,53.4
32,mujer,163.7,61.7,ligero,bajar,1313.8,98.5,131.4,43.8
36,mujer,160.1,45.8,sedentario,mantener,1341.1,100.6,134.1,44.7
38,mujer,188.6,108.1,moderado,mantener,2958.6,221.9,295.9,98.6
58,hombre,187.2,52.6,intenso,subir,2834.0,212.5,283.4,94.5
59,mujer,192.2,103.7,intenso,subir,3474.4,260.6,347.4,115.8
38,hombre,175.3,48.2,moderado,bajar,1658.6,124.4,165.9,55.3
22,mujer,175.5,73.2,sedentario,bajar,1369.4,102.7,136.9,45.6
60,mujer,187.3,103.6,intenso,subir,3411.2,255.8,341.1,113.7
37,hombre,182.4,74.0,intenso,subir,3332.5,249.9,333.2,111.1
63,hombre,154.1,69.9,muy_intenso,subir,2969.0,222.7,296.9,99.0
22,hombre,172.3,84.0,ligero,bajar,1991.3,149.3,199.1,66.4
23,hombre,166.6,68.3,muy_intenso,bajar,2567.1,192.5,256.7,85.6
52,mujer,165.4,90.0,ligero,mantener,2080.0,156.0,208.0,69.3
41,mujer,150.3,69.1,ligero,subir,2138.5,160.4,213.9,71.3
25,hombre,185.2,73.9,muy_intenso,subir,3775.3,283.2,377.5,125.8
30,mujer,189.8,99.6,muy_intenso,mantener,3555.4,266.7,355.5,118.5
48,mujer,178.0,109.7,muy_intenso,mantener,3436.1,257.7,343.6,114.5
36,mujer,174.8,69.3,muy_intenso,bajar,2244.5,168.3,224.5,74.8
55,mujer,175.5,108.1,muy_intenso,bajar,2809.6,210.7,281.0,93.7
34,hombre,178.6,90.7,intenso,bajar,2705.5,202.9,270.5,90.2
33,hombre,162.6,93.9,sedentario,subir,2554.3,191.6,255.4,85.1
50,mujer,181.5,60.5,ligero,subir,2226.5,167.0,222.7,74.2
60,hombre,194.4,89.4,muy_intenso,bajar,2946.6,221.0,294.7,98.2
26,hombre,185.4,108.0,ligero,mantener,2906.4,218.0,290.6,96.9
43,mujer,180.6,66.4,intenso,bajar,1943.9,145.8,194.4,64.8
56,hombre,166.3,101.1,sedentario,bajar,1630.4,122.3,163.0,54.3
55,mujer,191.4,104.1,ligero,mantener,2476.7,185.8,247.7,82.6
38,hombre,157.3,63.3,moderado,mantener,2218.2,166.4,221.8,73.9
34,hombre,163.3,73.3,muy_intenso,subir,3418.4,256.4,341.8,113.9
60,mujer,188.4,89.5,ligero,bajar,1715.8,128.7,171.6,57.2
30,mujer,153.8,75.8,ligero,bajar,1436.3,107.7,143.6,47.9
47,hombre,169.2,99.9,moderado,bajar,2331.1,174.8,233.1,77.7
59,mujer,150.0,101.4,sedentario,bajar,1294.6,97.1,129.5,43.2
32,hombre,154.9,48.9,sedentario,bajar,1200,90.0,120.0,40.0
23,hombre,187.7,74.2,moderado,bajar,2297.9,172.3,229.8,76.6
34,hombre,150.6,100.2,moderado,bajar,2256.3,169.2,225.6,75.2
50,hombre,163.7,82.6,muy_intenso,bajar,2547.8,191.1,254.8,84.9
45,hombre,153.1,73.5,muy_intenso,mantener,2796.6,209.7,279.7,93.2
20,mujer,173.7,98.8,sedentario,mantener,2175.2,163.1,217.5,72.5
64,hombre,179.5,78.8,ligero,subir,2593.0,194.5,259.3,86.4
65,mujer,153.7,102.2,moderado,subir,2719.8,204.0,272.0,90.7
63,mujer,182.4,60.3,moderado,mantener,1963.9,147.3,196.4,65.5
56,hombre,157.5,83.5,ligero,subir,2523.5,189.3,252.4,84.1
38,mujer,174.7,82.0,intenso,bajar,2192.5,164.4,219.3,73.1
50,mujer,154.7,95.2,ligero,bajar,1573.3,118.0,157.3,52.4
20,mujer,179.6,81.8,muy_intenso,bajar,2691.0,201.8,269.1,89.7
25,mujer,152.2,93.8,moderado,subir,2885.0,216.4,288.5,96.2
20,mujer,150.4,98.9,muy_intenso,subir,3569.2,267.7,356.9,119.0
55,mujer,150.4,92.7,muy_intenso,mantener,2718.9,203.9,271.9,90.6
24,mujer,159.9,96.2,intenso,mantener,2898.6,217.4,289.9,96.6
41,mujer,165.9,85.7,muy_intenso,bajar,2403.0,180.2,240.3,80.1
59,hombre,185.6,59.8,sedentario,mantener,1761.6,132.1,176.2,58.7
53,mujer,157.3,87.0,sedentario,bajar,1212.5,90.9,121.3,40.4
34,mujer,193.5,61.2,ligero,mantener,2049.3,153.7,204.9,68.3
29,mujer,160.9,54.8,ligero,bajar,1215.5,91.2,121.5,40.5
53,hombre,171.7,76.1,intenso,bajar,2215.4,166.2,221.5,73.8
45,hombre,193.9,106.9,ligero,mantener,2833.7,212.5,283.4,94.5
61,hombre,150.5,63.8,ligero,mantener,1758.1,131.9,175.8,58.6
20,hombre,164.8,84.9,ligero,mantener,2453.0,184.0,245.3,81.8
37,hombre,179.9,67.2,intenso,mantener,2788.2,209.1,278.8,92.9
23,hombre,159.8,72.8,muy_intenso,bajar,2571.8,192.9,257.2,85.7
27,mujer,170.1,69.3,muy_intenso,subir,3174.2,238.1,317.4,105.8
38,hombre,169.9,84.9,muy_intenso,mantener,3279.2,245.9,327.9,109.3
52,hombre,170.7,72.2,ligero,bajar,1609.1,120.7,160.9,53.6
57,hombre,162.3,47.6,moderado,bajar,1376.1,103.2,137.6,45.9
62,hombre,175.5,61.8,sedentario,mantener,1691.8,126.9,169.2,56.4
59,mujer,188.2,81.5,muy_intenso,subir,3317.0,248.8,331.7,110.6
48,hombre,154.4,92.6,moderado,bajar,2066.8,155.0,206.7,68.9
59,mujer,170.1,105.7,moderado,subir,2979.4,223.5,297.9,99.3
52,hombre,194.2,65.1,moderado,subir,2895.1,217.1,289.5,96.5
34,mujer,168.7,66.3,muy_intenso,subir,3034.1,227.6,303.4,101.1
65,mujer,169.0,93.7,muy_intenso,subir,3263.8,244.8,326.4,108.8
38,mujer,193.8,64.2,sedentario,bajar,1302.7,97.7,130.3,43.4
34,mujer,155.7,58.1,intenso,mantener,2109.9,158.2,211.0,70.3
52,mujer,186.9,47.8,moderado,bajar,1398.9,104.9,139.9,46.6
38,mujer,159.3,100.5,ligero,subir,2668.2,200.1,266.8,88.9
47,mujer,158.2,108.7,ligero,mantener,2309.7,173.2,231.0,77.0
22,mujer,157.9,76.2,intenso,bajar,2049.3,153.7,204.9,68.3
21,hombre,159.9,50.3,intenso,bajar,1919.1,143.9,191.9,64.0
59,mujer,184.3,71.3,intenso,subir,2830.3,212.3,283.0,94.3
37,mujer,151.2,62.0,muy_intenso,mantener,2316.1,173.7,231.6,77.2
58,hombre,191.9,87.0,moderado,subir,3165.8,237.4,316.6,105.5
37,mujer,163.8,66.4,sedentario,mantener,1610.1,120.8,161.0,53.7
22,mujer,159.0,79.8,muy_intenso,bajar,2389.4,179.2,238.9,79.6
19,mujer,188.5,102.6,muy_intenso,subir,4101.4,307.6,410.1,136.7
23,mujer,150.1,82.4,moderado,mantener,2303.5,172.8,230.3,76.8
53,mujer,176.5,74.5,intenso,subir,2853.2,214.0,285.3,95.1
25,mujer,184.2,56.4,ligero,subir,2365.2,177.4,236.5,78.8
44,mujer,177.9,109.1,sedentario,mantener,2186.2,164.0,218.6,72.9
50,hombre,177.1,88.8,muy_intenso,subir,3724.8,279.4,372.5,124.2
43,mujer,154.2,58.7,ligero,mantener,1615.3,121.1,161.5,53.8
19,mujer,170.7,89.9,ligero,mantener,2351.1,176.3,235.1,78.4
26,hombre,164.4,109.9,intenso,mantener,3452.6,258.9,345.3,115.1
27,hombre,163.5,97.5,moderado,mantener,2893.7,217.0,289.4,96.5
60,hombre,190.4,72.8,moderado,mantener,2515.7,188.7,251.6,83.9
28,hombre,177.0,87.6,moderado,mantener,2863.2,214.7,286.3,95.4
35,hombre,185.6,105.6,intenso,bajar,3029.4,227.2,302.9,101.0
26,mujer,168.3,101.4,moderado,subir,3151.1,236.3,315.1,105.0
59,mujer,170.4,89.6,muy_intenso,bajar,2359.5,177.0,236.0,78.7
39,mujer,154.8,60.8,moderado,mantener,1890.2,141.8,189.0,63.0
48,mujer,151.2,61.0,sedentario,bajar,1200,90.0,120.0,40.0
59,mujer,192.3,100.6,ligero,mantener,2408.8,180.7,240.9,80.3
44,mujer,152.5,59.7,moderado,subir,2212.1,165.9,221.2,73.7
65,hombre,190.8,61.1,intenso,mantener,2559.0,191.9,255.9,85.3
57,mujer,177.7,49.6,sedentario,subir,1792.8,134.5,179.3,59.8
53,mujer,180.6,64.2,ligero,mantener,1849.0,138.7,184.9,61.6
32,mujer,168.3,97.8,moderado,bajar,2148.8,161.2,214.9,71.6
20,mujer,192.7,104.5,moderado,mantener,3082.0,231.1,308.2,102.7
51,hombre,174.3,46.8,moderado,subir,2426.4,182.0,242.6,80.9
52,hombre,183.5,57.1,sedentario,bajar,1255.5,94.2,125.5,41.8
27,hombre,169.1,107.2,muy_intenso,bajar,3297.9,247.3,329.8,109.9
51,hombre,192.3,100.6,moderado,mantener,3034.7,227.6,303.5,101.2
63,mujer,193.8,76.2,sedentario,subir,2196.7,164.8,219.7,73.2
61,mujer,185.0,77.3,sedentario,subir,2155.9,161.7,215.6,71.9
44,hombre,158.9,108.9,ligero,mantener,2567.3,192.5,256.7,85.6
47,mujer,190.0,81.3,sedentario,subir,2325.4,174.4,232.5,77.5
34,hombre,181.7,69.3,sedentario,mantener,1996.3,149.7,199.6,66.5
54,hombre,182.5,81.3,sedentario,subir,2426.3,182.0,242.6,80.9
64,mujer,184.2,92.5,sedentario,subir,2314.3,173.6,231.4,77.1
27,hombre,153.0,46.3,sedentario,bajar,1200,90.0,120.0,40.0
59,hombre,184.9,101.4,sedentario,subir,2655.5,199.2,265.6,88.5
42,hombre,189.8,66.8,moderado,mantener,2556.3,191.7,255.6,85.2
51,mujer,161.3,46.1,moderado,mantener,1632.3,122.4,163.2,54.4
64,hombre,164.6,82.8,sedentario,bajar,1350.1,101.3,135.0,45.0
65,hombre,185.2,76.0,moderado,subir,2876.1,215.7,287.6,95.9
46,mujer,183.9,104.7,ligero,subir,2882.4,216.2,288.2,96.1
65,hombre,169.6,91.0,sedentario,subir,2380.0,178.5,238.0,79.3
37,mujer,184.9,51.0,muy_intenso,subir,2907.3,218.0,290.7,96.9
46,hombre,170.8,87.8,ligero,subir,2765.7,207.4,276.6,92.2
48,mujer,178.9,63.2,intenso,subir,2727.2,204.5,272.7,90.9
40,mujer,167.5,75.9,intenso,bajar,1992.4,149.4,199.2,66.4
35,mujer,174.8,81.4,ligero,subir,2559.4,192.0,255.9,85.3
39,hombre,188.8,60.2,intenso,bajar,2246.2,168.5,224.6,74.9
19,mujer,172.3,52.1,sedentario,mantener,1610.2,120.8,161.0,53.7
53,mujer,179.1,103.7,ligero,subir,2779.3,208.4,277.9,92.6
54,hombre,169.1,105.6,sedentario,mantener,2217.4,166.3,221.7,73.9
49,hombre,157.5,87.1,sedentario,mantener,1938.4,145.4,193.8,64.6
25,mujer,190.8,60.6,sedentario,bajar,1315.0,98.6,131.5,43.8
30,hombre,169.6,86.6,intenso,subir,3472.2,260.4,347.2,115.7
46,hombre,166.9,52.5,intenso,bajar,1816.9,136.3,181.7,60.6
58,mujer,159.5,52.5,moderado,bajar,1200,90.0,120.0,40.0
38,mujer,181.4,83.3,intenso,bajar,2287.2,171.5,228.7,76.2
29,mujer,181.3,48.4,ligero,bajar,1302.8,97.7,130.3,43.4
23,hombre,176.5,80.4,intenso,subir,3500.0,262.5,350.0,116.7
37,mujer,185.7,52.2,moderado,mantener,2071.8,155.4,207.2,69.1
33,mujer,189.9,95.7,ligero,subir,2899.6,217.5,290.0,96.7
56,hombre,159.9,108.9,ligero,bajar,1993.4,149.5,199.3,66.4
45,mujer,175.7,61.9,intenso,bajar,1796.2,134.7,179.6,59.9
29,mujer,164.9,53.2,sedentario,subir,1908.0,143.1,190.8,63.6
19,mujer,153.9,92.9,ligero,bajar,1748.0,131.1,174.8,58.3
34,mujer,150.7,65.2,sedentario,subir,1915.5,143.7,191.5,63.8
56,hombre,156.6,93.5,sedentario,bajar,1466.5,110.0,146.7,48.9
27,hombre,168.9,106.6,muy_intenso,bajar,3284.1,246.3,328.4,109.5
65,hombre,169.1,81.5,sedentario,bajar,1362.2,102.2,136.2,45.4
18,mujer,150.5,53.6,muy_intenso,mantener,2328.7,174.7,232.9,77.6
27,hombre,159.2,85.8,moderado,mantener,2670.7,200.3,267.1,89.0
49,mujer,194.7,66.0,muy_intenso,bajar,2294.7,172.1,229.5,76.5
38,hombre,169.6,46.6,muy_intenso,bajar,2047.9,153.6,204.8,68.3
55,mujer,162.6,67.8,moderado,bajar,1450.3,108.8,145.0,48.3
31,hombre,156.2,103.7,intenso,bajar,2714.1,203.6,271.4,90.5
45,mujer,194.1,109.9,moderado,mantener,2985.5,223.9,298.5,99.5
44,mujer,193.8,103.4,moderado,mantener,2889.6,216.7,289.0,96.3
20,mujer,178.3,57.9,ligero,subir,2369.5,177.7,237.0,79.0
30,mujer,168.7,75.0,moderado,mantener,2314.7,173.6,231.5,77.2
26,mujer,184.7,66.9,muy_intenso,mantener,2911.5,218.4,291.2,97.1
53,hombre,163.5,103.4,ligero,mantener,2469.3,185.2,246.9,82.3
37,mujer,171.2,83.9,moderado,subir,2822.7,211.7,282.3,94.1
37,hombre,183.5,82.4,sedentario,bajar,1649.0,123.7,164.9,55.0
34,hombre,170.3,88.9,ligero,bajar,1959.0,146.9,195.9,65.3
22,mujer,183.1,77.3,muy_intenso,bajar,2628.1,197.1,262.8,87.6
34,mujer,178.5,50.2,moderado,bajar,1494.3,112.1,149.4,49.8
28,mujer,178.6,63.8,moderado,bajar,1752.5,131.4,175.3,58.4
57,hombre,185.2,70.3,intenso,subir,3126.4,234.5,312.6,104.2
28,mujer,153.5,105.7,sedentario,bajar,1558.4,116.9,155.8,51.9
39,mujer,172.5,56.4,intenso,mantener,2218.6,166.4,221.9,74.0
59,mujer,193.7,89.4,ligero,bajar,1766.9,132.5,176.7,58.9
22,hombre,178.7,55.1,ligero,bajar,1649.0,123.7,164.9,55.0
53,hombre,194.2,53.7,muy_intenso,bajar,2332.4,174.9,233.2,77.7
32,hombre,192.3,79.7,intenso,mantener,3180.7,238.6,318.1,106.0
30,hombre,174.0,78.6,intenso,subir,3381.7,253.6,338.2,112.7
58,mujer,150.7,95.5,muy_intenso,mantener,2747.2,206.0,274.7,91.6
54,hombre,159.0,82.2,ligero,mantener,2132.3,159.9,213.2,71.1
37,mujer,193.5,51.4,ligero,subir,2293.9,172.0,229.4,76.5
23,mujer,159.0,108.0,ligero,bajar,1971.9,147.9,197.2,65.7
62,hombre,151.7,77.3,sedentario,subir,2099.3,157.5,209.9,70.0
44,hombre,174.5,77.4,muy_intenso,bajar,2634.3,197.6,263.4,87.8
38,hombre,162.3,90.3,intenso,bajar,2488.3,186.6,248.8,82.9
20,hombre,184.4,69.7,muy_intenso,mantener,3333.5,250.0,333.4,111.1
49,mujer,193.8,108.6,ligero,subir,3000.5,225.0,300.0,100.0
51,hombre,183.3,101.8,ligero,bajar,2131.2,159.8,213.1,71.0
27,hombre,175.9,74.6,muy_intenso,mantener,3259.2,244.4,325.9,108.6
31,hombre,193.3,104.3,intenso,mantener,3624.4,271.8,362.4,120.8
52,mujer,178.1,73.7,ligero,subir,2365.0,177.4,236.5,78.8
26,hombre,177.7,109.2,muy_intenso,subir,4347.5,326.1,434.7,144.9
64,hombre,178.7,71.0,muy_intenso,bajar,2372.6,177.9,237.3,79.1
47,mujer,184.0,94.0,sedentario,subir,2432.8,182.5,243.3,81.1
51,mujer,155.6,75.3,muy_intenso,mantener,2488.0,186.6,248.8,82.9
18,hombre,194.0,67.9,sedentario,bajar,1667.8,125.1,166.8,55.6
50,mujer,186.7,79.3,ligero,mantener,2129.7,159.7,213.0,71.0
48,hombre,155.7,69.0,muy_intenso,bajar,2213.4,166.0,221.3,73.8
18,mujer,170.2,92.0,sedentario,subir,2479.3,185.9,247.9,82.6
63,hombre,171.4,100.3,muy_intenso,bajar,2852.1,213.9,285.2,95.1
37,mujer,151.8,99.2,moderado,mantener,2471.9,185.4,247.2,82.4
29,mujer,180.9,88.0,intenso,bajar,2440.5,183.0,244.0,81.3
27,mujer,191.6,58.4,ligero,subir,2442.6,183.2,244.3,81.4
34,mujer,179.3,51.5,intenso,subir,2650.5,198.8,265.0,88.3
24,hombre,172.0,76.3,moderado,bajar,2170.7,162.8,217.1,72.4
64,hombre,186.2,88.2,muy_intenso,bajar,2788.4,209.1,278.8,92.9
41,hombre,176.4,70.4,ligero,subir,2608.9,195.7,260.9,87.0
55,hombre,157.4,48.7,sedentario,subir,1840.9,138.1,184.1,61.4
40,hombre,189.8,75.7,intenso,subir,3415.7,256.2,341.6,113.9
42,hombre,154.9,51.2,intenso,subir,2599.6,195.0,260.0,86.7
63,mujer,167.7,58.2,moderado,subir,2188.9,164.2,218.9,73.0
47,mujer,188.8,59.3,intenso,mantener,2375.3,178.1,237.5,79.2
65,hombre,177.2,93.5,sedentario,mantener,2067.0,155.0,206.7,68.9
55,mujer,190.8,75.9,muy_intenso,subir,3279.4,246.0,327.9,109.3
59,mujer,178.2,52.0,muy_intenso,bajar,1737.7,130.3,173.8,57.9
52,mujer,156.7,55.0,ligero,subir,1924.0,144.3,192.4,64.1
28,hombre,156.8,64.5,intenso,subir,2970.2,222.8,297.0,99.0
39,mujer,184.3,77.6,ligero,bajar,1661.3,124.6,166.1,55.4
36,mujer,184.2,91.6,moderado,subir,3075.7,230.7,307.6,102.5
54,mujer,180.7,67.5,sedentario,mantener,1648.0,123.6,164.8,54.9
32,mujer,167.3,105.0,intenso,bajar,2561.2,192.1,256.1,85.4
59,mujer,180.3,86.2,sedentario,mantener,1839.5,138.0,183.9,61.3
58,hombre,176.7,81.1,ligero,mantener,2241.8,168.1,224.2,74.7
40,hombre,164.5,55.4,muy_intenso,mantener,2635.5,197.7,263.6,87.9
43,mujer,160.3,68.3,sedentario,bajar,1200,90.0,120.0,40.0
22,hombre,179.5,96.0,sedentario,mantener,2372.2,177.9,237.2,79.1
36,mujer,152.5,92.6,sedentario,mantener,1845.8,138.4,184.6,61.5
65,mujer,190.2,87.1,intenso,bajar,2214.7,166.1,221.5,73.8
44,mujer,188.6,55.2,ligero,mantener,1855.9,139.2,185.6,61.9
56,mujer,194.9,59.0,ligero,subir,2279.8,171.0,228.0,76.0
26,hombre,177.8,70.3,sedentario,subir,2427.1,182.0,242.7,80.9
58,hombre,190.6,52.1,moderado,mantener,2212.2,165.9,221.2,73.7
33,hombre,177.8,106.9,ligero,subir,3177.8,238.3,317.8,105.9
27,hombre,189.8,64.6,moderado,bajar,2138.5,160.4,213.8,71.3
65,hombre,192.8,90.2,muy_intenso,subir,3795.3,284.6,379.5,126.5
44,mujer,187.0,82.7,ligero,subir,2620.3,196.5,262.0,87.3
26,hombre,169.2,58.8,muy_intenso,bajar,2388.9,179.2,238.9,79.6
22,hombre,188.2,69.8,intenso,bajar,2552.0,191.4,255.2,85.1
44,mujer,162.8,62.7,intenso,mantener,2179.5,163.5,218.0,72.7
43,hombre,171.1,56.5,sedentario,mantener,1709.2,128.2,170.9,57.0
61,hombre,191.3,76.1,intenso,mantener,2857.7,214.3,285.8,95.3
55,hombre,164.8,99.5,sedentario,bajar,1606.0,120.4,160.6,53.5
19,mujer,177.4,57.0,muy_intenso,bajar,2203.2,165.2,220.3,73.4
63,hombre,191.3,106.8,moderado,mantener,3028.1,227.1,302.8,100.9
27,mujer,182.3,103.6,intenso,mantener,3241.9,243.1,324.2,108.1
26,mujer,192.4,101.2,ligero,mantener,2644.8,198.4,264.5,88.2
62,hombre,186.5,57.4,moderado,bajar,1723.7,129.3,172.4,57.5
59,mujer,156.6,100.4,moderado,subir,2766.5,207.5,276.6,92.2
64,mujer,195.0,47.8,intenso,mantener,2097.2,157.3,209.7,69.9
57,mujer,164.6,73.5,moderado,subir,2442.5,183.2,244.3,81.4
22,mujer,167.8,80.2,sedentario,mantener,1895.7,142.2,189.6,63.2
61,hombre,187.6,84.3,moderado,mantener,2659.0,199.4,265.9,88.6
27,hombre,177.7,105.3,muy_intenso,subir,4263.9,319.8,426.4,142.1
31,hombre,193.9,101.3,muy_intenso,subir,4342.3,325.7,434.2,144.7
56,mujer,181.3,87.4,intenso,bajar,2201.6,165.1,220.2,73.4
26,mujer,177.9,74.0,moderado,subir,2819.4,211.5,281.9,94.0
59,mujer,151.0,65.8,sedentario,mantener,1374.9,103.1,137.5,45.8
22,hombre,161.2,55.3,muy_intenso,bajar,2265.4,169.9,226.5,75.5
38,mujer,182.7,102.7,sedentario,subir,2581.4,193.6,258.1,86.0
25,mujer,157.6,73.0,muy_intenso,subir,3115.1,233.6,311.5,103.8
30,mujer,178.5,61.4,ligero,mantener,1950.6,146.3,195.1,65.0
47,mujer,169.5,96.2,sedentario,mantener,1950.4,146.3,195.0,65.0
58,hombre,159.1,75.3,ligero,bajar,1510.8,113.3,151.1,50.4
60,mujer,155.3,77.8,intenso,bajar,1721.2,129.1,172.1,57.4
29,mujer,189.5,104.1,sedentario,mantener,2303.2,172.7,230.3,76.8
45,hombre,180.3,66.2,sedentario,subir,2282.6,171.2,228.3,76.1
30,hombre,166.7,61.6,ligero,bajar,1580.2,118.5,158.0,52.7
41,hombre,187.1,103.0,intenso,bajar,2948.9,221.2,294.9,98.3
46,mujer,160.4,51.5,moderado,subir,2146.1,161.0,214.6,71.5
44,hombre,182.4,73.3,intenso,mantener,2860.1,214.5,286.0,95.3
61,mujer,153.9,71.6,intenso,bajar,1590.5,119.3,159.0,53.0
54,mujer,153.6,52.1,ligero,mantener,1443.8,108.3,144.4,48.1
33,hombre,174.3,45.9,intenso,mantener,2394.9,179.6,239.5,79.8
50,mujer,157.4,94.7,intenso,mantener,2621.6,196.6,262.2,87.4
58,hombre,160.2,104.3,sedentario,bajar,1611.1,120.8,161.1,53.7
61,hombre,157.5,92.5,moderado,mantener,2494.5,187.1,249.5,83.2
37,mujer,174.9,56.2,ligero,mantener,1800.0,135.0,180.0,60.0
19,hombre,174.0,67.2,sedentario,mantener,2003.4,150.3,200.3,66.8
48,hombre,179.1,84.0,sedentario,bajar,1569.2,117.7,156.9,52.3
47,hombre,176.6,57.5,ligero,subir,2392.0,179.4,239.2,79.7
35,mujer,166.3,101.9,ligero,mantener,2368.3,177.6,236.8,78.9
54,mujer,153.5,88.1,muy_intenso,bajar,2177.8,163.3,217.8,72.6
47,mujer,179.9,104.5,intenso,mantener,3059.1,229.4,305.9,102.0
59,mujer,184.5,109.8,intenso,bajar,2596.6,194.7,259.7,86.6
47,hombre,168.9,53.9,intenso,subir,2754.0,206.5,275.4,91.8
55,hombre,166.1,61.6,intenso,subir,2787.6,209.1,278.8,92.9
58,hombre,176.4,92.0,moderado,bajar,2193.1,164.5,219.3,73.1
41,mujer,150.2,67.0,moderado,subir,2326.3,174.5,232.6,77.5
25,hombre,167.3,71.9,ligero,subir,2661.4,199.6,266.1,88.7
23,hombre,165.6,85.1,ligero,subir,2842.0,213.2,284.2,94.7
47,mujer,175.3,61.0,moderado,subir,2429.9,182.2,243.0,81.0
43,hombre,154.4,64.1,muy_intenso,bajar,2152.4,161.4,215.2,71.7
23,hombre,178.5,93.5,muy_intenso,mantener,3687.2,276.5,368.7,122.9
36,mujer,153.8,68.3,moderado,mantener,2020.0,151.5,202.0,67.3
63,mujer,180.2,88.3,moderado,mantener,2376.5,178.2,237.7,79.2
44,mujer,153.0,81.3,ligero,bajar,1408.8,105.7,140.9,47.0
24,mujer,185.7,70.3,muy_intenso,bajar,2507.0,188.0,250.7,83.6
43,hombre,184.8,76.5,muy_intenso,subir,3649.0,273.7,364.9,121.6
59,hombre,179.3,66.3,moderado,subir,2715.1,203.6,271.5,90.5
21,hombre,186.0,109.8,sedentario,mantener,2592.6,194.4,259.3,86.4
26,mujer,194.6,46.6,sedentario,mantener,1669.5,125.2,167.0,55.6
50,hombre,177.1,84.1,moderado,subir,3039.5,228.0,303.9,101.3
28,hombre,168.4,71.8,muy_intenso,mantener,3107.4,233.1,310.7,103.6
40,hombre,151.1,91.8,intenso,mantener,2876.2,215.7,287.6,95.9
25,mujer,179.7,84.2,ligero,mantener,2308.8,173.2,230.9,77.0
31,mujer,181.8,46.9,intenso,bajar,1724.0,129.3,172.4,57.5
63,mujer,164.0,75.3,ligero,subir,2190.2,164.3,219.0,73.0
45,hombre,167.9,97.0,moderado,mantener,2789.0,209.2,278.9,93.0
30,hombre,157.0,47.0,sedentario,subir,1967.5,147.6,196.8,65.6
29,hombre,189.3,75.0,moderado,subir,3179.3,238.5,317.9,106.0
61,mujer,184.6,63.8,intenso,mantener,2286.9,171.5,228.7,76.2
55,mujer,180.8,86.7,intenso,bajar,2192.7,164.5,219.3,73.1
50,mujer,166.4,79.7,intenso,mantener,2459.8,184.5,246.0,82.0
42,mujer,169.2,55.0,sedentario,mantener,1483.8,111.3,148.4,49.5
25,hombre,176.2,50.4,sedentario,mantener,1782.3,133.7,178.2,59.4
18,mujer,165.0,61.2,moderado,subir,2558.0,191.8,255.8,85.3
36,mujer,154.9,48.4,moderado,subir,2122.2,159.2,212.2,70.7
29,hombre,152.2,84.5,sedentario,mantener,1987.5,149.1,198.8,66.2
42,hombre,183.0,88.5,muy_intenso,subir,3865.1,289.9,386.5,128.8
54,hombre,169.5,90.2,moderado,subir,3029.4,227.2,302.9,101.0
20,mujer,166.1,82.4,muy_intenso,bajar,2542.1,190.7,254.2,84.7
33,hombre,170.1,75.8,sedentario,mantener,1993.3,149.5,199.3,66.4
49,hombre,153.0,107.1,moderado,bajar,2270.2,170.3,227.0,75.7
28,hombre,154.8,103.1,sedentario,bajar,1736.2,130.2,173.6,57.9
52,hombre,165.1,63.5,moderado,mantener,2188.4,164.1,218.8,72.9
40,hombre,170.9,96.0,sedentario,bajar,1699.8,127.5,170.0,56.7
23,mujer,189.1,91.4,moderado,subir,3220.8,241.6,322.1,107.4
59,hombre,172.9,88.0,ligero,bajar,1797.1,134.8,179.7,59.9
54,mujer,179.9,109.9,muy_intenso,bajar,2905.5,217.9,290.6,96.9
26,mujer,186.9,93.7,ligero,bajar,1994.4,149.6,199.4,66.5
40,hombre,163.4,63.7,intenso,bajar,2024.1,151.8,202.4,67.5
33,mujer,186.4,56.1,intenso,subir,2815.0,211.1,281.5,93.8
44,mujer,183.6,100.0,muy_intenso,subir,3756.3,281.7,375.6,125.2
38,mujer,186.2,104.5,intenso,mantener,3204.6,240.3,320.5,106.8
65,mujer,194.0,74.1,ligero,mantener,2017.8,151.3,201.8,67.3
58,hombre,193.0,76.2,intenso,mantener,2903.6,217.8,290.4,96.8
64,hombre,176.8,87.6,sedentario,subir,2399.2,179.9,239.9,80.0
34,hombre,177.7,91.4,sedentario,subir,2631.5,197.4,263.2,87.7
20,mujer,180.2,58.3,intenso,subir,2898.2,217.4,289.8,96.6
38,mujer,153.7,52.1,ligero,bajar,1200,90.0,120.0,40.0
44,mujer,185.7,80.9,muy_intenso,mantener,3018.4,226.4,301.8,100.6
53,hombre,150.8,47.0,sedentario,subir,1783.0,133.7,178.3,59.4
60,mujer,188.8,84.6,sedentario,mantener,1878.0,140.8,187.8,62.6
20,mujer,158.2,91.8,moderado,bajar,2050.9,153.8,205.1,68.4
27,mujer,171.4,89.0,muy_intenso,mantener,3164.0,237.3,316.4,105.5
28,hombre,184.2,83.1,intenso,subir,3586.5,269.0,358.7,119.6
38,hombre,154.5,108.9,moderado,mantener,2897.9,217.3,289.8,96.6
49,mujer,189.4,53.1,sedentario,subir,1970.5,147.8,197.1,65.7
20,mujer,158.8,61.9,sedentario,bajar,1200,90.0,120.0,40.0
59,hombre,187.1,50.2,sedentario,bajar,1200,90.0,120.0,40.0
65,hombre,179.5,102.0,ligero,subir,2905.1,217.9,290.5,96.8
43,mujer,194.7,83.0,moderado,bajar,2089.9,156.7,209.0,69.7
48,mujer,188.3,100.8,moderado,bajar,2265.0,169.9,226.5,75.5
34,hombre,154.7,71.0,intenso,mantener,2608.0,195.6,260.8,86.9
51,hombre,159.4,97.5,sedentario,bajar,1565.5,117.4,156.6,52.2
34,hombre,174.4,53.0,muy_intenso,bajar,2264.5,169.8,226.5,75.5
38,mujer,179.8,91.8,intenso,mantener,2916.5,218.7,291.7,97.2
50,hombre,157.0,74.3,muy_intenso,bajar,2310.6,173.3,231.1,77.0
57,mujer,162.5,59.9,ligero,mantener,1606.9,120.5,160.7,53.6
31,hombre,171.4,62.9,muy_intenso,subir,3345.5,250.9,334.5,111.5
49,hombre,174.1,82.6,muy_intenso,mantener,3180.8,238.6,318.1,106.0
60,mujer,156.2,86.7,intenso,mantener,2384.4,178.8,238.4,79.5
61,mujer,154.5,63.6,intenso,subir,2359.0,176.9,235.9,78.6
37,hombre,183.4,85.5,moderado,mantener,2822.9,211.7,282.3,94.1
30,hombre,192.9,76.4,muy_intenso,bajar,2966.8,222.5,296.7,98.9
50,hombre,172.2,82.8,muy_intenso,bajar,2652.6,198.9,265.3,88.4
39,hombre,180.9,105.2,sedentario,bajar,1891.2,141.8,189.1,63.0
35,hombre,151.5,69.9,sedentario,subir,2171.1,162.8,217.1,72.4
21,mujer,189.3,74.2,moderado,subir,2971.6,222.9,297.2,99.1
22,mujer,152.3,65.5,muy_intenso,bajar,2038.2,152.9,203.8,67.9
41,mujer,190.1,101.4,muy_intenso,bajar,2988.6,224.1,298.9,99.6
36,hombre,156.0,92.5,ligero,subir,2771.9,207.9,277.2,92.4
22,mujer,171.4,72.1,intenso,subir,3024.2,226.8,302.4,100.8
47,mujer,193.9,50.6,sedentario,bajar,1200,90.0,120.0,40.0
18,mujer,167.1,62.4,sedentario,mantener,1700.8,127.6,170.1,56.7
42,hombre,179.8,83.7,moderado,subir,3121.4,234.1,312.1,104.0
37,hombre,173.2,71.8,intenso,bajar,2295.4,172.2,229.5,76.5
36,hombre,194.9,91.1,intenso,bajar,2870.9,215.3,287.1,95.7
47,mujer,150.3,103.7,moderado,subir,2849.6,213.7,285.0,95.0
19,hombre,162.8,92.4,moderado,mantener,2869.8,215.2,287.0,95.7
29,mujer,154.8,97.7,moderado,subir,2939.7,220.5,294.0,98.0
65,hombre,189.1,46.8,ligero,bajar,1328.6,99.6,132.9,44.3
44,mujer,173.7,97.1,moderado,subir,2997.2,224.8,299.7,99.9
39,mujer,157.7,79.9,sedentario,mantener,1714.3,128.6,171.4,57.1
31,hombre,194.0,103.4,muy_intenso,mantener,3983.3,298.8,398.3,132.8
44,hombre,190.1,90.5,sedentario,mantener,2253.8,169.0,225.4,75.1
20,hombre,172.1,54.6,muy_intenso,subir,3300.6,247.5,330.1,110.0
63,hombre,156.9,63.4,muy_intenso,mantener,2478.8,185.9,247.9,82.6
49,hombre,192.8,103.0,muy_intenso,subir,4190.5,314.3,419.1,139.7
37,hombre,171.3,71.5,ligero,bajar,1707.7,128.1,170.8,56.9
62,hombre,165.2,73.3,sedentario,mantener,1752.6,131.4,175.3,58.4
24,mujer,192.4,91.4,moderado,bajar,2345.0,175.9,234.5,78.2
22,hombre,150.8,102.0,intenso,subir,3604.2,270.3,360.4,120.1
33,hombre,177.1,49.7,ligero,subir,2385.3,178.9,238.5,79.5
30,mujer,165.7,100.6,muy_intenso,subir,3688.2,276.6,368.8,122.9
28,mujer,188.6,106.7,muy_intenso,mantener,3695.0,277.1,369.5,123.2
42,mujer,187.0,64.6,sedentario,bajar,1232.5,92.4,123.2,41.1
63,mujer,166.0,89.8,sedentario,bajar,1251.4,93.9,125.1,41.7
61,hombre,151.6,68.5,moderado,mantener,2065.4,154.9,206.5,68.8
35,mujer,155.5,101.9,intenso,mantener,2854.7,214.1,285.5,95.2
54,mujer,181.1,64.5,moderado,mantener,2086.1,156.5,208.6,69.5
59,hombre,188.8,97.7,ligero,mantener,2567.1,192.5,256.7,85.6
58,mujer,150.5,91.8,moderado,subir,2581.8,193.6,258.2,86.1
64,mujer,152.9,106.8,sedentario,bajar,1351.1,101.3,135.1,45.0
58,hombre,166.4,85.1,intenso,mantener,2770.4,207.8,277.0,92.3
52,hombre,183.9,85.5,moderado,mantener,2711.5,203.4,271.2,90.4
55,mujer,177.7,83.6,ligero,bajar,1577.1,118.3,157.7,52.6
29,hombre,178.7,48.2,muy_intenso,bajar,2271.9,170.4,227.2,75.7
61,mujer,178.6,97.3,ligero,subir,2632.0,197.4,263.2,87.7
39,mujer,171.9,69.4,ligero,bajar,1442.0,108.2,144.2,48.1
26,mujer,194.6,69.4,sedentario,mantener,1943.1,145.7,194.3,64.8
29,hombre,166.5,89.4,sedentario,mantener,2153.5,161.5,215.4,71.8
62,mujer,166.3,89.8,muy_intenso,mantener,2786.1,209.0,278.6,92.9
46,hombre,185.8,83.9,sedentario,bajar,1630.3,122.3,163.0,54.3
43,mujer,159.3,67.6,intenso,bajar,1735.0,130.1,173.5,57.8
34,hombre,151.8,46.5,muy_intenso,mantener,2372.6,177.9,237.3,79.1
31,mujer,152.1,55.9,ligero,bajar,1200,90.0,120.0,40.0
23,mujer,189.8,50.8,intenso,subir,2846.5,213.5,284.6,94.9
54,mujer,173.6,56.1,sedentario,mantener,1458.0,109.3,145.8,48.6
34,mujer,155.6,101.9,muy_intenso,bajar,2654.9,199.1,265.5,88.5
45,mujer,181.4,77.1,sedentario,mantener,1822.5,136.7,182.2,60.8
57,mujer,158.8,45.1,ligero,mantener,1371.6,102.9,137.2,45.7
33,hombre,161.2,58.5,muy_intenso,subir,3121.8,234.1,312.2,104.1
39,hombre,164.4,63.9,muy_intenso,mantener,2805.3,210.4,280.5,93.5
26,mujer,182.6,66.9,sedentario,bajar,1323.1,99.2,132.3,44.1
26,mujer,173.4,85.9,sedentario,mantener,1982.1,148.7,198.2,66.1
25,mujer,160.5,67.4,ligero,mantener,1912.8,143.5,191.3,63.8
38,hombre,156.8,74.4,intenso,subir,3054.8,229.1,305.5,101.8
57,hombre,162.8,79.2,muy_intenso,bajar,2406.0,180.5,240.6,80.2
28,hombre,154.1,76.1,muy_intenso,subir,3419.3,256.5,341.9,114.0
62,hombre,186.4,57.3,sedentario,subir,2119.6,159.0,212.0,70.7
21,mujer,176.9,99.0,moderado,bajar,2335.9,175.2,233.6,77.9
55,mujer,165.9,48.3,ligero,subir,1890.3,141.8,189.0,63.0
43,hombre,169.2,88.3,moderado,subir,3082.3,231.2,308.2,102.7
44,mujer,182.0,74.7,moderado,bajar,1830.4,137.3,183.0,61.0
60,mujer,154.7,98.5,muy_intenso,bajar,2332.7,174.9,233.3,77.8
35,mujer,192.0,61.2,muy_intenso,bajar,2304.4,172.8,230.4,76.8
37,mujer,154.9,92.1,intenso,subir,3061.9,229.6,306.2,102.1
30,hombre,150.6,72.8,moderado,bajar,1862.6,139.7,186.3,62.1
24,mujer,165.7,97.6,muy_intenso,mantener,3288.2,246.6,328.8,109.6
58,mujer,178.0,47.4,sedentario,mantener,1362.6,102.2,136.3,45.4
32,hombre,178.5,102.5,ligero,mantener,2730.2,204.8,273.0,91.0
47,hombre,167.8,48.9,ligero,subir,2198.2,164.9,219.8,73.3
58,hombre,192.7,101.0,ligero,subir,3052.9,229.0,305.3,101.8
59,hombre,182.6,71.6,muy_intenso,bajar,2477.8,185.8,247.8,82.6
21,hombre,189.6,91.9,ligero,mantener,2755.5,206.7,275.6,91.8
55,mujer,180.4,55.8,ligero,mantener,1718.1,128.9,171.8,57.3
25,mujer,151.7,87.9,sedentario,bajar,1349.3,101.2,134.9,45.0
42,hombre,186.1,103.7,intenso,subir,3841.6,288.1,384.2,128.1
53,mujer,165.1,50.7,ligero,mantener,1530.2,114.8,153.0,51.0
29,mujer,189.4,101.2,ligero,mantener,2598.4,194.9,259.8,86.6
25,hombre,192.6,52.4,moderado,subir,2892.0,216.9,289.2,96.4
47,hombre,167.5,72.7,muy_intenso,mantener,2933.4,220.0,293.3,97.8
57,mujer,180.7,64.7,sedentario,subir,1996.5,149.7,199.6,66.5
36,mujer,183.8,75.7,ligero,mantener,2151.5,161.4,215.2,71.7
40,mujer,185.7,55.1,intenso,bajar,1829.8,137.2,183.0,61.0
51,mujer,179.5,49.6,moderado,bajar,1362.9,102.2,136.3,45.4
46,hombre,155.7,98.3,muy_intenso,mantener,3289.1,246.7,328.9,109.6
53,mujer,150.6,77.2,moderado,subir,2395.2,179.6,239.5,79.8
28,hombre,184.6,79.4,intenso,bajar,2627.0,197.0,262.7,87.6
59,hombre,170.5,103.8,intenso,mantener,3128.5,234.6,312.9,104.3
49,mujer,186.0,67.4,sedentario,subir,2116.6,158.7,211.7,70.6
22,mujer,175.5,68.8,muy_intenso,subir,3276.4,245.7,327.6,109.2
36,mujer,178.1,96.3,ligero,mantener,2385.8,178.9,238.6,79.5
54,mujer,180.1,86.0,ligero,bajar,1637.6,122.8,163.8,54.6
22,mujer,164.2,64.0,moderado,subir,2562.6,192.2,256.3,85.4
39,mujer,150.5,86.6,ligero,subir,2394.6,179.6,239.5,79.8
61,hombre,153.6,97.7,muy_intenso,mantener,3110.3,233.3,311.0,103.7
43,hombre,166.9,105.8,sedentario,mantener,2269.3,170.2,226.9,75.6
29,mujer,176.5,75.3,ligero,subir,2531.4,189.9,253.1,84.4
54,hombre,153.9,95.4,sedentario,bajar,1481.0,111.1,148.1,49.4
61,hombre,165.3,82.7,muy_intenso,bajar,2464.2,184.8,246.4,82.1
29,mujer,168.5,55.7,intenso,subir,2649.6,198.7,265.0,88.3
18,mujer,162.2,86.7,muy_intenso,bajar,2596.5,194.7,259.7,86.6
60,mujer,152.1,97.7,moderado,subir,2673.3,200.5,267.3,89.1
63,mujer,150.0,62.6,moderado,bajar,1200,90.0,120.0,40.0
21,mujer,180.9,98.4,moderado,subir,3265.4,244.9,326.5,108.8
43,hombre,182.3,81.0,muy_intenso,bajar,2804.8,210.4,280.5,93.5
23,mujer,175.8,106.8,intenso,mantener,3261.5,244.6,326.2,108.7
64,mujer,176.1,71.3,ligero,subir,2232.4,167.4,223.2,74.4
47,mujer,184.1,71.6,muy_intenso,subir,3194.2,239.6,319.4,106.5
26,mujer,178.8,96.4,intenso,mantener,3088.6,231.6,308.9,103.0
57,hombre,189.5,50.0,sedentario,mantener,1685.2,126.4,168.5,56.2
23,mujer,194.4,92.2,muy_intenso,mantener,3535.9,265.2,353.6,117.9
35,mujer,178.7,50.3,moderado,subir,2390.0,179.3,239.0,79.7
21,mujer,168.7,52.0,sedentario,mantener,1570.0,117.8,157.0,52.3
44,mujer,190.2,100.5,intenso,bajar,2627.0,197.0,262.7,87.6
43,hombre,168.8,78.1,sedentario,subir,2351.2,176.3,235.1,78.4
31,hombre,167.1,85.6,sedentario,bajar,1600.4,120.0,160.0,53.3
32,mujer,174.3,63.0,sedentario,mantener,1678.0,125.9,167.8,55.9
22,hombre,150.4,84.0,moderado,subir,2996.2,224.7,299.6,99.9
37,hombre,184.2,86.9,intenso,subir,3574.4,268.1,357.4,119.1
64,hombre,166.3,73.9,ligero,mantener,2012.1,150.9,201.2,67.1
19,mujer,191.8,73.0,sedentario,subir,2407.3,180.5,240.7,80.2
38,mujer,155.6,49.9,sedentario,subir,1744.6,130.8,174.5,58.2
27,mujer,186.9,75.6,ligero,bajar,1738.7,130.4,173.9,58.0
45,hombre,171.0,95.0,moderado,subir,3188.1,239.1,318.8,106.3
41,mujer,164.3,61.3,ligero,mantener,1751.6,131.4,175.2,58.4
19,hombre,152.3,51.8,sedentario,mantener,1655.8,124.2,165.6,55.2
31,mujer,153.6,103.3,intenso,subir,3292.8,247.0,329.3,109.8
44,mujer,191.7,62.7,moderado,mantener,2238.4,167.9,223.8,74.6
36,hombre,191.7,105.3,sedentario,mantener,2491.3,186.9,249.1,83.0
23,hombre,157.7,55.1,moderado,bajar,1711.3,128.3,171.1,57.0
46,hombre,187.7,89.4,muy_intenso,mantener,3500.0,262.5,350.0,116.7
29,hombre,157.0,68.9,muy_intenso,subir,3307.5,248.1,330.7,110.2
33,hombre,183.1,70.3,sedentario,subir,2424.8,181.9,242.5,80.8
41,mujer,169.2,81.5,sedentario,subir,2207.8,165.6,220.8,73.6
47,mujer,169.8,94.9,sedentario,subir,2337.1,175.3,233.7,77.9
48,mujer,165.1,97.7,ligero,bajar,1710.8,128.3,171.1,57.0
47,hombre,150.3,50.6,muy_intenso,subir,2709.2,203.2,270.9,90.3
47,hombre,173.4,82.2,moderado,bajar,2097.4,157.3,209.7,69.9
61,hombre,160.9,47.6,ligero,mantener,1624.7,121.9,162.5,54.2
47,mujer,183.8,85.1,moderado,mantener,2485.8,186.4,248.6,82.9
22,mujer,191.3,105.8,intenso,mantener,3420.0,256.5,342.0,114.0
46,hombre,185.0,52.0,sedentario,bajar,1241.5,93.1,124.2,41.4
29,hombre,184.6,75.5,intenso,bajar,2551.1,191.3,255.1,85.0
57,hombre,158.8,73.8,intenso,subir,2902.1,217.7,290.2,96.7
61,hombre,170.1,61.7,moderado,bajar,1639.2,122.9,163.9,54.6
36,hombre,167.0,64.1,moderado,mantener,2340.1,175.5,234.0,78.0
25,hombre,151.7,98.1,muy_intenso,subir,3837.3,287.8,383.7,127.9
61,mujer,166.3,89.5,moderado,subir,2676.0,200.7,267.6,89.2
54,mujer,176.1,52.9,intenso,bajar,1567.6,117.6,156.8,52.3
47,mujer,188.6,66.0,moderado,mantener,2236.3,167.7,223.6,74.5
43,mujer,192.1,76.5,sedentario,bajar,1407.5,105.6,140.8,46.9
32,mujer,188.0,63.5,intenso,bajar,2068.5,155.1,206.9,69.0
62,hombre,163.4,93.5,intenso,subir,3248.4,243.6,324.8,108.3
25,mujer,155.4,69.3,sedentario,subir,2053.9,154.0,205.4,68.5
60,hombre,172.3,101.1,moderado,mantener,2779.0,208.4,277.9,92.6
47,hombre,194.5,51.2,ligero,subir,2459.2,184.4,245.9,82.0
26,mujer,171.6,63.2,moderado,subir,2590.9,194.3,259.1,86.4
54,mujer,166.7,97.6,ligero,subir,2582.0,193.6,258.2,86.1
51,hombre,150.8,69.8,sedentario,subir,2068.6,155.1,206.9,69.0
25,hombre,187.6,62.7,moderado,subir,3003.2,225.2,300.3,100.1
43,mujer,183.6,105.9,ligero,subir,2916.9,218.8,291.7,97.2
42,mujer,162.0,103.9,moderado,bajar,2104.8,157.9,210.5,70.2
54,mujer,172.2,57.0,ligero,bajar,1200,90.0,120.0,40.0
52,hombre,178.5,89.2,sedentario,subir,2503.2,187.7,250.3,83.4
32,mujer,170.2,62.3,muy_intenso,mantener,2594.9,194.6,259.5,86.5
33,mujer,167.8,45.7,intenso,bajar,1535.1,115.1,153.5,51.2
21,hombre,174.2,89.4,ligero,bajar,2088.8,156.7,208.9,69.6
44,mujer,167.8,106.5,sedentario,bajar,1579.3,118.4,157.9,52.6
21,mujer,173.4,101.3,muy_intenso,mantener,3478.4,260.9,347.8,115.9
30,hombre,185.8,85.7,moderado,mantener,2903.5,217.8,290.4,96.8
49,hombre,172.5,51.8,ligero,subir,2264.7,169.9,226.5,75.5
30,mujer,157.8,58.4,intenso,mantener,2172.2,162.9,217.2,72.4
36,hombre,163.5,58.0,muy_intenso,bajar,2211.1,165.8,221.1,73.7
52,mujer,185.6,64.4,moderado,subir,2543.7,190.8,254.4,84.8
40,hombre,155.4,49.9,muy_intenso,mantener,2423.0,181.7,242.3,80.8
47,hombre,159.0,68.7,intenso,bajar,2002.5,150.2,200.3,66.8
32,hombre,173.0,105.8,ligero,bajar,2228.3,167.1,222.8,74.3
60,mujer,164.9,71.8,intenso,subir,2621.2,196.6,262.1,87.4
60,mujer,174.8,75.4,muy_intenso,mantener,2632.4,197.4,263.2,87.7
25,mujer,180.9,56.6,sedentario,mantener,1692.8,127.0,169.3,56.4
64,mujer,159.5,69.8,moderado,mantener,1881.5,141.1,188.2,62.7
40,mujer,167.2,92.5,sedentario,mantener,1930.8,144.8,193.1,64.4
52,mujer,161.8,53.0,ligero,mantener,1540.3,115.5,154.0,51.3
47,hombre,158.4,97.1,moderado,bajar,2183.1,163.7,218.3,72.8
51,mujer,182.6,107.6,moderado,subir,3191.9,239.4,319.2,106.4
24,hombre,151.3,94.9,sedentario,subir,2535.5,190.2,253.6,84.5
35,hombre,156.1,78.6,muy_intenso,subir,3424.1,256.8,342.4,114.1
50,hombre,184.3,94.4,intenso,mantener,3192.8,239.5,319.3,106.4
18,hombre,183.4,68.3,sedentario,mantener,2093.1,157.0,209.3,69.8
28,hombre,159.5,105.4,moderado,subir,3369.6,252.7,337.0,112.3
37,hombre,191.7,66.5,muy_intenso,subir,3597.9,269.8,359.8,119.9
21,hombre,187.2,61.9,muy_intenso,bajar,2709.1,203.2,270.9,90.3
19,hombre,180.7,81.6,moderado,mantener,2875.8,215.7,287.6,95.9
54,hombre,160.3,51.7,sedentario,subir,1904.6,142.8,190.5,63.5
59,hombre,188.7,106.4,ligero,mantener,2685.9,201.4,268.6,89.5
33,hombre,181.5,102.4,sedentario,bajar,1898.0,142.4,189.8,63.3
29,mujer,177.7,105.1,muy_intenso,subir,3925.7,294.4,392.6,130.9
29,hombre,167.8,62.2,muy_intenso,bajar,2408.4,180.6,240.8,80.3
58,hombre,176.3,56.5,ligero,bajar,1400.1,105.0,140.0,46.7
33,mujer,187.8,76.0,ligero,mantener,2210.7,165.8,221.1,73.7
48,mujer,187.3,97.3,moderado,bajar,2201.1,165.1,220.1,73.4
41,hombre,192.1,69.9,sedentario,mantener,2039.5,153.0,204.0,68.0
58,hombre,175.7,68.5,sedentario,mantener,1797.8,134.8,179.8,59.9
42,hombre,163.5,64.2,moderado,bajar,1761.3,132.1,176.1,58.7
18,hombre,156.8,49.2,sedentario,mantener,1664.4,124.8,166.4,55.5
20,hombre,178.4,86.2,moderado,mantener,2917.1,218.8,291.7,97.2
28,hombre,193.5,107.8,sedentario,subir,2982.8,223.7,298.3,99.4
55,mujer,190.6,59.8,sedentario,bajar,1200,90.0,120.0,40.0
64,mujer,150.8,66.2,muy_intenso,mantener,2134.7,160.1,213.5,71.2
32,hombre,151.1,106.6,intenso,subir,3600.5,270.0,360.1,120.0
20,hombre,185.0,92.3,intenso,mantener,3422.8,256.7,342.3,114.1
58,hombre,178.1,100.9,ligero,mantener,2526.0,189.5,252.6,84.2
50,hombre,182.4,55.3,intenso,subir,2897.8,217.3,289.8,96.6
63,mujer,182.9,56.4,sedentario,subir,1877.3,140.8,187.7,62.6
52,mujer,187.4,47.1,ligero,mantener,1679.2,125.9,167.9,56.0
58,mujer,168.3,68.9,sedentario,subir,1947.8,146.1,194.8,64.9
38,hombre,157.5,69.9,sedentario,bajar,1298.0,97.4,129.8,43.3
65,mujer,162.9,91.6,intenso,mantener,2498.0,187.4,249.8,83.3
26,hombre,182.0,59.3,ligero,mantener,2207.6,165.6,220.8,73.6
49,mujer,190.9,68.7,ligero,bajar,1526.9,114.5,152.7,50.9
30,hombre,159.6,57.2,muy_intenso,subir,3106.5,233.0,310.7,103.6
59,hombre,172.0,106.9,intenso,bajar,2698.2,202.4,269.8,89.9
52,hombre,152.1,91.3,muy_intenso,bajar,2556.4,191.7,255.6,85.2
27,mujer,171.8,82.4,muy_intenso,mantener,3043.3,228.2,304.3,101.4
44,hombre,150.6,84.2,moderado,subir,2830.8,212.3,283.1,94.4
29,hombre,191.3,82.3,muy_intenso,bajar,3069.4,230.2,306.9,102.3
46,mujer,168.3,99.1,ligero,bajar,1771.3,132.8,177.1,59.0
20,mujer,173.2,94.4,sedentario,subir,2518.6,188.9,251.9,84.0
54,mujer,155.0,103.6,sedentario,mantener,1888.5,141.6,188.9,62.9
47,mujer,160.6,83.4,moderado,subir,2634.7,197.6,263.5,87.8
18,mujer,167.6,108.2,intenso,mantener,3240.4,243.0,324.0,108.0
34,mujer,163.5,104.0,moderado,subir,3082.9,231.2,308.3,102.8
50,hombre,185.5,91.7,sedentario,subir,2597.7,194.8,259.8,86.6
53,hombre,151.2,57.9,moderado,mantener,1959.2,146.9,195.9,65.3
52,mujer,164.1,82.3,ligero,bajar,1463.0,109.7,146.3,48.8
19,hombre,194.2,85.1,moderado,mantener,3060.9,229.6,306.1,102.0
33,mujer,154.5,45.7,muy_intenso,bajar,1583.6,118.8,158.4,52.8
62,mujer,183.6,60.5,ligero,bajar,1262.1,94.7,126.2,42.1
53,mujer,150.9,56.0,intenso,mantener,1858.0,139.4,185.8,61.9
38,mujer,162.1,74.2,sedentario,subir,2084.9,156.4,208.5,69.5
38,hombre,170.0,66.7,muy_intenso,mantener,2934.5,220.1,293.5,97.8
53,mujer,155.8,67.0,intenso,subir,2500.6,187.5,250.1,83.4
46,hombre,180.8,80.9,intenso,subir,3356.7,251.7,335.7,111.9
28,hombre,161.5,72.9,muy_intenso,subir,3446.4,258.5,344.6,114.9
46,hombre,172.2,92.2,muy_intenso,subir,3769.2,282.7,376.9,125.6
61,hombre,164.7,78.9,ligero,bajar,1587.8,119.1,158.8,52.9
42,mujer,194.2,99.1,sedentario,subir,2600.5,195.0,260.1,86.7
30,mujer,154.0,67.4,ligero,subir,2222.6,166.7,222.3,74.1
36,hombre,190.1,81.4,intenso,bajar,2651.8,198.9,265.2,88.4
55,mujer,174.5,58.0,moderado,mantener,1913.7,143.5,191.4,63.8
43,hombre,164.0,108.8,muy_intenso,subir,4015.7,301.2,401.6,133.9
24,mujer,177.4,72.9,moderado,bajar,1913.0,143.5,191.3,63.8
57,hombre,185.9,70.7,sedentario,bajar,1406.6,105.5,140.7,46.9
35,mujer,165.9,53.7,moderado,bajar,1418.7,106.4,141.9,47.3
32,hombre,190.9,97.1,intenso,bajar,2965.7,222.4,296.6,98.9
48,mujer,158.2,50.5,sedentario,subir,1711.3,128.3,171.1,57.0
43,hombre,171.7,51.3,ligero,mantener,1892.2,141.9,189.2,63.1
35,mujer,193.5,71.4,ligero,mantener,2182.6,163.7,218.3,72.8
52,mujer,172.6,104.8,moderado,subir,3043.9,228.3,304.4,101.5
22,hombre,164.7,92.5,sedentario,subir,2619.2,196.4,261.9,87.3
48,mujer,162.6,108.7,moderado,mantener,2638.5,197.9,263.8,87.9
33,hombre,193.5,82.4,ligero,mantener,2575.9,193.2,257.6,85.9
33,hombre,186.0,104.9,moderado,subir,3579.8,268.5,358.0,119.3
53,hombre,191.9,73.5,sedentario,mantener,2009.2,150.7,200.9,67.0
52,mujer,167.6,81.1,moderado,mantener,2228.1,167.1,222.8,74.3
44,mujer,194.1,50.2,muy_intenso,bajar,2034.8,152.6,203.5,67.8
64,hombre,178.9,81.0,moderado,bajar,2000.3,150.0,200.0,66.7
61,mujer,184.9,106.8,sedentario,bajar,1609.2,120.7,160.9,53.6
49,hombre,175.5,81.7,muy_intenso,bajar,2680.4,201.0,268.0,89.3
31,mujer,169.0,55.2,muy_intenso,mantener,2455.3,184.1,245.5,81.8
64,hombre,178.4,106.6,muy_intenso,mantener,3545.4,265.9,354.5,118.2
57,mujer,166.8,66.5,moderado,bajar,1455.3,109.1,145.5,48.5
37,hombre,165.1,105.8,ligero,bajar,2126.1,159.5,212.6,70.9
59,mujer,184.3,76.7,muy_intenso,bajar,2279.5,171.0,227.9,76.0
61,hombre,152.6,62.5,sedentario,subir,1934.5,145.1,193.5,64.5
46,mujer,178.0,76.6,intenso,mantener,2565.9,192.4,256.6,85.5
65,mujer,176.8,93.5,moderado,mantener,2408.7,180.7,240.9,80.3
59,hombre,178.6,94.3,moderado,subir,3142.3,235.7,314.2,104.7
25,hombre,194.3,95.1,intenso,bajar,3028.3,227.1,302.8,100.9
50,mujer,163.8,55.4,muy_intenso,subir,2616.8,196.3,261.7,87.2
65,mujer,157.8,106.2,sedentario,subir,2274.7,170.6,227.5,75.8
42,mujer,194.1,88.1,ligero,mantener,2369.3,177.7,236.9,79.0
45,hombre,191.5,49.6,ligero,subir,2425.2,181.9,242.5,80.8
20,hombre,154.3,52.4,intenso,subir,2803.6,210.3,280.4,93.5
41,mujer,155.3,67.2,moderado,subir,2378.8,178.4,237.9,79.3
26,mujer,187.9,59.0,moderado,subir,2683.7,201.3,268.4,89.5
48,hombre,194.3,69.9,intenso,subir,3295.2,247.1,329.5,109.8
41,hombre,177.0,48.0,ligero,mantener,1906.1,143.0,190.6,63.5
31,hombre,179.3,48.0,ligero,subir,2394.6,179.6,239.5,79.8
46,mujer,189.9,61.9,sedentario,subir,2097.8,157.3,209.8,69.9
23,hombre,157.8,48.7,intenso,subir,2751.6,206.4,275.2,91.7
54,hombre,191.1,69.4,sedentario,subir,2348.1,176.1,234.8,78.3
32,mujer,152.5,81.3,muy_intenso,bajar,2245.7,168.4,224.6,74.9
22,mujer,191.2,94.5,ligero,bajar,2069.9,155.2,207.0,69.0
40,mujer,156.2,58.7,muy_intenso,mantener,2284.3,171.3,228.4,76.1
52,hombre,172.0,76.1,intenso,subir,3127.2,234.5,312.7,104.2
46,hombre,169.1,81.9,ligero,bajar,1770.0,132.7,177.0,59.0
35,hombre,171.7,46.5,moderado,mantener,2120.6,159.0,212.1,70.7
36,hombre,160.9,75.5,ligero,mantener,2180.2,163.5,218.0,72.7
39,hombre,170.4,55.0,sedentario,subir,2110.0,158.2,211.0,70.3
30,mujer,179.8,56.2,intenso,mantener,2371.4,177.9,237.1,79.0
38,hombre,176.0,53.4,muy_intenso,mantener,2753.1,206.5,275.3,91.8
21,hombre,181.8,91.4,moderado,mantener,3022.9,226.7,302.3,100.8
56,mujer,164.7,102.9,ligero,mantener,2223.9,166.8,222.4,74.1
41,hombre,179.8,60.2,sedentario,mantener,1830.9,137.3,183.1,61.0
31,mujer,160.8,64.6,sedentario,mantener,1602.0,120.1,160.2,53.4
65,mujer,190.6,53.9,ligero,mantener,1710.8,128.3,171.1,57.0
54,hombre,165.5,45.9,muy_intenso,bajar,1833.9,137.5,183.4,61.1
27,mujer,170.5,57.7,intenso,bajar,1822.9,136.7,182.3,60.8
52,hombre,190.9,75.8,moderado,subir,3029.0,227.2,302.9,101.0
19,mujer,159.6,76.2,intenso,bajar,2093.5,157.0,209.4,69.8
46,mujer,161.5,52.2,intenso,subir,2367.1,177.5,236.7,78.9
25,hombre,158.0,68.8,sedentario,subir,2266.6,170.0,226.7,75.6
46,mujer,189.5,108.9,moderado,subir,3317.7,248.8,331.8,110.6
29,hombre,187.2,63.8,sedentario,bajar,1501.6,112.6,150.2,50.1
31,hombre,153.0,64.5,moderado,mantener,2249.4,168.7,224.9,75.0
56,mujer,164.8,61.8,muy_intenso,subir,2693.3,202.0,269.3,89.8
59,hombre,163.6,61.0,sedentario,subir,2011.0,150.8,201.1,67.0
37,mujer,169.4,79.1,moderado,mantener,2330.8,174.8,233.1,77.7
47,hombre,194.2,93.4,muy_intenso,bajar,3143.7,235.8,314.4,104.8
36,mujer,188.7,94.5,sedentario,subir,2540.0,190.5,254.0,84.7
32,mujer,175.7,97.3,moderado,subir,3112.7,233.5,311.3,103.8
49,hombre,163.8,58.7,muy_intenso,bajar,2104.4,157.8,210.4,70.1
54,mujer,193.4,59.1,ligero,mantener,1882.0,141.2,188.2,62.7
56,mujer,168.2,87.4,sedentario,mantener,1781.1,133.6,178.1,59.4
43,mujer,194.8,65.2,intenso,subir,2976.3,223.2,297.6,99.2
41,mujer,175.1,65.0,intenso,bajar,1877.7,140.8,187.8,62.6
20,hombre,159.4,94.5,ligero,mantener,2538.6,190.4,253.9,84.6
50,hombre,177.7,87.5,ligero,bajar,1893.4,142.0,189.3,63.1
60,mujer,168.3,46.1,intenso,mantener,1814.5,136.1,181.4,60.5
23,mujer,161.2,68.1,sedentario,subir,2095.0,157.1,209.5,69.8
22,mujer,154.1,105.5,ligero,subir,2802.3,210.2,280.2,93.4
38,mujer,180.9,86.4,muy_intenso,bajar,2622.9,196.7,262.3,87.4
62,mujer,170.0,79.4,sedentario,bajar,1200,90.0,120.0,40.0
51,hombre,188.2,100.0,muy_intenso,bajar,3159.9,237.0,316.0,105.3
54,hombre,178.4,94.6,ligero,bajar,1969.5,147.7,197.0,65.7
18,mujer,190.7,59.2,intenso,subir,3044.2,228.3,304.4,101.5
21,mujer,191.7,61.6,sedentario,subir,2257.8,169.3,225.8,75.3
63,hombre,158.9,55.6,sedentario,bajar,1200,90.0,120.0,40.0
35,hombre,162.4,86.5,muy_intenso,bajar,2749.0,206.2,274.9,91.6
56,mujer,179.0,58.1,intenso,mantener,2171.3,162.9,217.1,72.4
57,hombre,168.0,98.5,ligero,mantener,2413.1,181.0,241.3,80.4
28,hombre,163.1,93.9,ligero,mantener,2507.1,188.0,250.7,83.6
54,hombre,150.1,50.2,muy_intenso,subir,2632.7,197.5,263.3,87.8
50,mujer,156.9,67.1,ligero,subir,2105.9,157.9,210.6,70.2
62,hombre,168.1,81.0,muy_intenso,mantener,2955.7,221.7,295.6,98.5
21,mujer,166.9,78.2,muy_intenso,subir,3362.3,252.2,336.2,112.1
34,mujer,160.5,53.0,intenso,subir,2473.7,185.5,247.4,82.5
50,hombre,172.2,88.5,muy_intenso,mantener,3260.9,244.6,326.1,108.7
56,hombre,182.5,98.7,muy_intenso,bajar,3020.0,226.5,302.0,100.7
32,mujer,158.4,68.3,ligero,bajar,1359.0,101.9,135.9,45.3
52,hombre,164.4,84.9,intenso,bajar,2297.1,172.3,229.7,76.6
48,hombre,184.6,66.2,ligero,bajar,1673.5,125.5,167.4,55.8
62,mujer,183.4,81.5,moderado,mantener,2309.9,173.2,231.0,77.0
22,hombre,180.0,95.3,intenso,bajar,2903.4,217.8,290.3,96.8
35,hombre,154.5,67.2,moderado,mantener,2274.8,170.6,227.5,75.8
52,mujer,180.7,80.5,sedentario,mantener,1816.0,136.2,181.6,60.5
41,mujer,164.0,74.9,ligero,mantener,1936.0,145.2,193.6,64.5
49,mujer,153.2,94.0,sedentario,subir,2189.8,164.2,219.0,73.0
30,mujer,162.9,68.0,sedentario,subir,2064.6,154.8,206.5,68.8
65,hombre,170.0,95.6,moderado,mantener,2632.7,197.5,263.3,87.8
59,mujer,163.7,72.8,moderado,subir,2407.4,180.6,240.7,80.2
29,hombre,167.8,49.5,ligero,subir,2330.2,174.8,233.0,77.7
60,mujer,185.6,100.5,moderado,subir,3041.2,228.1,304.1,101.4
40,hombre,186.5,54.6,intenso,subir,3016.2,226.2,301.6,100.5
41,mujer,183.8,48.9,ligero,bajar,1248.7,93.6,124.9,41.6
40,hombre,176.4,73.3,muy_intenso,subir,3516.9,263.8,351.7,117.2
51,mujer,174.2,101.1,ligero,mantener,2315.2,173.6,231.5,77.2
58,mujer,190.9,72.0,ligero,subir,2410.4,180.8,241.0,80.3
39,hombre,191.9,100.2,moderado,subir,3517.6,263.8,351.8,117.3
43,mujer,168.2,73.5,intenso,mantener,2432.7,182.5,243.3,81.1
