edad,altura_cm,peso_kg,sexo_hombre,sexo_mujer,nivel_actividad_intenso,nivel_actividad_ligero,nivel_actividad_moderado,nivel_actividad_muy_intenso,nivel_actividad_sedentario,objetivo_bajar,objetivo_mantener,objetivo_subir
-0.3406353050436334,1.0696610877256305,0.23530221656340647,1.0,0.0,0.0,1.0,0.0,0.0,0.0,0.0,1.0,0.0
0.23996006745275852,0.6815385718065895,-0.03398760724214676,0.0,1.0,0.0,0.0,0.0,0.0,1.0,0.0,1.0,0.0
1.3285763908834933,-1.1373100812257815,0.2999317742767394,1.0,0.0,0.0,0.0,1.0,0.0,0.0,1.0,0.0,0.0
0.8931298615111994,0.6358770993455262,-0.23864787333436704,1.0,0.0,0.0,1.0,0.0,0.0,0.0,0.0,1.0,0.0
0.3851089105768565,0.027057466531343596,0.7738818641745129,1.0,0.0,0.0,0.0,0.0,1.0,0.0,1.0,0.0,0.0
-1.5018260500364171,1.351240167902189,-0.9711161940854715,0.0,1.0,1.0,0.0,0.0,0.0,0.0,0.0,0.0,1.0
-0.7035074128538783,-0.1708089141332675,-0.8310854857065841,0.0,1.0,0.0,0.0,0.0,1.0,0.0,0.0,1.0,0.0
0.16738564589070953,-1.030766645483299,1.6786956721611723,1.0,0.0,0.0,1.0,0.0,0.0,0.0,0.0,1.0,0.0
-0.8486562559779763,1.6860909659499899,-0.5348666795204756,0.0,1.0,1.0,0.0,0.0,0.0,0.0,1.0,0.0,0.0
-1.4292516284743682,-0.7415773198965636,-1.3588935403654683,1.0,0.0,1.0,0.0,0.0,0.0,0.0,0.0,1.0,0.0
-0.9212306775400253,-1.6548067691178376,-1.6066401782665773,0.0,1.0,1.0,0.0,0.0,0.0,0.0,0.0,1.0,0.0
-0.48578414816773136,-1.1144793449952488,0.15990106589785202,1.0,0.0,0.0,0.0,0.0,0.0,1.0,0.0,0.0,1.0
1.1834275477593954,1.3892913949530754,-1.4504520804593566,1.0,0.0,0.0,0.0,1.0,0.0,0.0,0.0,0.0,1.0
1.2560019693214444,1.3892913949530754,-0.4917803077115872,0.0,1.0,0.0,0.0,1.0,0.0,0.0,0.0,1.0,0.0
-0.3406353050436334,1.031609860674744,1.1508876175022873,0.0,1.0,0.0,0.0,1.0,0.0,0.0,0.0,0.0,1.0
0.16738564589070953,-1.1753613082766678,0.47766305798840436,1.0,0.0,0.0,0.0,0.0,1.0,0.0,0.0,1.0,0.0
1.3285763908834933,-0.20886014118415389,1.5386649637822842,0.0,1.0,0.0,0.0,1.0,0.0,0.0,0.0,1.0,0.0
-0.7035074128538783,-1.5178223517346456,0.1922158447545181,0.0,1.0,0.0,0.0,0.0,1.0,0.0,1.0,0.0,0.0
1.0382787046352975,0.772861516728716,-0.5079376971399202,1.0,0.0,1.0,0.0,0.0,0.0,0.0,0.0,0.0,1.0
0.022236802766611552,0.6054361177048166,0.816968235983402,1.0,0.0,0.0,0.0,0.0,1.0,0.0,0.0,1.0,0.0
-0.3406353050436334,0.8337434800101351,0.41841929675118295,1.0,0.0,0.0,0.0,1.0,0.0,0.0,0.0,1.0,0.0
-0.05033761879543743,0.34668777375878856,-1.601254381790466,1.0,0.0,0.0,1.0,0.0,0.0,0.0,0.0,1.0,0.0
-0.3406353050436334,-0.33823431315716684,0.06834252580396377,1.0,0.0,0.0,1.0,0.0,0.0,0.0,0.0,1.0,0.0
1.1834275477593954,0.4227902278605614,-1.6335691606471325,0.0,1.0,0.0,0.0,0.0,0.0,1.0,0.0,1.0,0.0
0.6028321752630035,1.0848815785459842,0.45611987208396054,1.0,0.0,0.0,0.0,0.0,0.0,1.0,1.0,0.0,0.0
0.6028321752630035,1.4425631128243177,1.1993597857872873,1.0,0.0,0.0,0.0,1.0,0.0,0.0,0.0,1.0,0.0
0.3125344890148075,0.894625443291552,0.2514596059917403,0.0,1.0,1.0,0.0,0.0,0.0,0.0,0.0,0.0,1.0
-1.0663795206641233,0.2629750742468389,-0.16863251914492336,1.0,0.0,0.0,0.0,0.0,1.0,0.0,0.0,1.0,0.0
0.4576833321389055,1.6632602297194594,-0.42176495352214277,1.0,0.0,1.0,0.0,0.0,0.0,0.0,0.0,0.0,1.0
-0.19548646191953542,-0.8252900194085133,-0.6425826090426968,0.0,1.0,0.0,1.0,0.0,0.0,0.0,0.0,1.0,0.0
0.022236802766611552,-0.8709514918695765,1.5602081496867288,1.0,0.0,0.0,0.0,1.0,0.0,0.0,1.0,0.0,0.0
1.1108531261973464,-0.42955725807929335,-0.6048820337099192,0.0,1.0,0.0,0.0,1.0,0.0,0.0,1.0,0.0,0.0
1.4737252340075913,-0.5817621662828389,0.5207494297972934,0.0,1.0,0.0,1.0,0.0,0.0,0.0,1.0,0.0,0.0
1.4737252340075913,-0.36867529479787636,-0.023216014289924473,1.0,0.0,0.0,0.0,1.0,0.0,0.0,0.0,1.0,0.0
-1.3566772069123192,-0.7035260928456772,-0.7395269456126958,1.0,0.0,0.0,0.0,0.0,0.0,1.0,0.0,0.0,1.0
1.1108531261973464,-1.5634838241957087,0.0037129680906308484,0.0,1.0,0.0,0.0,1.0,0.0,0.0,0.0,1.0,0.0
-0.2680608834815844,1.343629922492012,-0.7072121667560298,1.0,0.0,0.0,0.0,0.0,0.0,1.0,1.0,0.0,0.0
1.0382787046352975,0.25536482883666206,-1.574325399409911,1.0,0.0,0.0,0.0,0.0,1.0,0.0,1.0,0.0,0.0
-0.9212306775400253,1.221865995929176,1.3555478835945085,1.0,0.0,1.0,0.0,0.0,0.0,0.0,1.0,0.0,0.0
-0.48578414816773136,-0.3762855402080532,0.40764770379896065,0.0,1.0,0.0,0.0,0.0,1.0,0.0,1.0,0.0,0.0
0.6754065968250524,-1.373227688941277,1.4255632377839522,1.0,0.0,0.0,0.0,0.0,0.0,1.0,0.0,1.0,0.0
1.6914484986937381,0.23253409260612937,-0.8041565033260288,0.0,1.0,1.0,0.0,0.0,0.0,0.0,0.0,0.0,1.0
-0.19548646191953542,-1.2590740077886176,1.0485574844561776,0.0,1.0,0.0,0.0,0.0,0.0,1.0,0.0,0.0,1.0
-0.7760818344159273,1.3969016403632544,-1.5366248240771332,1.0,0.0,0.0,0.0,1.0,0.0,0.0,1.0,0.0,0.0
-0.19548646191953542,1.0696610877256305,0.24607380951562874,0.0,1.0,0.0,0.0,0.0,0.0,1.0,0.0,0.0,1.0
0.16738564589070953,1.0696610877256305,0.34301814608562775,1.0,0.0,0.0,1.0,0.0,0.0,0.0,0.0,1.0,0.0
0.6028321752630035,-0.3915060310284069,-1.5904827888382438,1.0,0.0,0.0,1.0,0.0,0.0,0.0,0.0,1.0,0.0
-0.3406353050436334,-0.4752187305403588,0.9569989443622894,0.0,1.0,0.0,0.0,1.0,0.0,0.0,0.0,1.0,0.0
-0.6309329912918293,1.5034450761057347,-1.3588935403654683,0.0,1.0,0.0,0.0,0.0,1.0,0.0,1.0,0.0,0.0
0.9657042830732484,-0.4980494667708893,-1.5850969923621332,0.0,1.0,0.0,1.0,0.0,0.0,0.0,0.0,0.0,1.0
-0.5583585697297804,-1.099258854174895,-1.4827668593160226,0.0,1.0,0.0,0.0,0.0,1.0,0.0,0.0,0.0,1.0
0.6028321752630035,-0.6350338841540812,1.2316745646439533,0.0,1.0,1.0,0.0,0.0,0.0,0.0,1.0,0.0,0.0
1.4011508124455423,-1.2895149894293272,-0.6964405738038075,0.0,1.0,1.0,0.0,0.0,0.0,0.0,0.0,0.0,1.0
-1.574400471598466,0.6510975901658799,0.3268607566572947,0.0,1.0,1.0,0.0,0.0,0.0,0.0,0.0,1.0,0.0
1.1834275477593954,1.10010206936634,0.12220049056507441,0.0,1.0,0.0,0.0,0.0,1.0,0.0,1.0,0.0,0.0
1.5462996555696402,-1.4797711246837593,-1.4773810628399118,0.0,1.0,0.0,0.0,1.0,0.0,0.0,0.0,1.0,0.0
0.8931298615111994,-0.9242232097408167,-1.4019799121743566,1.0,0.0,0.0,0.0,0.0,0.0,1.0,0.0,0.0,1.0
-0.8486562559779763,-0.8861719826899302,0.978542130266734,0.0,1.0,0.0,0.0,0.0,1.0,0.0,0.0,1.0,0.0
-0.6309329912918293,1.6099885118482171,0.8869835901728457,0.0,1.0,0.0,0.0,1.0,0.0,0.0,0.0,1.0,0.0
1.1108531261973464,-0.650254374974435,-0.6802831843754744,0.0,1.0,1.0,0.0,0.0,0.0,0.0,0.0,1.0,0.0
0.8931298615111994,-0.48282897595053564,1.172430803406732,1.0,0.0,0.0,0.0,0.0,0.0,1.0,0.0,1.0,0.0
-0.5583585697297804,0.7652512713185391,0.3753329249422946,1.0,0.0,0.0,0.0,0.0,0.0,1.0,0.0,1.0,0.0
-0.6309329912918293,-0.8937822281001093,1.570979742638951,0.0,1.0,0.0,0.0,0.0,1.0,0.0,0.0,1.0,0.0
-0.48578414816773136,-1.502601860914292,-1.741285090169354,1.0,0.0,1.0,0.0,0.0,0.0,0.0,0.0,1.0,0.0
0.6028321752630035,1.15337378723758,-1.2188628319865804,0.0,1.0,1.0,0.0,0.0,0.0,0.0,1.0,0.0,0.0
-0.3406353050436334,-0.5589314300523085,1.5117359814017288,1.0,0.0,0.0,1.0,0.0,0.0,0.0,1.0,0.0,0.0
0.6754065968250524,-0.3458445585673437,1.441720627212285,1.0,0.0,0.0,0.0,1.0,0.0,0.0,0.0,0.0,1.0
-0.6309329912918293,-0.9166129643306399,1.0701006703606215,0.0,1.0,0.0,0.0,0.0,0.0,1.0,0.0,1.0,0.0
1.2560019693214444,-1.1220895904054278,-1.741285090169354,1.0,0.0,0.0,0.0,0.0,0.0,1.0,0.0,0.0,1.0
0.09481122432866054,-1.167751062866491,-0.8041565033260288,1.0,0.0,0.0,0.0,1.0,0.0,0.0,0.0,0.0,1.0
-1.4292516284743682,1.6632602297194594,-0.6587399984710299,0.0,1.0,0.0,0.0,1.0,0.0,0.0,0.0,0.0,1.0
0.6754065968250524,-0.35345480397752055,1.4632638131167297,1.0,0.0,0.0,1.0,0.0,0.0,0.0,0.0,1.0,0.0
-0.4132097266056824,-1.297125234839504,0.9893137232189555,0.0,1.0,0.0,0.0,0.0,0.0,1.0,0.0,0.0,1.0
0.5302577537009545,-0.6045929025133717,0.5369068192256266,1.0,0.0,0.0,1.0,0.0,0.0,0.0,1.0,0.0,0.0
0.23996006745275852,0.772861516728716,1.527893370830062,0.0,1.0,0.0,1.0,0.0,0.0,0.0,1.0,0.0,0.0
1.2560019693214444,-1.3656174435311,-1.1650048672254698,0.0,1.0,0.0,1.0,0.0,0.0,0.0,0.0,1.0,0.0
-1.574400471598466,-0.9470539459713494,1.2639893435006202,1.0,0.0,0.0,0.0,0.0,0.0,1.0,1.0,0.0,0.0
0.16738564589070953,1.5643270393871538,1.5494365567345065,1.0,0.0,0.0,0.0,0.0,1.0,0.0,0.0,1.0,0.0
0.7479810183871014,1.4577836036446714,-1.4719952663638007,0.0,1.0,0.0,0.0,0.0,0.0,1.0,0.0,0.0,1.0
-0.3406353050436334,-1.099258854174895,0.1275862870411852,1.0,0.0,0.0,1.0,0.0,0.0,0.0,0.0,0.0,1.0
0.7479810183871014,0.2781955650671926,1.447106423688396,0.0,1.0,0.0,0.0,0.0,0.0,1.0,0.0,0.0,1.0
0.8205554399491504,0.11838041145347013,0.38071872141840535,1.0,0.0,0.0,0.0,0.0,1.0,0.0,0.0,1.0,0.0
1.2560019693214444,-0.04904498757042922,-0.27634844866714464,0.0,1.0,0.0,0.0,0.0,0.0,1.0,0.0,1.0,0.0
-0.2680608834815844,1.1838147688782896,-0.5402524759965863,0.0,1.0,0.0,0.0,1.0,0.0,0.0,1.0,0.0,0.0
-1.4292516284743682,-0.1175371962620252,0.3861045178945169,0.0,1.0,0.0,0.0,0.0,0.0,1.0,1.0,0.0,0.0
0.4576833321389055,-1.616755542066951,-0.9011008398960278,0.0,1.0,0.0,0.0,0.0,0.0,1.0,1.0,0.0,0.0
0.4576833321389055,-1.624365787477128,1.4578780166406182,0.0,1.0,0.0,0.0,0.0,0.0,1.0,0.0,0.0,1.0
-0.8486562559779763,-0.15558842331291162,0.03064195047118617,1.0,0.0,0.0,0.0,0.0,1.0,0.0,0.0,1.0,0.0
1.0382787046352975,-0.4676084851301798,1.2586035470245087,1.0,0.0,0.0,0.0,0.0,0.0,1.0,1.0,0.0,0.0
0.23996006745275852,0.6510975901658799,-0.29789163457158846,0.0,1.0,0.0,1.0,0.0,0.0,0.0,1.0,0.0,0.0
0.9657042830732484,-0.1708089141332675,0.06834252580396377,1.0,0.0,0.0,1.0,0.0,0.0,0.0,0.0,0.0,1.0
-0.5583585697297804,0.4684517003216247,0.6984807135089585,1.0,0.0,1.0,0.0,0.0,0.0,0.0,1.0,0.0,0.0
-0.2680608834815844,-0.15558842331291162,-0.7287553526604735,0.0,1.0,0.0,0.0,0.0,1.0,0.0,1.0,0.0,0.0
-1.646974893160515,-0.9013924735102862,0.43996248265562754,0.0,1.0,0.0,1.0,0.0,0.0,0.0,1.0,0.0,0.0
-0.05033761879543743,-0.24691136823504028,0.20298743770674038,0.0,1.0,0.0,0.0,0.0,0.0,1.0,0.0,0.0,1.0
1.3285763908834933,-1.624365787477128,-0.5671814583771416,0.0,1.0,0.0,1.0,0.0,0.0,0.0,0.0,0.0,1.0
0.8205554399491504,-1.2210227807377312,1.5171217778778403,1.0,0.0,0.0,0.0,0.0,1.0,0.0,0.0,0.0,1.0
0.3125344890148075,1.168594278057936,-1.1219184954165815,0.0,1.0,0.0,0.0,1.0,0.0,0.0,0.0,1.0,0.0
0.23996006745275852,0.44562096409109414,0.27300279189618404,0.0,1.0,0.0,0.0,0.0,1.0,0.0,0.0,0.0,1.0
-0.7035074128538783,-0.32301382233681314,-1.0788321236076928,1.0,0.0,1.0,0.0,0.0,0.0,0.0,1.0,0.0,0.0
-0.4132097266056824,-1.4645506338634056,-1.741285090169354,0.0,1.0,0.0,0.0,1.0,0.0,0.0,0.0,1.0,0.0
-0.7035074128538783,-0.2773523498757477,-0.24941946628658931,1.0,0.0,1.0,0.0,0.0,0.0,0.0,1.0,0.0,0.0
0.022236802766611552,-0.3154035769266341,1.2155171752156204,1.0,0.0,0.0,0.0,1.0,0.0,0.0,1.0,0.0,0.0
0.3125344890148075,-1.6395862782974817,-1.5904827888382438,1.0,0.0,0.0,0.0,0.0,0.0,1.0,0.0,1.0,0.0
-1.2841027853502702,0.6054361177048166,-1.7089703113126875,0.0,1.0,0.0,0.0,0.0,0.0,1.0,0.0,0.0,1.0
-0.48578414816773136,1.7089217021805225,0.5853789875106257,0.0,1.0,1.0,0.0,0.0,0.0,0.0,1.0,0.0,0.0
-1.2841027853502702,-0.20886014118415389,-1.0842179200838038,0.0,1.0,0.0,0.0,0.0,1.0,0.0,1.0,0.0,0.0
1.3285763908834933,1.0772713331358073,1.301689918833398,1.0,0.0,0.0,1.0,0.0,0.0,0.0,0.0,1.0,0.0
-0.5583585697297804,0.46084145491144785,-0.7125979632321405,1.0,0.0,0.0,0.0,0.0,1.0,0.0,1.0,0.0,0.0
-1.646974893160515,-1.5406530879651783,-1.251177610843247,1.0,0.0,0.0,0.0,0.0,1.0,0.0,0.0,1.0,0.0
-0.48578414816773136,0.14121114768400284,0.04141354342340845,0.0,1.0,0.0,0.0,0.0,1.0,0.0,1.0,0.0,0.0
-0.6309329912918293,-1.6548067691178376,-1.1326900883688034,0.0,1.0,0.0,0.0,0.0,1.0,0.0,0.0,1.0,0.0
-1.3566772069123192,0.21731360178577566,0.36994712846618305,0.0,1.0,0.0,1.0,0.0,0.0,0.0,0.0,0.0,1.0
-1.3566772069123192,0.49128243655215736,-0.4540797323788096,1.0,0.0,0.0,0.0,1.0,0.0,0.0,1.0,0.0,0.0
-1.2841027853502702,-1.3580071981209232,0.3160891637050724,0.0,1.0,0.0,1.0,0.0,0.0,0.0,0.0,0.0,1.0
-1.646974893160515,-0.5589314300523085,-1.5204674346488003,1.0,0.0,0.0,0.0,1.0,0.0,0.0,0.0,0.0,1.0
1.0382787046352975,-0.08709621462131564,-0.4917803077115872,1.0,0.0,0.0,0.0,0.0,1.0,0.0,1.0,0.0,0.0
0.6028321752630035,0.6891488172167664,-0.9280298222765831,0.0,1.0,0.0,1.0,0.0,0.0,0.0,0.0,0.0,1.0
-0.7035074128538783,-0.41433676725893964,0.6284653593195147,1.0,0.0,1.0,0.0,0.0,0.0,0.0,1.0,0.0,0.0
-0.9212306775400253,-0.5741519208726621,-1.3211929650326906,0.0,1.0,0.0,0.0,0.0,0.0,1.0,0.0,0.0,1.0
1.5462996555696402,-0.6654748657947909,-0.03937340371825751,1.0,0.0,1.0,0.0,0.0,0.0,0.0,1.0,0.0,0.0
1.1108531261973464,0.44562096409109414,-0.7179837597082513,0.0,1.0,0.0,1.0,0.0,0.0,0.0,0.0,0.0,1.0
-0.2680608834815844,-1.3199559710700366,-0.7179837597082513,1.0,0.0,0.0,0.0,0.0,0.0,1.0,0.0,1.0,0.0
-1.574400471598466,-0.43716750348947236,-0.7179837597082513,0.0,1.0,0.0,0.0,0.0,1.0,0.0,0.0,0.0,1.0
0.7479810183871014,-1.3427867073005673,1.7163962474939491,1.0,0.0,1.0,0.0,0.0,0.0,0.0,0.0,1.0,0.0
-0.19548646191953542,-1.1525305720461352,0.8654404042684012,0.0,1.0,0.0,0.0,1.0,0.0,0.0,0.0,0.0,1.0
1.4737252340075913,0.8870151978813752,1.6356093003522831,0.0,1.0,0.0,1.0,0.0,0.0,0.0,0.0,1.0,0.0
1.1834275477593954,-1.4645506338634056,1.1347302280739544,1.0,0.0,0.0,0.0,1.0,0.0,0.0,0.0,0.0,1.0
0.3851089105768565,-0.20124989577397487,0.9246841655056233,0.0,1.0,0.0,0.0,0.0,0.0,1.0,0.0,0.0,1.0
1.1108531261973464,-0.4219470126691165,-0.744912742088807,1.0,0.0,0.0,0.0,0.0,1.0,0.0,1.0,0.0,0.0
1.2560019693214444,0.36190826457914227,-0.050144996670479794,1.0,0.0,0.0,0.0,0.0,1.0,0.0,1.0,0.0,0.0
-0.05033761879543743,0.30102630129772534,-0.39483597114158747,1.0,0.0,0.0,1.0,0.0,0.0,0.0,0.0,0.0,1.0
-1.574400471598466,-1.4797711246837593,0.3484039425617393,0.0,1.0,0.0,0.0,0.0,1.0,0.0,0.0,1.0,0.0
-0.05033761879543743,-1.6319760328873048,1.6463808933045054,1.0,0.0,0.0,0.0,0.0,1.0,0.0,0.0,1.0,0.0
-1.3566772069123192,1.5567167939769768,-1.4881526557921336,0.0,1.0,0.0,1.0,0.0,0.0,0.0,0.0,1.0,0.0
0.23996006745275852,1.6480397388991035,1.732553636922283,0.0,1.0,0.0,0.0,1.0,0.0,0.0,0.0,1.0,0.0
-0.48578414816773136,0.5217234181928669,1.2801467329289533,0.0,1.0,0.0,1.0,0.0,0.0,0.0,1.0,0.0,0.0
-1.646974893160515,-1.5710940696058857,-1.2027054425582475,0.0,1.0,1.0,0.0,0.0,0.0,0.0,1.0,0.0,0.0
1.1834275477593954,-0.2773523498757477,0.20298743770674038,1.0,0.0,0.0,0.0,1.0,0.0,0.0,0.0,0.0,1.0
0.6028321752630035,-0.12514744167220204,1.3986342554033968,0.0,1.0,0.0,0.0,1.0,0.0,0.0,0.0,1.0,0.0
-1.574400471598466,-1.616755542066951,-1.003430972942138,0.0,1.0,0.0,0.0,0.0,0.0,1.0,0.0,1.0,0.0
1.6914484986937381,-1.1144793449952488,1.5332791673061734,0.0,1.0,0.0,0.0,0.0,0.0,1.0,0.0,0.0,1.0
-0.48578414816773136,1.2142557505189993,1.570979742638951,1.0,0.0,0.0,0.0,0.0,1.0,0.0,1.0,0.0,0.0
1.4737252340075913,1.5871577756176865,-0.2925058380954777,0.0,1.0,0.0,0.0,1.0,0.0,0.0,1.0,0.0,0.0
0.4576833321389055,-0.3458445585673437,-1.676655532456021,1.0,0.0,1.0,0.0,0.0,0.0,0.0,0.0,1.0,0.0
0.7479810183871014,1.15337378723758,0.994699519695067,0.0,1.0,0.0,1.0,0.0,0.0,0.0,0.0,0.0,1.0
1.0382787046352975,1.419732376593785,1.570979742638951,1.0,0.0,0.0,0.0,0.0,1.0,0.0,0.0,0.0,1.0
0.09481122432866054,0.11077016604329327,1.2424461575961756,1.0,0.0,1.0,0.0,0.0,0.0,0.0,1.0,0.0,0.0
0.09481122432866054,-0.32301382233681314,-0.22787628038214477,0.0,1.0,1.0,0.0,0.0,0.0,0.0,0.0,1.0,0.0
1.4737252340075913,0.14121114768400284,-1.0465173447510268,1.0,0.0,0.0,1.0,0.0,0.0,0.0,0.0,1.0,0.0
1.4737252340075913,0.7956922529592487,1.2155171752156204,1.0,0.0,0.0,0.0,0.0,1.0,0.0,0.0,1.0,0.0
-1.2115283637882213,1.351240167902189,-0.26557685571492234,1.0,0.0,0.0,0.0,0.0,1.0,0.0,0.0,1.0,0.0
1.3285763908834933,-1.2742944986089735,0.08988571170840834,1.0,0.0,0.0,0.0,1.0,0.0,0.0,1.0,0.0,0.0
-0.6309329912918293,0.14121114768400284,-1.7143561077887985,1.0,0.0,1.0,0.0,0.0,0.0,0.0,0.0,1.0,0.0
-1.1389539422261723,1.1914250142884666,-0.8687860610393613,0.0,1.0,0.0,0.0,0.0,1.0,0.0,1.0,0.0,0.0
1.6188740771316892,-0.650254374974435,1.3232331047378416,1.0,0.0,0.0,0.0,0.0,1.0,0.0,0.0,1.0,0.0
1.4011508124455423,-1.228633026147908,-0.6802831843754744,1.0,0.0,0.0,1.0,0.0,0.0,0.0,0.0,1.0,0.0
-0.4132097266056824,-1.1068690995850718,-0.7018263702799182,1.0,0.0,0.0,1.0,0.0,0.0,0.0,0.0,0.0,1.0
1.4737252340075913,-0.18602940495362116,0.08988571170840834,0.0,1.0,0.0,0.0,0.0,0.0,1.0,1.0,0.0,0.0
-0.7035074128538783,1.4045118857734313,1.043171687980066,1.0,0.0,1.0,0.0,0.0,0.0,0.0,1.0,0.0,0.0
0.022236802766611552,-1.0916486087647181,1.075486466836733,0.0,1.0,0.0,0.0,0.0,1.0,0.0,1.0,0.0,0.0
-0.6309329912918293,-1.3427867073005673,-1.1003753095121374,0.0,1.0,0.0,1.0,0.0,0.0,0.0,0.0,0.0,1.0
0.09481122432866054,-1.2058022899173775,-0.594110440757697,0.0,1.0,0.0,0.0,0.0,0.0,1.0,0.0,1.0,0.0
1.3285763908834933,0.3314672829384349,1.1778165998828427,0.0,1.0,0.0,0.0,1.0,0.0,0.0,0.0,0.0,1.0
0.5302577537009545,0.8641844616508446,0.7254096958895138,1.0,0.0,0.0,0.0,1.0,0.0,0.0,1.0,0.0,0.0
-0.19548646191953542,0.0042267303008108855,-1.148847477797137,0.0,1.0,1.0,0.0,0.0,0.0,0.0,0.0,1.0,0.0
1.1834275477593954,-0.30779333151645727,-0.5187092900921425,0.0,1.0,0.0,1.0,0.0,0.0,0.0,1.0,0.0,0.0
0.3851089105768565,-0.7415773198965636,0.16528686237396278,0.0,1.0,0.0,1.0,0.0,0.0,0.0,1.0,0.0,0.0
-0.6309329912918293,-0.3001830861062804,1.447106423688396,1.0,0.0,0.0,0.0,0.0,0.0,1.0,0.0,1.0,0.0
-0.7035074128538783,1.412122131183608,-0.12554614733603423,0.0,1.0,0.0,0.0,0.0,0.0,1.0,0.0,0.0,1.0
1.1834275477593954,0.8641844616508446,0.6015363769389594,0.0,1.0,0.0,0.0,1.0,0.0,0.0,1.0,0.0,0.0
-0.05033761879543743,1.6480397388991035,-0.8903292469438056,0.0,1.0,0.0,0.0,1.0,0.0,0.0,0.0,1.0,0.0
1.5462996555696402,1.10010206936634,1.5225075743539511,0.0,1.0,1.0,0.0,0.0,0.0,0.0,0.0,1.0,0.0
1.4011508124455423,1.358850413312368,-1.4666094698876895,1.0,0.0,0.0,0.0,0.0,0.0,1.0,0.0,0.0,1.0
-0.6309329912918293,-1.502601860914292,-0.416379157046032,0.0,1.0,0.0,1.0,0.0,0.0,0.0,0.0,1.0,0.0
-0.48578414816773136,1.2675274683902393,1.1131870421695105,0.0,1.0,0.0,0.0,1.0,0.0,0.0,1.0,0.0,0.0
0.9657042830732484,-1.7004682415789008,-0.7879991138976954,1.0,0.0,0.0,0.0,0.0,0.0,1.0,1.0,0.0,0.0
-0.2680608834815844,0.1640418839145334,-0.9657303976093607,0.0,1.0,0.0,0.0,0.0,0.0,1.0,1.0,0.0,0.0
0.3851089105768565,1.4501733582344944,-0.5402524759965863,1.0,0.0,0.0,0.0,0.0,1.0,0.0,0.0,0.0,1.0
-0.3406353050436334,-1.3351764618903903,0.7738818641745129,0.0,1.0,1.0,0.0,0.0,0.0,0.0,0.0,0.0,1.0
0.3851089105768565,1.3360196770818353,0.1922158447545181,0.0,1.0,0.0,0.0,0.0,0.0,1.0,0.0,0.0,1.0
0.8931298615111994,-0.2240806320045076,0.6715517311284032,1.0,0.0,0.0,0.0,1.0,0.0,0.0,0.0,0.0,1.0
-0.48578414816773136,-0.018604005929721827,0.7146381029372915,0.0,1.0,0.0,0.0,1.0,0.0,0.0,0.0,0.0,1.0
1.3285763908834933,0.11838041145347013,0.34301814608562775,0.0,1.0,0.0,0.0,1.0,0.0,0.0,0.0,1.0,0.0
1.2560019693214444,1.4425631128243177,-1.2296344249388027,1.0,0.0,0.0,1.0,0.0,0.0,0.0,0.0,1.0,0.0
0.9657042830732484,0.057498448172051,-0.04475920019436827,1.0,0.0,0.0,1.0,0.0,0.0,0.0,0.0,0.0,1.0
-0.4132097266056824,-0.04143474216025238,-1.3965941156982458,1.0,0.0,0.0,1.0,0.0,0.0,0.0,1.0,0.0,0.0
-0.3406353050436334,-1.5710940696058857,1.6840814686372831,0.0,1.0,0.0,0.0,0.0,1.0,0.0,0.0,0.0,1.0
0.4576833321389055,-1.373227688941277,0.8008108465550682,1.0,0.0,0.0,0.0,1.0,0.0,0.0,1.0,0.0,0.0
-1.3566772069123192,0.3086365467079022,0.14374367646951897,1.0,0.0,1.0,0.0,0.0,0.0,0.0,0.0,0.0,1.0
1.4737252340075913,0.4075697370402077,0.40764770379896065,1.0,0.0,0.0,0.0,1.0,0.0,0.0,0.0,1.0,0.0
0.3851089105768565,0.03466771194152045,1.3770910694989522,0.0,1.0,0.0,0.0,0.0,0.0,1.0,0.0,0.0,1.0
0.6028321752630035,-1.3275662164802136,0.41841929675118295,0.0,1.0,0.0,1.0,0.0,0.0,0.0,0.0,0.0,1.0
0.3851089105768565,-1.0688178725341855,1.043171687980066,1.0,0.0,0.0,0.0,1.0,0.0,0.0,1.0,0.0,0.0
1.2560019693214444,-0.8481207556390439,0.3268607566572947,0.0,1.0,1.0,0.0,0.0,0.0,0.0,1.0,0.0,0.0
0.16738564589070953,0.36190826457914227,1.5925229285433948,1.0,0.0,0.0,1.0,0.0,0.0,0.0,0.0,1.0,0.0
0.9657042830732484,-0.14797817790273476,-1.5527822135054667,0.0,1.0,0.0,0.0,0.0,1.0,0.0,0.0,0.0,1.0
0.4576833321389055,1.10010206936634,0.6338511557956256,0.0,1.0,0.0,0.0,1.0,0.0,0.0,1.0,0.0,0.0
0.9657042830732484,-0.13275768708238106,-0.13093194381214576,1.0,0.0,0.0,0.0,1.0,0.0,0.0,0.0,0.0,1.0
0.23996006745275852,0.8641844616508446,1.1024154492172882,1.0,0.0,0.0,0.0,0.0,0.0,1.0,0.0,0.0,1.0
0.6754065968250524,-0.8100695285881575,0.25684540246785104,1.0,0.0,0.0,1.0,0.0,0.0,0.0,0.0,0.0,1.0
0.7479810183871014,-0.6198133933337254,-1.6120259747426884,0.0,1.0,0.0,0.0,0.0,0.0,1.0,0.0,1.0,0.0
-1.5018260500364171,0.44562096409109414,0.07372832228007453,0.0,1.0,1.0,0.0,0.0,0.0,0.0,1.0,0.0,0.0
-0.9938050991020743,0.6130463631149935,0.5584500051300704,1.0,0.0,0.0,0.0,0.0,0.0,1.0,1.0,0.0,0.0
0.7479810183871014,1.0239996152645672,-0.6695115914232522,1.0,0.0,0.0,0.0,0.0,1.0,0.0,0.0,1.0,0.0
1.5462996555696402,0.6815385718065895,-0.9818877870376937,0.0,1.0,1.0,0.0,0.0,0.0,0.0,0.0,1.0,0.0
-0.6309329912918293,-1.5634838241957087,0.03602774694729769,0.0,1.0,0.0,0.0,0.0,1.0,0.0,0.0,1.0,0.0
-0.2680608834815844,0.8261332345999582,0.8061966430311798,1.0,0.0,0.0,1.0,0.0,0.0,0.0,0.0,0.0,1.0
0.3125344890148075,-0.6806953566151446,-1.7305134972171317,0.0,1.0,0.0,0.0,0.0,0.0,1.0,0.0,0.0,1.0
0.3851089105768565,-1.2438535169682639,-1.2781065932238023,1.0,0.0,0.0,0.0,0.0,1.0,0.0,1.0,0.0,0.0
-1.2841027853502702,0.772861516728716,-1.6928129218843544,0.0,1.0,0.0,1.0,0.0,0.0,0.0,1.0,0.0,0.0
-0.6309329912918293,0.894625443291552,-1.2188628319865804,0.0,1.0,0.0,1.0,0.0,0.0,0.0,0.0,0.0,1.0
0.5302577537009545,-0.23169087741468444,-1.0249741588465822,1.0,0.0,0.0,0.0,0.0,1.0,0.0,0.0,1.0,0.0
0.3125344890148075,-0.8329002648186902,-1.3750509297938014,0.0,1.0,1.0,0.0,0.0,0.0,0.0,0.0,0.0,1.0
-0.5583585697297804,0.3999594916300287,0.7361812888417361,1.0,0.0,0.0,0.0,0.0,0.0,1.0,0.0,0.0,1.0
-0.4132097266056824,1.0087791244442113,-0.08784557200325739,0.0,1.0,1.0,0.0,0.0,0.0,0.0,1.0,0.0,0.0
-0.7760818344159273,-0.1175371962620252,1.172430803406732,0.0,1.0,0.0,1.0,0.0,0.0,0.0,1.0,0.0,0.0
1.4737252340075913,1.678480720539813,-1.665883939503799,0.0,1.0,0.0,0.0,0.0,1.0,0.0,0.0,1.0,0.0
-1.4292516284743682,-0.3915060310284069,-1.2242486284626917,0.0,1.0,0.0,0.0,0.0,1.0,0.0,0.0,1.0,0.0
-1.1389539422261723,-1.1068690995850718,0.28377438484840634,1.0,0.0,0.0,1.0,0.0,0.0,0.0,0.0,0.0,1.0
0.4576833321389055,-1.6015350512465953,0.8546688113161789,0.0,1.0,0.0,0.0,1.0,0.0,0.0,0.0,1.0,0.0
-0.6309329912918293,-0.520880203001422,-1.2296344249388027,1.0,0.0,1.0,0.0,0.0,0.0,0.0,0.0,0.0,1.0
-0.4132097266056824,1.5414963031566211,0.5045920403689597,0.0,1.0,0.0,0.0,0.0,1.0,0.0,0.0,0.0,1.0
0.09481122432866054,-0.7415773198965636,-0.9657303976093607,1.0,0.0,0.0,0.0,0.0,0.0,1.0,0.0,0.0,1.0
-0.6309329912918293,-1.167751062866491,0.3268607566572947,0.0,1.0,1.0,0.0,0.0,0.0,0.0,0.0,1.0,0.0
-0.6309329912918293,-1.1144793449952488,-0.8687860610393613,0.0,1.0,0.0,0.0,1.0,0.0,0.0,1.0,0.0,0.0
0.3125344890148075,1.5338860577464442,0.7200238994134023,0.0,1.0,0.0,1.0,0.0,0.0,0.0,1.0,0.0,0.0
0.8931298615111994,1.3207991862614816,-0.45946552885492037,0.0,1.0,0.0,1.0,0.0,0.0,0.0,0.0,1.0,0.0
1.6188740771316892,1.1762045234681129,-0.5564098654249193,1.0,0.0,0.0,0.0,1.0,0.0,0.0,0.0,1.0,0.0
-0.9938050991020743,0.9022356887017311,0.8815977936967342,1.0,0.0,0.0,0.0,0.0,1.0,0.0,1.0,0.0,0.0
-0.05033761879543743,1.6480397388991035,0.40764770379896065,0.0,1.0,0.0,0.0,0.0,0.0,1.0,0.0,1.0,0.0
-0.4132097266056824,1.343629922492012,-1.3750509297938014,1.0,0.0,0.0,1.0,0.0,0.0,0.0,1.0,0.0,0.0
0.8205554399491504,-0.04904498757042922,-1.0195883623704713,1.0,0.0,1.0,0.0,0.0,0.0,0.0,0.0,1.0,0.0
0.16738564589070953,-1.4417198976328727,-0.319434820476033,1.0,0.0,0.0,0.0,0.0,1.0,0.0,1.0,0.0,0.0
1.1834275477593954,-1.6548067691178376,0.9569989443622894,0.0,1.0,0.0,0.0,0.0,1.0,0.0,0.0,1.0,0.0
-0.2680608834815844,0.31624679211807905,-1.0195883623704713,0.0,1.0,0.0,0.0,0.0,1.0,0.0,0.0,0.0,1.0
-0.05033761879543743,1.5034450761057347,0.9677705373145117,0.0,1.0,1.0,0.0,0.0,0.0,0.0,0.0,0.0,1.0
0.3125344890148075,-1.3427867073005673,1.269375139976731,0.0,1.0,0.0,0.0,1.0,0.0,0.0,0.0,0.0,1.0
0.9657042830732484,-1.1753613082766678,0.9408415549339564,1.0,0.0,1.0,0.0,0.0,0.0,0.0,0.0,0.0,1.0
-0.3406353050436334,0.6663180809862336,1.4309490342600628,1.0,0.0,0.0,1.0,0.0,0.0,0.0,1.0,0.0,0.0
-0.7035074128538783,0.46084145491144785,1.334004697690064,1.0,0.0,0.0,1.0,0.0,0.0,0.0,0.0,1.0,0.0
-0.7760818344159273,1.480614339875204,-1.4127515051265789,0.0,1.0,0.0,0.0,1.0,0.0,0.0,1.0,0.0,0.0
0.8931298615111994,0.6587078355760567,-0.7125979632321405,0.0,1.0,0.0,0.0,1.0,0.0,0.0,0.0,1.0,0.0
-0.4132097266056824,-0.9242232097408167,1.4740354060689513,0.0,1.0,0.0,0.0,0.0,1.0,0.0,1.0,0.0,0.0
-1.3566772069123192,0.06510869358223001,0.5692215980822926,1.0,0.0,1.0,0.0,0.0,0.0,0.0,0.0,1.0,0.0
1.2560019693214444,0.1640418839145334,-0.45946552885492037,0.0,1.0,0.0,1.0,0.0,0.0,0.0,0.0,1.0,0.0
1.0382787046352975,1.0239996152645672,-0.7826133174215842,0.0,1.0,0.0,0.0,1.0,0.0,0.0,1.0,0.0,0.0
-0.8486562559779763,-1.6852477507585448,1.043171687980066,0.0,1.0,0.0,0.0,0.0,1.0,0.0,1.0,0.0,0.0
0.3851089105768565,-0.08709621462131564,0.0037129680906308484,1.0,0.0,0.0,1.0,0.0,0.0,0.0,0.0,0.0,1.0
0.9657042830732484,0.7500307804981854,-0.9064866363721389,1.0,0.0,0.0,0.0,0.0,1.0,0.0,1.0,0.0,0.0
0.4576833321389055,-1.0840383633545414,-1.4666094698876895,0.0,1.0,0.0,0.0,0.0,0.0,1.0,0.0,0.0,1.0
-0.3406353050436334,-0.14797817790273476,-1.4558378769354672,0.0,1.0,0.0,1.0,0.0,0.0,0.0,0.0,0.0,1.0
-0.7035074128538783,0.48367219114198057,-0.6964405738038075,1.0,0.0,0.0,0.0,0.0,0.0,1.0,0.0,1.0,0.0
-0.3406353050436334,0.36190826457914227,-0.4917803077115872,1.0,0.0,0.0,0.0,0.0,1.0,0.0,0.0,1.0,0.0
1.4737252340075913,-0.04143474216025238,1.4901927954972851,1.0,0.0,0.0,1.0,0.0,0.0,0.0,1.0,0.0,0.0
0.6028321752630035,0.9250664249322617,-1.2942639826521354,1.0,0.0,0.0,0.0,0.0,1.0,0.0,0.0,1.0,0.0
-0.48578414816773136,0.17926237473488923,0.19760164123062962,0.0,1.0,0.0,1.0,0.0,0.0,0.0,0.0,0.0,1.0
-0.9212306775400253,0.4075697370402077,0.8708262007445127,1.0,0.0,0.0,0.0,0.0,0.0,1.0,0.0,0.0,1.0
1.1834275477593954,-0.20886014118415389,-0.5348666795204756,0.0,1.0,0.0,0.0,1.0,0.0,0.0,0.0,1.0,0.0
-0.7035074128538783,-0.06426547839078509,0.24068801303951798,1.0,0.0,0.0,1.0,0.0,0.0,0.0,0.0,1.0,0.0
1.2560019693214444,-0.10992695085184835,0.4722772615122936,1.0,0.0,0.0,0.0,0.0,0.0,1.0,0.0,0.0,1.0
0.8205554399491504,-0.5056597121810662,-0.5240950865682533,0.0,1.0,0.0,1.0,0.0,0.0,0.0,1.0,0.0,0.0
0.8205554399491504,-1.41888916140234,0.9408415549339564,1.0,0.0,0.0,0.0,0.0,1.0,0.0,0.0,0.0,1.0
0.7479810183871014,0.25536482883666206,-1.7574424795976868,0.0,1.0,0.0,1.0,0.0,0.0,0.0,0.0,0.0,1.0
-1.3566772069123192,0.8337434800101351,-1.148847477797137,1.0,0.0,0.0,0.0,1.0,0.0,0.0,1.0,0.0,0.0
0.5302577537009545,1.419732376593785,-1.1165326989404705,0.0,1.0,0.0,1.0,0.0,0.0,0.0,0.0,1.0,0.0
-0.3406353050436334,-0.4980494667708893,-1.31580716855658,1.0,0.0,0.0,0.0,0.0,1.0,0.0,0.0,1.0,0.0
-0.12291204035748642,1.7089217021805225,-0.4917803077115872,1.0,0.0,0.0,0.0,1.0,0.0,0.0,1.0,0.0,0.0
-0.7760818344159273,-1.548263333375355,-1.175776460177692,0.0,1.0,0.0,1.0,0.0,0.0,0.0,1.0,0.0,0.0
0.6754065968250524,0.7500307804981854,-1.3050355756043577,0.0,1.0,0.0,0.0,0.0,1.0,0.0,0.0,1.0,0.0
0.8931298615111994,0.8185229891897793,-1.676655532456021,0.0,1.0,0.0,0.0,0.0,1.0,0.0,0.0,1.0,0.0
1.2560019693214444,0.8261332345999582,0.35917553551396153,0.0,1.0,0.0,0.0,1.0,0.0,0.0,0.0,0.0,1.0
0.022236802766611552,-0.1175371962620252,-0.8472428751349171,0.0,1.0,0.0,0.0,1.0,0.0,0.0,0.0,1.0,0.0
-1.3566772069123192,-0.0033835151093659648,1.2262887681678425,1.0,0.0,0.0,1.0,0.0,0.0,0.0,0.0,1.0,0.0
0.23996006745275852,1.2675274683902393,1.1185728386456213,0.0,1.0,0.0,0.0,0.0,1.0,0.0,1.0,0.0,0.0
-0.7760818344159273,0.23253409260612937,0.4022619073228499,1.0,0.0,0.0,0.0,1.0,0.0,0.0,0.0,1.0,0.0
1.4011508124455423,-0.32301382233681314,0.5584500051300704,0.0,1.0,0.0,0.0,0.0,0.0,1.0,0.0,0.0,1.0
-1.3566772069123192,-1.3199559710700366,-0.31404902399992146,0.0,1.0,0.0,1.0,0.0,0.0,0.0,1.0,0.0,0.0
-1.1389539422261723,0.711979553447299,-0.9549588046571384,1.0,0.0,1.0,0.0,0.0,0.0,0.0,1.0,0.0,0.0
1.1108531261973464,-0.6350338841540812,-1.348121947413246,0.0,1.0,0.0,1.0,0.0,0.0,0.0,0.0,1.0,0.0
1.5462996555696402,1.5643270393871538,1.36631947654673,1.0,0.0,0.0,0.0,0.0,0.0,1.0,0.0,1.0,0.0
-0.3406353050436334,-0.8557310010492228,0.816968235983402,1.0,0.0,0.0,1.0,0.0,0.0,0.0,0.0,0.0,1.0
1.1834275477593954,-1.0155461546629454,-0.13093194381214576,1.0,0.0,0.0,1.0,0.0,0.0,0.0,1.0,0.0,0.0
0.3851089105768565,-1.1449203266359582,-0.44869393590269807,0.0,1.0,0.0,0.0,0.0,0.0,1.0,0.0,1.0,0.0
-0.48578414816773136,0.841353725420312,0.450734075607849,1.0,0.0,0.0,0.0,1.0,0.0,0.0,0.0,0.0,1.0
-1.7195493147225642,-1.6548067691178376,1.4740354060689513,0.0,1.0,0.0,0.0,0.0,1.0,0.0,0.0,0.0,1.0
0.7479810183871014,0.1640418839145334,0.15990106589785202,1.0,0.0,0.0,0.0,0.0,1.0,0.0,0.0,0.0,1.0
1.4011508124455423,1.1762045234681129,-0.6210394231382523,1.0,0.0,0.0,0.0,0.0,0.0,1.0,1.0,0.0,0.0
0.022236802766611552,-0.1403679324925579,0.5369068192256266,1.0,0.0,0.0,0.0,1.0,0.0,0.0,1.0,0.0,0.0
0.8205554399491504,0.22492384719595251,-1.4666094698876895,1.0,0.0,0.0,0.0,0.0,0.0,1.0,0.0,0.0,1.0
-1.1389539422261723,0.9859483882136807,1.6302235038761723,1.0,0.0,0.0,1.0,0.0,0.0,0.0,0.0,1.0,0.0
0.7479810183871014,-0.5132699575912452,-0.8741718575154724,1.0,0.0,1.0,0.0,0.0,0.0,0.0,1.0,0.0,0.0
-1.7195493147225642,-0.1708089141332675,0.7684960676984022,0.0,1.0,0.0,0.0,0.0,0.0,1.0,0.0,0.0,1.0
0.3851089105768565,-0.04143474216025238,-0.21710468742992248,0.0,1.0,1.0,0.0,0.0,0.0,0.0,0.0,1.0,0.0
1.4737252340075913,1.0848815785459842,-1.3642793368415793,0.0,1.0,0.0,0.0,0.0,1.0,0.0,0.0,0.0,1.0
-0.2680608834815844,-0.787238792357627,-0.19017570504936715,0.0,1.0,0.0,0.0,0.0,0.0,1.0,0.0,0.0,1.0
-0.5583585697297804,0.643487344755703,-0.7341411491365851,0.0,1.0,0.0,0.0,0.0,1.0,0.0,1.0,0.0,0.0
0.16738564589070953,-0.520880203001422,-0.3517495993326991,0.0,1.0,0.0,1.0,0.0,0.0,0.0,1.0,0.0,0.0
-0.6309329912918293,0.8185229891897793,1.3232331047378416,0.0,1.0,1.0,0.0,0.0,0.0,0.0,1.0,0.0,0.0
0.022236802766611552,1.358850413312368,0.6500085452239586,1.0,0.0,0.0,0.0,1.0,0.0,0.0,0.0,0.0,1.0
0.3125344890148075,-0.909002718920463,1.6302235038761723,1.0,0.0,0.0,0.0,0.0,0.0,1.0,0.0,0.0,1.0
-1.3566772069123192,-1.3960584251718096,-1.0357457517988045,1.0,0.0,0.0,0.0,1.0,0.0,0.0,0.0,1.0,0.0
0.8931298615111994,-1.3199559710700366,-0.7664559279932512,1.0,0.0,0.0,0.0,1.0,0.0,0.0,0.0,0.0,1.0
-1.646974893160515,0.6282668539353472,0.20837323418285114,1.0,0.0,0.0,0.0,1.0,0.0,0.0,0.0,1.0,0.0
0.022236802766611552,-1.045987136303655,1.3393904941661747,0.0,1.0,0.0,1.0,0.0,0.0,0.0,0.0,0.0,1.0
-1.4292516284743682,-1.0840383633545414,0.5045920403689597,1.0,0.0,0.0,1.0,0.0,0.0,0.0,1.0,0.0,0.0
1.4011508124455423,-0.23169087741468444,1.0000853161711778,0.0,1.0,0.0,0.0,0.0,0.0,1.0,0.0,0.0,1.0
1.2560019693214444,0.5978258722946398,0.45611987208396054,0.0,1.0,0.0,0.0,0.0,0.0,1.0,0.0,1.0,0.0
0.022236802766611552,1.221865995929176,-1.353507743889357,1.0,0.0,0.0,0.0,0.0,0.0,1.0,0.0,1.0,0.0
0.3125344890148075,1.0544405969052768,0.1545152694217405,1.0,0.0,0.0,0.0,0.0,1.0,0.0,0.0,0.0,1.0
-1.0663795206641233,0.3314672829384349,-1.2888781861760246,1.0,0.0,0.0,1.0,0.0,0.0,0.0,0.0,1.0,0.0
-1.646974893160515,-1.6395862782974817,-0.2709626521910331,0.0,1.0,0.0,0.0,0.0,1.0,0.0,0.0,0.0,1.0
-1.2115283637882213,0.8109127437796024,-0.24941946628658931,1.0,0.0,0.0,0.0,0.0,0.0,1.0,1.0,0.0,0.0
1.4737252340075913,1.297968450030949,-0.8095422998021395,0.0,1.0,0.0,0.0,0.0,0.0,1.0,1.0,0.0,0.0
-1.574400471598466,-0.41433676725893964,1.247831954072287,1.0,0.0,0.0,0.0,1.0,0.0,0.0,0.0,0.0,1.0
0.6028321752630035,-1.7080784869890777,-1.2457918143671358,0.0,1.0,0.0,0.0,0.0,1.0,0.0,0.0,0.0,1.0
-1.2115283637882213,-1.692857996168724,-0.37329278523714365,0.0,1.0,0.0,0.0,1.0,0.0,0.0,0.0,1.0,0.0
-1.2841027853502702,-0.7111363382558541,0.7307954923656246,1.0,0.0,1.0,0.0,0.0,0.0,0.0,1.0,0.0,0.0
-0.9212306775400253,1.160984032647757,-0.19017570504936715,1.0,0.0,0.0,0.0,0.0,1.0,0.0,0.0,1.0,0.0
-0.9212306775400253,-0.04904498757042922,0.014484561042853129,1.0,0.0,0.0,0.0,0.0,0.0,1.0,0.0,0.0,1.0
-1.4292516284743682,-1.7080784869890777,-0.8203138927543618,1.0,0.0,0.0,0.0,1.0,0.0,0.0,0.0,0.0,1.0
-0.7760818344159273,0.08793942981276055,-0.1847899085732564,1.0,0.0,0.0,0.0,0.0,0.0,1.0,0.0,0.0,1.0
0.7479810183871014,1.1077123147765169,1.4309490342600628,0.0,1.0,0.0,0.0,0.0,1.0,0.0,1.0,0.0,0.0
-0.4132097266056824,0.5673848906539302,1.4524922201645074,1.0,0.0,0.0,0.0,0.0,0.0,1.0,1.0,0.0,0.0
1.2560019693214444,-0.04904498757042922,-0.8741718575154724,1.0,0.0,1.0,0.0,0.0,0.0,0.0,1.0,0.0,0.0
-0.6309329912918293,-0.7491875653067405,0.8708262007445127,1.0,0.0,0.0,0.0,0.0,0.0,1.0,0.0,0.0,1.0
-1.5018260500364171,0.28580581047736947,-0.5187092900921425,1.0,0.0,0.0,1.0,0.0,0.0,0.0,0.0,0.0,1.0
-0.05033761879543743,-1.1449203266359582,-1.3804367262699124,1.0,0.0,0.0,1.0,0.0,0.0,0.0,1.0,0.0,0.0
1.4011508124455423,0.06510869358223001,-0.6425826090426968,1.0,0.0,0.0,0.0,0.0,1.0,0.0,1.0,0.0,0.0
1.1108531261973464,0.7576410259083622,1.1024154492172882,0.0,1.0,1.0,0.0,0.0,0.0,0.0,0.0,0.0,1.0
0.6028321752630035,-0.42955725807929335,-0.319434820476033,0.0,1.0,0.0,1.0,0.0,0.0,0.0,0.0,1.0,0.0
-0.7760818344159273,-1.3275662164802136,-0.17401831562103412,1.0,0.0,0.0,1.0,0.0,0.0,0.0,0.0,0.0,1.0
-1.2115283637882213,-1.5102121063244687,0.7038665099850692,1.0,0.0,0.0,0.0,0.0,1.0,0.0,0.0,0.0,1.0
-0.12291204035748642,0.03466771194152045,-1.1434616813210257,0.0,1.0,0.0,0.0,0.0,0.0,1.0,1.0,0.0,0.0
-1.4292516284743682,-1.4797711246837593,-1.1650048672254698,1.0,0.0,0.0,0.0,0.0,0.0,1.0,0.0,0.0,1.0
-0.19548646191953542,1.0696610877256305,1.5763655391150617,0.0,1.0,0.0,1.0,0.0,0.0,0.0,0.0,0.0,1.0
0.7479810183871014,0.22492384719595251,0.9623847408384001,1.0,0.0,1.0,0.0,0.0,0.0,0.0,0.0,0.0,1.0
1.3285763908834933,-0.14797817790273476,-1.3965941156982458,0.0,1.0,0.0,0.0,1.0,0.0,0.0,1.0,0.0,0.0
0.7479810183871014,1.0620508423154535,0.2999317742767394,1.0,0.0,0.0,0.0,0.0,1.0,0.0,1.0,0.0,0.0
0.16738564589070953,-1.1525305720461352,1.0593290774083999,0.0,1.0,0.0,0.0,0.0,0.0,1.0,0.0,1.0,0.0
1.0382787046352975,-0.9927154184324126,-0.1578609261927011,1.0,0.0,0.0,0.0,0.0,0.0,1.0,0.0,0.0,1.0
-1.4292516284743682,0.772861516728716,0.32147496018118393,1.0,0.0,0.0,0.0,1.0,0.0,0.0,0.0,0.0,1.0
1.6914484986937381,-0.32301382233681314,1.2370603611200648,0.0,1.0,0.0,1.0,0.0,0.0,0.0,0.0,1.0,0.0
-1.2841027853502702,-0.5056597121810662,-1.4666094698876895,1.0,0.0,0.0,0.0,0.0,1.0,0.0,0.0,0.0,1.0
1.1834275477593954,-0.43716750348947236,1.2424461575961756,1.0,0.0,0.0,1.0,0.0,0.0,0.0,0.0,1.0,0.0
-0.48578414816773136,-0.010993760519542815,-1.0788321236076928,1.0,0.0,1.0,0.0,0.0,0.0,0.0,0.0,0.0,1.0
1.5462996555696402,-0.8329002648186902,0.18683004827840735,1.0,0.0,0.0,1.0,0.0,0.0,0.0,0.0,1.0,0.0
1.3285763908834933,-0.23169087741468444,0.9677705373145117,1.0,0.0,0.0,1.0,0.0,0.0,0.0,1.0,0.0,0.0
0.3125344890148075,1.0848815785459842,1.5332791673061734,0.0,1.0,0.0,0.0,0.0,1.0,0.0,0.0,0.0,1.0
0.8931298615111994,0.8109127437796024,-0.6856689808515852,0.0,1.0,1.0,0.0,0.0,0.0,0.0,1.0,0.0,0.0
-0.19548646191953542,-0.15558842331291162,-1.2242486284626917,1.0,0.0,0.0,0.0,0.0,0.0,1.0,0.0,0.0,1.0
-0.2680608834815844,0.841353725420312,0.4022619073228499,0.0,1.0,0.0,0.0,0.0,1.0,0.0,0.0,0.0,1.0
-0.7035074128538783,1.6175987572583939,-1.5366248240771332,1.0,0.0,1.0,0.0,0.0,0.0,0.0,1.0,0.0,0.0
-0.5583585697297804,-1.2742944986089735,-1.0572889377032486,0.0,1.0,1.0,0.0,0.0,0.0,0.0,0.0,1.0,0.0
0.3851089105768565,-0.09470646003149465,-0.841857078658806,1.0,0.0,1.0,0.0,0.0,0.0,0.0,1.0,0.0,0.0
-0.4132097266056824,1.419732376593785,0.6338511557956256,0.0,1.0,0.0,1.0,0.0,0.0,0.0,0.0,1.0,0.0
1.1108531261973464,1.1457635418274033,1.6625382827328385,1.0,0.0,1.0,0.0,0.0,0.0,0.0,0.0,1.0,0.0
-0.05033761879543743,-1.3503969527107462,0.08988571170840834,0.0,1.0,0.0,0.0,1.0,0.0,0.0,0.0,0.0,1.0
-0.8486562559779763,1.3969016403632544,-0.3302064134282553,1.0,0.0,1.0,0.0,0.0,0.0,0.0,0.0,0.0,1.0
-1.646974893160515,0.9326766703424385,-0.2063330944777002,0.0,1.0,0.0,0.0,0.0,1.0,0.0,0.0,0.0,1.0
-1.2841027853502702,0.057498448172051,-0.6264252196143638,1.0,0.0,0.0,0.0,0.0,1.0,0.0,0.0,0.0,1.0
-1.4292516284743682,-0.6274236387439044,-0.7395269456126958,0.0,1.0,0.0,0.0,1.0,0.0,0.0,0.0,0.0,1.0
-0.5583585697297804,1.168594278057936,1.2316745646439533,0.0,1.0,1.0,0.0,0.0,0.0,0.0,0.0,0.0,1.0
-0.05033761879543743,1.1838147688782896,0.4830488544645159,1.0,0.0,1.0,0.0,0.0,0.0,0.0,0.0,1.0,0.0
0.6754065968250524,-0.650254374974435,-0.47023712180714267,0.0,1.0,0.0,1.0,0.0,0.0,0.0,0.0,1.0,0.0
1.4737252340075913,0.8794049524711983,-1.003430972942138,0.0,1.0,0.0,1.0,0.0,0.0,0.0,0.0,0.0,1.0
1.4011508124455423,-1.1753613082766678,-0.5510240689488086,1.0,0.0,0.0,0.0,0.0,1.0,0.0,0.0,0.0,1.0
0.3851089105768565,-0.7948490377678038,1.3178473082617308,1.0,0.0,0.0,1.0,0.0,0.0,0.0,0.0,1.0,0.0
-1.4292516284743682,0.027057466531343596,-0.33559220990436606,1.0,0.0,1.0,0.0,0.0,0.0,0.0,0.0,1.0,0.0
1.0382787046352975,1.6252090026685728,-0.6802831843754744,0.0,1.0,0.0,0.0,1.0,0.0,0.0,1.0,0.0,0.0
-0.3406353050436334,0.4380107186809151,1.61945191092395,1.0,0.0,0.0,0.0,0.0,1.0,0.0,0.0,1.0,0.0
0.16738564589070953,0.31624679211807905,-1.094989513036026,1.0,0.0,0.0,0.0,1.0,0.0,0.0,0.0,0.0,1.0
-1.1389539422261723,-0.6350338841540812,-1.2457918143671358,1.0,0.0,0.0,0.0,0.0,1.0,0.0,1.0,0.0,0.0
-0.3406353050436334,-1.4569403884532264,0.5530642086539596,1.0,0.0,0.0,1.0,0.0,0.0,0.0,0.0,1.0,0.0
-0.19548646191953542,-0.718746583666031,0.7523386782700691,1.0,0.0,0.0,0.0,0.0,1.0,0.0,0.0,1.0,0.0
-1.646974893160515,-0.1175371962620252,-1.4881526557921336,1.0,0.0,0.0,1.0,0.0,0.0,0.0,0.0,0.0,1.0
1.5462996555696402,-1.1829715536868448,-0.7718417244693623,1.0,0.0,0.0,0.0,0.0,1.0,0.0,0.0,1.0,0.0
0.8931298615111994,-0.018604005929721827,-1.1165326989404705,0.0,1.0,0.0,1.0,0.0,0.0,0.0,1.0,0.0,0.0
0.6028321752630035,-1.1449203266359582,0.913912572553401,0.0,1.0,1.0,0.0,0.0,0.0,0.0,0.0,1.0,0.0
-0.3406353050436334,-0.909002718920463,-1.6551123465515767,1.0,0.0,0.0,1.0,0.0,0.0,0.0,0.0,1.0,0.0
0.5302577537009545,1.4501733582344944,1.6894672651133937,1.0,0.0,0.0,0.0,0.0,1.0,0.0,0.0,1.0,0.0
-1.5018260500364171,0.7348102896778296,0.5530642086539596,1.0,0.0,0.0,1.0,0.0,0.0,0.0,0.0,0.0,1.0
-0.3406353050436334,-1.297125234839504,-1.1811622566538034,1.0,0.0,0.0,0.0,0.0,0.0,1.0,0.0,0.0,1.0
0.4576833321389055,-1.304735480249681,1.7163962474939491,1.0,0.0,1.0,0.0,0.0,0.0,0.0,1.0,0.0,0.0
-0.3406353050436334,-0.6578646203846118,-0.61026783018603,0.0,1.0,0.0,0.0,0.0,0.0,1.0,0.0,1.0,0.0
1.3285763908834933,0.9783381428035038,1.4632638131167297,0.0,1.0,0.0,1.0,0.0,0.0,0.0,1.0,0.0,0.0
-0.9938050991020743,-0.18602940495362116,0.7146381029372915,0.0,1.0,0.0,1.0,0.0,0.0,0.0,1.0,0.0,0.0
-0.8486562559779763,-0.7263568290762078,-0.5240950865682533,0.0,1.0,0.0,0.0,0.0,0.0,1.0,0.0,0.0,1.0
0.5302577537009545,0.5369439090132206,0.434576686179516,1.0,0.0,0.0,1.0,0.0,0.0,0.0,0.0,0.0,1.0
0.7479810183871014,0.6130463631149935,-0.43792234295047655,0.0,1.0,0.0,1.0,0.0,0.0,0.0,0.0,0.0,1.0
-0.4132097266056824,1.0696610877256305,1.247831954072287,0.0,1.0,0.0,0.0,1.0,0.0,0.0,1.0,0.0,0.0
-0.9938050991020743,-0.9242232097408167,0.450734075607849,1.0,0.0,0.0,0.0,1.0,0.0,0.0,1.0,0.0,0.0
-0.9938050991020743,-1.2210227807377312,-1.579711195886022,0.0,1.0,0.0,1.0,0.0,0.0,0.0,1.0,0.0,0.0
0.16738564589070953,-0.07187572380096194,-0.7556843350410289,1.0,0.0,0.0,1.0,0.0,0.0,0.0,0.0,1.0,0.0
-1.5018260500364171,0.33907752834861177,1.1455018210261767,0.0,1.0,0.0,0.0,1.0,0.0,0.0,1.0,0.0,0.0
1.6188740771316892,0.49128243655215736,0.17605845532618505,1.0,0.0,0.0,0.0,1.0,0.0,0.0,1.0,0.0,0.0
-0.19548646191953542,-1.2819047440191502,0.6392369522717363,1.0,0.0,0.0,0.0,1.0,0.0,0.0,1.0,0.0,0.0
1.1834275477593954,-0.4599982397200029,0.3968761108467384,1.0,0.0,1.0,0.0,0.0,0.0,0.0,0.0,1.0,0.0
0.9657042830732484,-0.018604005929721827,1.2262887681678425,1.0,0.0,0.0,0.0,0.0,0.0,1.0,1.0,0.0,0.0
-0.48578414816773136,1.5567167939769768,-1.1919338496060252,0.0,1.0,0.0,1.0,0.0,0.0,0.0,0.0,0.0,1.0
-1.2841027853502702,1.5947680210278634,0.42919088970340524,0.0,1.0,0.0,0.0,0.0,1.0,0.0,1.0,0.0,0.0
0.09481122432866054,0.9402869157526175,-0.06630238609881284,1.0,0.0,0.0,0.0,0.0,1.0,0.0,0.0,0.0,1.0
1.1108531261973464,-0.3915060310284069,-0.04475920019436827,1.0,0.0,0.0,0.0,0.0,1.0,0.0,0.0,1.0,0.0
-1.5018260500364171,1.6328192480787498,1.2155171752156204,0.0,1.0,0.0,0.0,0.0,1.0,0.0,0.0,0.0,1.0
1.5462996555696402,1.15337378723758,0.11681469408896365,1.0,0.0,1.0,0.0,0.0,0.0,0.0,0.0,1.0,0.0
-1.1389539422261723,0.8794049524711983,-0.28712004161936616,1.0,0.0,0.0,0.0,0.0,1.0,0.0,0.0,0.0,1.0
-0.3406353050436334,0.6206566085251704,0.8223540324595128,1.0,0.0,1.0,0.0,0.0,0.0,0.0,0.0,0.0,1.0
1.6188740771316892,1.0468303514950976,0.5638358016061819,1.0,0.0,0.0,0.0,0.0,1.0,0.0,1.0,0.0,0.0
-0.6309329912918293,-1.030766645483299,0.29454597780062863,0.0,1.0,1.0,0.0,0.0,0.0,0.0,0.0,1.0,0.0
0.8931298615111994,-0.7263568290762078,-0.43253654647436507,0.0,1.0,1.0,0.0,0.0,0.0,0.0,0.0,0.0,1.0
-0.3406353050436334,-0.16319866872308847,0.6715517311284032,1.0,0.0,0.0,0.0,0.0,0.0,1.0,1.0,0.0,0.0
1.1834275477593954,-0.7415773198965636,-0.21710468742992248,0.0,1.0,1.0,0.0,0.0,0.0,0.0,1.0,0.0,0.0
-1.646974893160515,1.1914250142884666,-0.594110440757697,1.0,0.0,0.0,0.0,1.0,0.0,0.0,0.0,1.0,0.0
0.23996006745275852,-1.4569403884532264,-0.5240950865682533,1.0,0.0,0.0,0.0,0.0,0.0,1.0,1.0,0.0,0.0
0.8931298615111994,0.25536482883666206,-1.6497265500754656,0.0,1.0,0.0,0.0,0.0,0.0,1.0,0.0,0.0,1.0
0.7479810183871014,1.0087791244442113,0.05757093285174149,0.0,1.0,0.0,1.0,0.0,0.0,0.0,0.0,1.0,0.0
0.09481122432866054,1.6632602297194594,-0.2440336698104778,1.0,0.0,0.0,0.0,0.0,1.0,0.0,0.0,0.0,1.0
-0.05033761879543743,0.11838041145347013,-0.6210394231382523,1.0,0.0,1.0,0.0,0.0,0.0,0.0,0.0,0.0,1.0
-1.7195493147225642,-0.29257284069610356,0.17605845532618505,0.0,1.0,0.0,0.0,0.0,1.0,0.0,0.0,1.0,0.0
-0.9212306775400253,-0.13275768708238106,-0.6533542019949191,0.0,1.0,0.0,1.0,0.0,0.0,0.0,0.0,0.0,1.0
-0.7760818344159273,-1.4036686705819863,-0.6533542019949191,1.0,0.0,0.0,0.0,1.0,0.0,0.0,0.0,0.0,1.0
-0.2680608834815844,-0.42955725807929335,-0.0016728283854799098,0.0,1.0,1.0,0.0,0.0,0.0,0.0,0.0,0.0,1.0
-0.9938050991020743,-0.589372411693018,1.1185728386456213,1.0,0.0,1.0,0.0,0.0,0.0,0.0,0.0,0.0,1.0
-1.574400471598466,0.9250664249322617,-0.7072121667560298,0.0,1.0,1.0,0.0,0.0,0.0,0.0,0.0,1.0,0.0
0.8931298615111994,-1.0231564000731221,0.24068801303951798,1.0,0.0,0.0,1.0,0.0,0.0,0.0,0.0,1.0,0.0
-0.6309329912918293,1.5034450761057347,-1.0249741588465822,0.0,1.0,0.0,0.0,1.0,0.0,0.0,1.0,0.0,0.0
-1.4292516284743682,0.7804717621388928,-1.574325399409911,0.0,1.0,0.0,0.0,0.0,1.0,0.0,0.0,1.0,0.0
-1.5018260500364171,-0.6883056020253214,-0.4433081394265873,0.0,1.0,0.0,0.0,0.0,0.0,1.0,1.0,0.0,0.0
-0.9212306775400253,-0.5817621662828389,-0.1955615015254787,0.0,1.0,0.0,0.0,0.0,1.0,0.0,1.0,0.0,0.0
-0.48578414816773136,1.412122131183608,-0.4056075640938097,1.0,0.0,0.0,0.0,0.0,0.0,1.0,1.0,0.0,0.0
0.09481122432866054,-1.1981920445072005,1.2370603611200648,0.0,1.0,1.0,0.0,0.0,0.0,0.0,0.0,0.0,1.0
0.3125344890148075,-1.3960584251718096,-0.5887246442815862,0.0,1.0,0.0,1.0,0.0,0.0,0.0,1.0,0.0,0.0
1.6914484986937381,-1.3808379343514536,-0.44869393590269807,1.0,0.0,0.0,0.0,0.0,1.0,0.0,1.0,0.0,0.0
1.3285763908834933,-1.4112789159921633,-0.03398760724214676,0.0,1.0,1.0,0.0,0.0,0.0,0.0,1.0,0.0,0.0
0.7479810183871014,1.2370864867495297,-0.3679069887610321,1.0,0.0,0.0,1.0,0.0,0.0,0.0,0.0,0.0,1.0
-1.2115283637882213,-0.9851051730222358,-0.17940411209714488,1.0,0.0,0.0,1.0,0.0,0.0,0.0,1.0,0.0,0.0
0.3851089105768565,-1.4797711246837593,-0.5187092900921425,0.0,1.0,0.0,0.0,1.0,0.0,0.0,1.0,0.0,0.0
-0.19548646191953542,1.6328192480787498,1.0377858915039553,0.0,1.0,1.0,0.0,0.0,0.0,0.0,0.0,0.0,1.0
-0.4132097266056824,1.6556499843092802,-0.1955615015254787,0.0,1.0,0.0,0.0,1.0,0.0,0.0,1.0,0.0,0.0
-0.05033761879543743,-1.5710940696058857,0.15990106589785202,0.0,1.0,0.0,0.0,0.0,1.0,0.0,0.0,1.0,0.0
-0.6309329912918293,0.6967590626269431,1.409405848355619,0.0,1.0,0.0,1.0,0.0,0.0,0.0,0.0,1.0,0.0
-0.9212306775400253,-0.05665523298060824,0.14912947294562973,0.0,1.0,1.0,0.0,0.0,0.0,0.0,0.0,0.0,1.0
0.022236802766611552,0.057498448172051,0.43996248265562754,0.0,1.0,0.0,0.0,1.0,0.0,0.0,0.0,1.0,0.0
0.6028321752630035,0.3542980191689654,0.34301814608562775,1.0,0.0,0.0,0.0,1.0,0.0,0.0,0.0,0.0,1.0
-0.2680608834815844,1.2523069775698856,1.6248377074000617,0.0,1.0,0.0,0.0,0.0,1.0,0.0,0.0,1.0,0.0
1.4737252340075913,-1.5254325971448224,1.328618901213953,1.0,0.0,1.0,0.0,0.0,0.0,0.0,0.0,0.0,1.0
-0.48578414816773136,-0.9394437005611725,0.14374367646951897,0.0,1.0,0.0,0.0,1.0,0.0,0.0,0.0,0.0,1.0
-1.574400471598466,1.3131889408513027,-0.7395269456126958,1.0,0.0,0.0,0.0,0.0,0.0,1.0,0.0,0.0,1.0
-1.2841027853502702,-0.3154035769266341,-0.5240950865682533,0.0,1.0,0.0,0.0,0.0,1.0,0.0,0.0,0.0,1.0
0.6754065968250524,0.4075697370402077,-0.12554614733603423,1.0,0.0,1.0,0.0,0.0,0.0,0.0,1.0,0.0,0.0
-1.574400471598466,-0.5817621662828389,-0.7502985385649181,1.0,0.0,0.0,0.0,1.0,0.0,0.0,0.0,0.0,1.0
-0.5583585697297804,-0.9013924735102862,-0.9818877870376937,1.0,0.0,0.0,0.0,0.0,0.0,1.0,0.0,1.0,0.0
-1.3566772069123192,1.6708704751296362,0.7792676606506244,0.0,1.0,0.0,0.0,0.0,1.0,0.0,0.0,1.0,0.0
0.5302577537009545,0.6967590626269431,-0.49716610418769797,0.0,1.0,0.0,0.0,0.0,1.0,0.0,1.0,0.0,0.0
-0.19548646191953542,-1.3427867073005673,-0.91187243284825,0.0,1.0,0.0,0.0,1.0,0.0,0.0,0.0,1.0,0.0
-0.05033761879543743,0.7652512713185391,0.6930949170328469,0.0,1.0,1.0,0.0,0.0,0.0,0.0,0.0,1.0,0.0
0.3125344890148075,1.4349528674141407,0.6984807135089585,1.0,0.0,0.0,0.0,0.0,0.0,1.0,1.0,0.0,0.0
-0.2680608834815844,-1.1905817990970216,-0.17940411209714488,1.0,0.0,1.0,0.0,0.0,0.0,0.0,0.0,0.0,1.0
-0.2680608834815844,-0.21647038659433074,-1.676655532456021,1.0,0.0,0.0,0.0,0.0,1.0,0.0,1.0,0.0,0.0
0.8205554399491504,-0.9927154184324126,1.6571524862567277,0.0,1.0,1.0,0.0,0.0,0.0,0.0,0.0,1.0,0.0
-0.6309329912918293,-1.3960584251718096,1.4201774413078405,0.0,1.0,0.0,0.0,0.0,0.0,1.0,0.0,1.0,0.0
0.16738564589070953,0.4227902278605614,1.7163962474939491,0.0,1.0,0.0,0.0,1.0,0.0,0.0,0.0,0.0,1.0
-0.6309329912918293,-0.35345480397752055,-1.1165326989404705,1.0,0.0,0.0,0.0,1.0,0.0,0.0,1.0,0.0,0.0
1.1834275477593954,-1.5787043150160647,1.4955785919733957,1.0,0.0,0.0,0.0,0.0,0.0,1.0,0.0,1.0,0.0
1.3285763908834933,0.41517998245038457,-0.5617956619010309,0.0,1.0,0.0,0.0,0.0,0.0,1.0,0.0,0.0,1.0
-1.574400471598466,-0.9318334551509957,1.6409950968283946,0.0,1.0,1.0,0.0,0.0,0.0,0.0,1.0,0.0,0.0
-0.48578414816773136,1.15337378723758,0.3107033672289617,1.0,0.0,0.0,0.0,1.0,0.0,0.0,0.0,1.0,0.0
0.6754065968250524,-0.8481207556390439,-1.7035845148365762,0.0,1.0,0.0,0.0,1.0,0.0,0.0,0.0,1.0,0.0
1.6914484986937381,-1.5330428425549993,-0.32482061695214376,0.0,1.0,0.0,1.0,0.0,0.0,0.0,1.0,0.0,0.0
1.4737252340075913,1.0087791244442113,-0.1470893332404788,0.0,1.0,0.0,0.0,0.0,0.0,1.0,0.0,1.0,0.0
-0.2680608834815844,0.643487344755703,0.46689146503618284,0.0,1.0,0.0,0.0,0.0,1.0,0.0,1.0,0.0,0.0
-1.4292516284743682,0.23253409260612937,-0.48100871475936496,0.0,1.0,0.0,0.0,0.0,1.0,0.0,0.0,0.0,1.0
0.3851089105768565,1.7089217021805225,-1.348121947413246,1.0,0.0,1.0,0.0,0.0,0.0,0.0,0.0,1.0,0.0
0.7479810183871014,0.8033024983694256,0.43996248265562754,0.0,1.0,0.0,0.0,0.0,0.0,1.0,1.0,0.0,0.0
-1.0663795206641233,-0.3762855402080532,0.3968761108467384,0.0,1.0,0.0,0.0,0.0,0.0,1.0,0.0,0.0,1.0
-0.48578414816773136,-1.5102121063244687,1.4255632377839522,0.0,1.0,0.0,0.0,0.0,0.0,1.0,0.0,1.0,0.0
1.4737252340075913,-0.3001830861062804,-1.5473964170293555,1.0,0.0,0.0,0.0,0.0,1.0,0.0,0.0,1.0,0.0
1.3285763908834933,1.2066455051088223,0.7361812888417361,0.0,1.0,1.0,0.0,0.0,0.0,0.0,0.0,0.0,1.0
-1.574400471598466,-1.6319760328873048,1.075486466836733,0.0,1.0,0.0,0.0,0.0,0.0,1.0,1.0,0.0,0.0
1.2560019693214444,-0.15558842331291162,0.6392369522717363,0.0,1.0,0.0,0.0,0.0,1.0,0.0,1.0,0.0,0.0
1.2560019693214444,-1.6319760328873048,-0.6425826090426968,0.0,1.0,0.0,0.0,0.0,0.0,1.0,0.0,1.0,0.0
0.6754065968250524,0.8261332345999582,1.2963041223572862,1.0,0.0,0.0,1.0,0.0,0.0,0.0,1.0,0.0,0.0
0.3125344890148075,-0.8557310010492228,0.7523386782700691,1.0,0.0,0.0,0.0,1.0,0.0,0.0,0.0,0.0,1.0
0.8205554399491504,-1.6471965237076585,-1.6551123465515767,1.0,0.0,0.0,0.0,0.0,0.0,1.0,0.0,0.0,1.0
-0.7760818344159273,-0.6959158474354983,-0.39483597114158747,1.0,0.0,0.0,1.0,0.0,0.0,0.0,0.0,0.0,1.0
-1.7195493147225642,-1.5710940696058857,-1.0465173447510268,1.0,0.0,1.0,0.0,0.0,0.0,0.0,1.0,0.0,0.0
0.23996006745275852,1.2142557505189993,0.897755183125068,0.0,1.0,1.0,0.0,0.0,0.0,0.0,1.0,0.0,0.0
1.5462996555696402,-1.692857996168724,0.450734075607849,0.0,1.0,0.0,1.0,0.0,0.0,0.0,0.0,1.0,0.0
-0.6309329912918293,1.3969016403632544,-1.5689396029337996,0.0,1.0,0.0,0.0,1.0,0.0,0.0,1.0,0.0,0.0
0.6754065968250524,-0.7035260928456772,-0.7556843350410289,0.0,1.0,0.0,1.0,0.0,0.0,0.0,1.0,0.0,0.0
1.0382787046352975,0.7272000442676527,-0.20094729800158945,1.0,0.0,0.0,0.0,1.0,0.0,0.0,0.0,0.0,1.0
-0.8486562559779763,-0.1403679324925579,1.4255632377839522,0.0,1.0,0.0,0.0,0.0,1.0,0.0,1.0,0.0,0.0
-0.12291204035748642,0.1868726201450661,-0.5833388478054747,0.0,1.0,0.0,0.0,1.0,0.0,0.0,0.0,0.0,1.0
-0.6309329912918293,1.6937012113601666,1.2155171752156204,0.0,1.0,0.0,0.0,0.0,0.0,1.0,1.0,0.0,0.0
1.2560019693214444,0.8565742162406657,1.4255632377839522,1.0,0.0,0.0,0.0,0.0,0.0,1.0,0.0,1.0,0.0
-0.12291204035748642,0.25536482883666206,-1.5258532311249113,0.0,1.0,0.0,0.0,0.0,1.0,0.0,0.0,1.0,0.0
0.4576833321389055,-1.2742944986089735,-0.6910547773276959,0.0,1.0,1.0,0.0,0.0,0.0,0.0,0.0,0.0,1.0
-0.12291204035748642,1.1381532964172263,-0.91187243284825,0.0,1.0,0.0,0.0,1.0,0.0,0.0,1.0,0.0,0.0
-1.646974893160515,-0.6122031479235486,-0.3786785817132544,1.0,0.0,0.0,1.0,0.0,0.0,0.0,0.0,1.0,0.0
0.16738564589070953,-1.236243271558087,1.0000853161711778,0.0,1.0,1.0,0.0,0.0,0.0,0.0,0.0,0.0,1.0
-0.9212306775400253,-1.692857996168724,0.49382044741673814,1.0,0.0,0.0,0.0,1.0,0.0,0.0,1.0,0.0,0.0
0.23996006745275852,-0.13275768708238106,0.18144425180229581,1.0,0.0,0.0,1.0,0.0,0.0,0.0,0.0,1.0,0.0
-1.3566772069123192,-1.0231564000731221,1.6302235038761723,0.0,1.0,0.0,1.0,0.0,0.0,0.0,1.0,0.0,0.0
0.9657042830732484,1.0848815785459842,1.1508876175022873,0.0,1.0,0.0,0.0,0.0,0.0,1.0,0.0,1.0,0.0
1.6188740771316892,-1.3351764618903903,-1.2996497791282464,1.0,0.0,0.0,0.0,1.0,0.0,0.0,0.0,1.0,0.0
-0.3406353050436334,0.2020931109654198,1.2639893435006202,0.0,1.0,0.0,0.0,0.0,0.0,1.0,0.0,0.0,1.0
1.0382787046352975,0.43040047327073827,-0.0016728283854799098,1.0,0.0,0.0,0.0,0.0,1.0,0.0,1.0,0.0,0.0
-1.1389539422261723,0.14121114768400284,1.570979742638951,0.0,1.0,0.0,0.0,0.0,1.0,0.0,1.0,0.0,0.0
0.3125344890148075,-0.3154035769266341,1.1508876175022873,0.0,1.0,0.0,1.0,0.0,0.0,0.0,1.0,0.0,0.0
-0.3406353050436334,-0.8861719826899302,0.07911411875618606,1.0,0.0,0.0,0.0,0.0,0.0,1.0,0.0,0.0,1.0
1.6914484986937381,1.0772713331358073,-0.6748973878993629,1.0,0.0,0.0,0.0,0.0,0.0,1.0,0.0,0.0,1.0
1.6914484986937381,0.31624679211807905,0.434576686179516,1.0,0.0,1.0,0.0,0.0,0.0,0.0,0.0,1.0,0.0
0.9657042830732484,0.027057466531343596,0.009098764566742372,1.0,0.0,0.0,0.0,0.0,0.0,1.0,0.0,0.0,1.0
-0.8486562559779763,-1.41888916140234,-0.10400296143159043,0.0,1.0,0.0,1.0,0.0,0.0,0.0,1.0,0.0,0.0
-0.8486562559779763,0.3314672829384349,0.1545152694217405,0.0,1.0,0.0,0.0,1.0,0.0,0.0,1.0,0.0,0.0
0.022236802766611552,-1.624365787477128,0.6338511557956256,0.0,1.0,0.0,1.0,0.0,0.0,0.0,1.0,0.0,0.0
0.23996006745275852,0.28580581047736947,0.2514596059917403,1.0,0.0,0.0,0.0,1.0,0.0,0.0,0.0,1.0,0.0
-1.646974893160515,0.5597746452437533,0.531521022749515,1.0,0.0,0.0,0.0,0.0,1.0,0.0,0.0,0.0,1.0
1.5462996555696402,1.412122131183608,0.49382044741673814,1.0,0.0,1.0,0.0,0.0,0.0,0.0,0.0,1.0,0.0
0.3125344890148075,0.07271893899240686,1.1993597857872873,0.0,1.0,0.0,1.0,0.0,0.0,0.0,0.0,1.0,0.0
0.3851089105768565,-0.39911627643858594,-0.31404902399992146,1.0,0.0,0.0,0.0,0.0,1.0,0.0,0.0,0.0,1.0
-0.8486562559779763,-1.3884481797616326,1.1993597857872873,0.0,1.0,0.0,0.0,1.0,0.0,0.0,0.0,0.0,1.0
1.3285763908834933,1.1457635418274033,1.0216285020756224,1.0,0.0,0.0,1.0,0.0,0.0,0.0,1.0,0.0,0.0
0.9657042830732484,-0.48282897595053564,-0.8687860610393613,1.0,0.0,1.0,0.0,0.0,0.0,0.0,0.0,0.0,1.0
0.4576833321389055,-1.2895149894293272,0.1922158447545181,1.0,0.0,0.0,0.0,0.0,0.0,1.0,1.0,0.0,0.0
0.3851089105768565,1.2142557505189993,-0.4433081394265873,1.0,0.0,0.0,0.0,0.0,1.0,0.0,0.0,0.0,1.0
1.4737252340075913,0.057498448172051,-0.16863251914492336,1.0,0.0,0.0,1.0,0.0,0.0,0.0,1.0,0.0,0.0
0.3851089105768565,-0.909002718920463,-1.7035845148365762,0.0,1.0,0.0,0.0,0.0,1.0,0.0,0.0,0.0,1.0
-0.7760818344159273,0.3542980191689654,-0.07707397905103512,1.0,0.0,0.0,1.0,0.0,0.0,0.0,1.0,0.0,0.0
-0.6309329912918293,-1.502601860914292,-0.1955615015254787,1.0,0.0,0.0,1.0,0.0,0.0,0.0,1.0,0.0,0.0
0.09481122432866054,0.4380107186809151,0.8061966430311798,0.0,1.0,1.0,0.0,0.0,0.0,0.0,0.0,0.0,1.0
-0.9212306775400253,0.20970335637559664,-1.5258532311249113,0.0,1.0,0.0,0.0,1.0,0.0,0.0,1.0,0.0,0.0
0.6754065968250524,-1.1296998358156045,-1.089603716559915,1.0,0.0,1.0,0.0,0.0,0.0,0.0,0.0,0.0,1.0
-0.3406353050436334,-0.24691136823504028,0.07372832228007453,1.0,0.0,1.0,0.0,0.0,0.0,0.0,0.0,1.0,0.0
-1.0663795206641233,0.6891488172167664,0.816968235983402,1.0,0.0,0.0,0.0,0.0,1.0,0.0,1.0,0.0,0.0
0.16738564589070953,-1.0079359092527684,-1.660498143027688,1.0,0.0,0.0,0.0,0.0,1.0,0.0,1.0,0.0,0.0
-1.5018260500364171,-0.06426547839078509,0.7415670853178468,0.0,1.0,0.0,0.0,0.0,0.0,1.0,0.0,0.0,1.0
-1.1389539422261723,1.343629922492012,-0.9334156187526943,1.0,0.0,0.0,0.0,0.0,1.0,0.0,0.0,1.0,0.0
-0.6309329912918293,0.6054361177048166,-0.9064866363721389,1.0,0.0,0.0,1.0,0.0,0.0,0.0,1.0,0.0,0.0
0.16738564589070953,1.160984032647757,0.1275862870411852,1.0,0.0,1.0,0.0,0.0,0.0,0.0,1.0,0.0,0.0
-0.48578414816773136,-0.42955725807929335,1.3878626624511745,1.0,0.0,0.0,0.0,0.0,1.0,0.0,1.0,0.0,0.0
0.8205554399491504,-1.1449203266359582,0.9408415549339564,1.0,0.0,0.0,0.0,0.0,0.0,1.0,0.0,0.0,1.0
1.3285763908834933,-0.977494927612059,-1.7251277007410204,0.0,1.0,0.0,0.0,0.0,0.0,1.0,0.0,0.0,1.0
-0.8486562559779763,0.7348102896778296,-1.1919338496060252,1.0,0.0,0.0,1.0,0.0,0.0,0.0,0.0,1.0,0.0
0.6028321752630035,-1.030766645483299,-1.0788321236076928,0.0,1.0,0.0,0.0,0.0,0.0,1.0,0.0,1.0,0.0
-0.2680608834815844,1.4273426220039618,-1.3642793368415793,1.0,0.0,0.0,0.0,1.0,0.0,0.0,1.0,0.0,0.0
1.1108531261973464,0.042277957351697294,-1.2727207967476912,1.0,0.0,1.0,0.0,0.0,0.0,0.0,0.0,0.0,1.0
-1.2115283637882213,0.3086365467079022,-0.7179837597082513,1.0,0.0,0.0,0.0,0.0,1.0,0.0,0.0,1.0,0.0
-1.5018260500364171,-1.2666842531987943,-0.7341411491365851,1.0,0.0,0.0,0.0,1.0,0.0,0.0,0.0,0.0,1.0
0.3851089105768565,0.384739000809675,0.450734075607849,1.0,0.0,0.0,0.0,1.0,0.0,0.0,0.0,0.0,1.0
-0.6309329912918293,-0.1403679324925579,1.3932484589272853,0.0,1.0,0.0,0.0,0.0,0.0,1.0,1.0,0.0,0.0
1.3285763908834933,1.6708704751296362,-1.2242486284626917,0.0,1.0,0.0,0.0,1.0,0.0,0.0,0.0,1.0,0.0
-0.8486562559779763,1.0011688790340345,-0.992659379989916,0.0,1.0,0.0,0.0,0.0,0.0,1.0,1.0,0.0,0.0
0.8931298615111994,-0.9013924735102862,-0.3571353958088106,1.0,0.0,0.0,0.0,1.0,0.0,0.0,1.0,0.0,0.0
1.2560019693214444,1.1990352596986433,0.20298743770674038,0.0,1.0,0.0,0.0,0.0,1.0,0.0,0.0,0.0,1.0
-0.7760818344159273,-0.6274236387439044,1.1508876175022873,0.0,1.0,0.0,0.0,0.0,0.0,1.0,0.0,0.0,1.0
0.6028321752630035,-0.09470646003149465,0.6500085452239586,1.0,0.0,1.0,0.0,0.0,0.0,0.0,1.0,0.0,0.0
0.9657042830732484,1.5262758123362674,1.732553636922283,1.0,0.0,0.0,0.0,0.0,1.0,0.0,1.0,0.0,0.0
0.6754065968250524,-0.7035260928456772,-1.4396804875071343,0.0,1.0,0.0,0.0,0.0,1.0,0.0,0.0,0.0,1.0
-1.2115283637882213,-1.297125234839504,-0.4540797323788096,0.0,1.0,0.0,0.0,0.0,0.0,1.0,0.0,0.0,1.0
1.4011508124455423,-0.6426441295642581,-0.012444421337702192,0.0,1.0,0.0,0.0,0.0,0.0,1.0,1.0,0.0,0.0
-0.2680608834815844,-0.5056597121810662,0.10604310113674137,1.0,0.0,1.0,0.0,0.0,0.0,0.0,1.0,0.0,0.0
0.16738564589070953,1.5338860577464442,-1.676655532456021,1.0,0.0,0.0,0.0,0.0,1.0,0.0,1.0,0.0,0.0
-1.7195493147225642,0.03466771194152045,1.4740354060689513,0.0,1.0,0.0,0.0,0.0,1.0,0.0,0.0,0.0,1.0
0.022236802766611552,0.027057466531343596,0.8492830148400681,0.0,1.0,0.0,0.0,0.0,0.0,1.0,1.0,0.0,0.0
-1.0663795206641233,-0.20124989577397487,-1.1434616813210257,1.0,0.0,0.0,0.0,1.0,0.0,0.0,0.0,1.0,0.0
0.7479810183871014,-1.2666842531987943,-0.04475920019436827,1.0,0.0,0.0,0.0,0.0,0.0,1.0,1.0,0.0,0.0
-0.7035074128538783,-0.5589314300523085,1.5440507602583957,0.0,1.0,0.0,1.0,0.0,0.0,0.0,0.0,1.0,0.0
1.3285763908834933,-1.304735480249681,-1.154233274273248,0.0,1.0,0.0,0.0,0.0,1.0,0.0,0.0,0.0,1.0
0.9657042830732484,0.6358770993455262,-1.175776460177692,1.0,0.0,0.0,0.0,1.0,0.0,0.0,0.0,1.0,0.0
1.6188740771316892,1.2066455051088223,0.8654404042684012,1.0,0.0,0.0,0.0,1.0,0.0,0.0,1.0,0.0,0.0
-0.4132097266056824,-0.6806953566151446,-1.0626747341793596,1.0,0.0,0.0,0.0,0.0,1.0,0.0,1.0,0.0,0.0
0.09481122432866054,1.1305430510070495,-0.5887246442815862,0.0,1.0,0.0,0.0,0.0,1.0,0.0,0.0,0.0,1.0
-0.6309329912918293,1.480614339875204,0.4992062438928489,1.0,0.0,0.0,0.0,1.0,0.0,0.0,0.0,1.0,0.0
0.16738564589070953,0.36190826457914227,-0.6748973878993629,0.0,1.0,0.0,0.0,1.0,0.0,0.0,1.0,0.0,0.0
-0.8486562559779763,-0.2773523498757477,1.328618901213953,1.0,0.0,1.0,0.0,0.0,0.0,0.0,0.0,1.0,0.0
-0.5583585697297804,-1.6548067691178376,-0.6748973878993629,0.0,1.0,0.0,0.0,0.0,0.0,1.0,0.0,0.0,1.0
-1.2115283637882213,-1.3808379343514536,1.6571524862567277,1.0,0.0,1.0,0.0,0.0,0.0,0.0,0.0,0.0,1.0
-1.2115283637882213,-1.4797711246837593,1.4040200518795076,0.0,1.0,0.0,1.0,0.0,0.0,0.0,1.0,0.0,0.0
-0.2680608834815844,-1.2058022899173775,0.6823233240806255,0.0,1.0,1.0,0.0,0.0,0.0,0.0,0.0,0.0,1.0
0.3125344890148075,-0.12514744167220204,0.12220049056507441,1.0,0.0,0.0,1.0,0.0,0.0,0.0,1.0,0.0,0.0
0.09481122432866054,0.15643163850435654,0.9516131478861786,0.0,1.0,0.0,0.0,0.0,0.0,1.0,0.0,0.0,1.0
-1.0663795206641233,-1.6700272599381913,-0.08784557200325739,0.0,1.0,0.0,1.0,0.0,0.0,0.0,0.0,0.0,1.0
-1.7195493147225642,-1.6700272599381913,-1.2996497791282464,0.0,1.0,0.0,0.0,0.0,1.0,0.0,0.0,1.0,0.0
-1.1389539422261723,1.3207991862614816,0.6446227487478478,0.0,1.0,1.0,0.0,0.0,0.0,0.0,1.0,0.0,0.0
-0.7035074128538783,-1.494991615504113,-1.1057611059882482,1.0,0.0,0.0,0.0,0.0,0.0,1.0,1.0,0.0,0.0
-0.5583585697297804,-0.8329002648186902,1.5655939461628394,1.0,0.0,0.0,0.0,1.0,0.0,0.0,0.0,0.0,1.0
0.3125344890148075,-0.12514744167220204,0.5422926157017373,1.0,0.0,0.0,1.0,0.0,0.0,0.0,0.0,0.0,1.0
1.5462996555696402,-1.1144793449952488,-1.4827668593160226,0.0,1.0,0.0,0.0,0.0,1.0,0.0,0.0,1.0,0.0
0.5302577537009545,0.3314672829384349,-0.37329278523714365,0.0,1.0,0.0,0.0,0.0,1.0,0.0,1.0,0.0,0.0
1.2560019693214444,-1.3123457256598599,1.1508876175022873,1.0,0.0,0.0,0.0,0.0,0.0,1.0,0.0,0.0,1.0
1.0382787046352975,-0.787238792357627,-0.1847899085732564,0.0,1.0,0.0,1.0,0.0,0.0,0.0,0.0,0.0,1.0
1.6188740771316892,-0.5969826571031949,0.27300279189618404,1.0,0.0,0.0,0.0,0.0,0.0,1.0,1.0,0.0,0.0
-0.2680608834815844,-1.7004682415789008,-1.348121947413246,1.0,0.0,0.0,1.0,0.0,0.0,0.0,1.0,0.0,0.0
1.2560019693214444,-1.7080784869890777,1.2747609364528425,0.0,1.0,0.0,0.0,0.0,0.0,1.0,1.0,0.0,0.0
0.3851089105768565,-0.6654748657947909,1.66792407920895,1.0,0.0,0.0,1.0,0.0,0.0,0.0,0.0,1.0,0.0
0.022236802766611552,-0.033824496750075525,-0.1093887579077012,1.0,0.0,0.0,1.0,0.0,0.0,0.0,0.0,0.0,1.0
-1.4292516284743682,-0.5817621662828389,-0.8795576539915836,1.0,0.0,0.0,1.0,0.0,0.0,0.0,1.0,0.0,0.0
-1.7195493147225642,-0.6883056020253214,0.43996248265562754,0.0,1.0,0.0,0.0,0.0,1.0,0.0,0.0,0.0,1.0
-0.48578414816773136,1.6023782664380402,-0.3409780063804768,0.0,1.0,0.0,1.0,0.0,0.0,0.0,0.0,1.0,0.0
1.6188740771316892,0.9326766703424385,0.36994712846618305,0.0,1.0,0.0,1.0,0.0,0.0,0.0,0.0,1.0,0.0
0.8931298615111994,-1.1905817990970216,-0.41099336056992125,0.0,1.0,0.0,0.0,0.0,1.0,0.0,0.0,1.0,0.0
0.6754065968250524,1.5110553215159137,1.2316745646439533,1.0,0.0,0.0,0.0,1.0,0.0,0.0,0.0,1.0,0.0
1.0382787046352975,0.03466771194152045,-1.3427361509371352,1.0,0.0,0.0,0.0,0.0,0.0,1.0,1.0,0.0,0.0
-0.6309329912918293,1.3816811495428987,1.6840814686372831,0.0,1.0,0.0,0.0,1.0,0.0,0.0,0.0,1.0,0.0
1.4011508124455423,-0.4599982397200029,0.0952715081845191,0.0,1.0,0.0,0.0,0.0,1.0,0.0,1.0,0.0,0.0
1.3285763908834933,0.011836975710987735,1.0701006703606215,0.0,1.0,0.0,0.0,0.0,1.0,0.0,0.0,1.0,0.0
-1.3566772069123192,-0.4447777488996492,-0.5079376971399202,1.0,0.0,0.0,0.0,0.0,1.0,0.0,1.0,0.0,0.0
-0.3406353050436334,0.057498448172051,-1.579711195886022,0.0,1.0,0.0,1.0,0.0,0.0,0.0,0.0,0.0,1.0
1.3285763908834933,-0.9470539459713494,-0.02860181076603523,0.0,1.0,0.0,0.0,0.0,1.0,0.0,1.0,0.0,0.0
0.23996006745275852,-0.42955725807929335,0.9893137232189555,0.0,1.0,0.0,0.0,0.0,0.0,1.0,1.0,0.0,0.0
0.09481122432866054,1.3740709041327217,1.570979742638951,0.0,1.0,1.0,0.0,0.0,0.0,0.0,0.0,0.0,1.0
-1.1389539422261723,1.4273426220039618,-0.6964405738038075,0.0,1.0,0.0,0.0,0.0,1.0,0.0,1.0,0.0,0.0
-0.6309329912918293,0.3314672829384349,-1.6443407535993546,1.0,0.0,0.0,0.0,0.0,0.0,1.0,0.0,1.0,0.0
-1.7195493147225642,-0.33823431315716684,-0.9657303976093607,1.0,0.0,0.0,0.0,1.0,0.0,0.0,1.0,0.0,0.0
-0.6309329912918293,1.5491065485668,1.4740354060689513,1.0,0.0,1.0,0.0,0.0,0.0,0.0,0.0,1.0,0.0
0.6754065968250524,-1.2438535169682639,1.360933680070619,0.0,1.0,0.0,0.0,0.0,0.0,1.0,0.0,1.0,0.0
-0.2680608834815844,-0.6198133933337254,-0.5564098654249193,1.0,0.0,1.0,0.0,0.0,0.0,0.0,1.0,0.0,0.0
-0.2680608834815844,-1.2742944986089735,0.47766305798840436,0.0,1.0,0.0,0.0,1.0,0.0,0.0,0.0,0.0,1.0
-1.7195493147225642,-0.5437109392319526,-0.2063330944777002,1.0,0.0,0.0,0.0,0.0,1.0,0.0,0.0,0.0,1.0
-1.646974893160515,-0.7567978107169173,0.3753329249422946,0.0,1.0,0.0,0.0,1.0,0.0,0.0,0.0,0.0,1.0
1.0382787046352975,-0.7415773198965636,0.8654404042684012,0.0,1.0,0.0,0.0,0.0,0.0,1.0,1.0,0.0,0.0
0.09481122432866054,-1.4797711246837593,-0.30327743104769994,0.0,1.0,1.0,0.0,0.0,0.0,0.0,0.0,1.0,0.0
1.1108531261973464,-1.1905817990970216,1.7110104510178383,1.0,0.0,0.0,0.0,0.0,0.0,1.0,1.0,0.0,0.0
-0.48578414816773136,-1.3275662164802136,1.2586035470245087,0.0,1.0,0.0,0.0,1.0,0.0,0.0,1.0,0.0,0.0
-0.9938050991020743,-1.5634838241957087,-1.4935384522682449,0.0,1.0,1.0,0.0,0.0,0.0,0.0,0.0,0.0,1.0
-1.646974893160515,-0.840510510228867,-0.20094729800158945,0.0,1.0,0.0,0.0,1.0,0.0,0.0,0.0,0.0,1.0
-0.2680608834815844,0.21731360178577566,0.6230795628434033,1.0,0.0,1.0,0.0,0.0,0.0,0.0,0.0,1.0,0.0
1.0382787046352975,-0.8176797739983365,-1.5204674346488003,0.0,1.0,0.0,0.0,0.0,1.0,0.0,0.0,0.0,1.0
0.23996006745275852,0.8185229891897793,-0.7072121667560298,1.0,0.0,0.0,0.0,0.0,1.0,0.0,0.0,1.0,0.0
-0.7035074128538783,-1.3580071981209232,1.4632638131167297,1.0,0.0,0.0,0.0,1.0,0.0,0.0,0.0,0.0,1.0
1.3285763908834933,-0.6350338841540812,1.3178473082617308,1.0,0.0,1.0,0.0,0.0,0.0,0.0,0.0,0.0,1.0
0.3125344890148075,-1.1373100812257815,0.4722772615122936,1.0,0.0,0.0,1.0,0.0,0.0,0.0,1.0,0.0,0.0
1.3285763908834933,-0.3154035769266341,-1.7035845148365762,0.0,1.0,1.0,0.0,0.0,0.0,0.0,0.0,1.0,0.0
-1.3566772069123192,-1.548263333375355,-0.5456382724726979,0.0,1.0,0.0,0.0,0.0,0.0,1.0,0.0,0.0,1.0
1.4737252340075913,0.39234924621985184,-0.5564098654249193,0.0,1.0,0.0,1.0,0.0,0.0,0.0,1.0,0.0,0.0
-1.4292516284743682,-0.4219470126691165,1.6571524862567277,1.0,0.0,1.0,0.0,0.0,0.0,0.0,0.0,0.0,1.0
0.6754065968250524,1.5871577756176865,-1.5689396029337996,1.0,0.0,1.0,0.0,0.0,0.0,0.0,0.0,0.0,1.0
-0.8486562559779763,1.2370864867495297,0.02525615399507541,0.0,1.0,1.0,0.0,0.0,0.0,0.0,0.0,0.0,1.0
-0.19548646191953542,-0.8252900194085133,1.3232331047378416,0.0,1.0,0.0,1.0,0.0,0.0,0.0,1.0,0.0,0.0
-0.12291204035748642,0.11077016604329327,-1.498924248744356,0.0,1.0,0.0,0.0,0.0,1.0,0.0,1.0,0.0,0.0
-0.05033761879543743,0.5597746452437533,-0.9441872117049162,1.0,0.0,0.0,0.0,0.0,0.0,1.0,0.0,1.0,0.0
1.2560019693214444,-1.3275662164802136,-0.8957150434199167,0.0,1.0,0.0,0.0,0.0,1.0,0.0,1.0,0.0,0.0
0.7479810183871014,-0.7263568290762078,-0.744912742088807,0.0,1.0,0.0,1.0,0.0,0.0,0.0,0.0,0.0,1.0
0.022236802766611552,0.8261332345999582,-0.17940411209714488,0.0,1.0,0.0,0.0,1.0,0.0,0.0,0.0,0.0,1.0
-0.9938050991020743,1.480614339875204,1.506350184925618,1.0,0.0,0.0,0.0,1.0,0.0,0.0,0.0,1.0,0.0
0.7479810183871014,0.47606194573180155,-0.02860181076603523,1.0,0.0,0.0,0.0,1.0,0.0,0.0,0.0,0.0,1.0
0.5302577537009545,-0.8709514918695765,-0.8957150434199167,1.0,0.0,0.0,0.0,1.0,0.0,0.0,1.0,0.0,0.0
-0.7035074128538783,-0.38389578561823007,-1.3104213720804687,1.0,0.0,0.0,0.0,0.0,1.0,0.0,0.0,1.0,0.0
0.3125344890148075,-1.1525305720461352,-0.3894501746654767,0.0,1.0,0.0,0.0,0.0,1.0,0.0,0.0,1.0,0.0
1.1108531261973464,-1.6395862782974817,0.7684960676984022,1.0,0.0,0.0,0.0,0.0,0.0,1.0,0.0,0.0,1.0
-0.05033761879543743,0.8261332345999582,-1.515081638172689,1.0,0.0,0.0,0.0,0.0,0.0,1.0,1.0,0.0,0.0
-1.3566772069123192,0.1868726201450661,0.5638358016061819,1.0,0.0,0.0,0.0,0.0,1.0,0.0,0.0,1.0,0.0
0.09481122432866054,0.7652512713185391,-1.4127515051265789,1.0,0.0,0.0,0.0,1.0,0.0,0.0,0.0,1.0,0.0
1.6914484986937381,0.03466771194152045,-0.8957150434199167,1.0,0.0,1.0,0.0,0.0,0.0,0.0,0.0,0.0,1.0
-0.05033761879543743,0.711979553447299,-1.0572889377032486,0.0,1.0,1.0,0.0,0.0,0.0,0.0,0.0,1.0,0.0
0.9657042830732484,-1.624365787477128,-1.1380758848449146,1.0,0.0,0.0,1.0,0.0,0.0,0.0,1.0,0.0,0.0
-1.0663795206641233,0.6510975901658799,-1.4396804875071343,1.0,0.0,0.0,0.0,0.0,0.0,1.0,0.0,1.0,0.0
0.09481122432866054,-1.1220895904054278,1.4901927954972851,0.0,1.0,0.0,1.0,0.0,0.0,0.0,1.0,0.0,0.0
0.7479810183871014,0.43040047327073827,-0.21710468742992248,0.0,1.0,0.0,1.0,0.0,0.0,0.0,0.0,0.0,1.0
-0.9212306775400253,1.4349528674141407,0.24607380951562874,1.0,0.0,0.0,0.0,0.0,1.0,0.0,1.0,0.0,0.0
-0.48578414816773136,-1.2058022899173775,-1.5904827888382438,1.0,0.0,0.0,0.0,0.0,0.0,1.0,0.0,0.0,1.0
-0.7035074128538783,1.5110553215159137,-0.7233695561843628,1.0,0.0,0.0,0.0,0.0,1.0,0.0,1.0,0.0,0.0
1.2560019693214444,0.33907752834861177,1.156273413978399,1.0,0.0,0.0,1.0,0.0,0.0,0.0,0.0,1.0,0.0
1.1834275477593954,-1.030766645483299,-0.43253654647436507,1.0,0.0,0.0,0.0,0.0,1.0,0.0,0.0,1.0,0.0
0.16738564589070953,-1.4112789159921633,0.5476784121778489,0.0,1.0,0.0,0.0,0.0,0.0,1.0,1.0,0.0,0.0
0.7479810183871014,-1.2895149894293272,0.816968235983402,1.0,0.0,0.0,0.0,0.0,0.0,1.0,0.0,0.0,1.0
0.022236802766611552,-0.07187572380096194,-0.9980451764660268,1.0,0.0,1.0,0.0,0.0,0.0,0.0,0.0,1.0,0.0
-1.2115283637882213,0.0042267303008108855,-0.40022176761769895,1.0,0.0,0.0,0.0,1.0,0.0,0.0,0.0,1.0,0.0
-0.6309329912918293,0.34668777375878856,-0.37329278523714365,0.0,1.0,0.0,0.0,1.0,0.0,0.0,0.0,0.0,1.0
1.1108531261973464,1.5947680210278634,-1.3696651333176906,1.0,0.0,0.0,0.0,0.0,1.0,0.0,0.0,1.0,0.0
0.8205554399491504,0.4988926819623342,-1.1273042918926925,1.0,0.0,0.0,0.0,0.0,0.0,1.0,1.0,0.0,0.0
-1.3566772069123192,0.9935586336238575,0.41841929675118295,0.0,1.0,0.0,0.0,1.0,0.0,0.0,0.0,0.0,1.0
-0.19548646191953542,1.2446967321597089,-0.9441872117049162,1.0,0.0,1.0,0.0,0.0,0.0,0.0,1.0,0.0,0.0
-1.4292516284743682,1.160984032647757,1.6786956721611723,1.0,0.0,0.0,0.0,0.0,0.0,1.0,0.0,1.0,0.0
-0.9938050991020743,-0.0033835151093659648,0.7846534571267352,0.0,1.0,0.0,0.0,1.0,0.0,0.0,0.0,1.0,0.0
-0.48578414816773136,0.057498448172051,-0.43792234295047655,0.0,1.0,0.0,0.0,0.0,1.0,0.0,1.0,0.0,0.0
-0.6309329912918293,-1.6700272599381913,-1.3050355756043577,0.0,1.0,0.0,0.0,1.0,0.0,0.0,0.0,0.0,1.0
-0.48578414816773136,-1.4417198976328727,-1.5635538064576886,1.0,0.0,0.0,0.0,0.0,1.0,0.0,1.0,0.0,0.0
-1.4292516284743682,0.574995136064107,0.9462273514100671,1.0,0.0,1.0,0.0,0.0,0.0,0.0,1.0,0.0,0.0
1.1108531261973464,-0.20886014118415389,-0.21171889095381172,0.0,1.0,0.0,0.0,1.0,0.0,0.0,0.0,0.0,1.0
0.022236802766611552,0.14121114768400284,0.7846534571267352,1.0,0.0,0.0,0.0,1.0,0.0,0.0,0.0,1.0,0.0
0.3851089105768565,-0.35345480397752055,-1.5527822135054667,1.0,0.0,0.0,1.0,0.0,0.0,0.0,0.0,0.0,1.0
0.6754065968250524,1.6328192480787498,0.08449991523229682,0.0,1.0,0.0,0.0,0.0,0.0,1.0,0.0,0.0,1.0
-0.3406353050436334,0.894625443291552,0.49382044741673814,1.0,0.0,1.0,0.0,0.0,0.0,0.0,0.0,0.0,1.0
-0.2680608834815844,-0.14797817790273476,0.48843465094062666,1.0,0.0,0.0,0.0,0.0,0.0,1.0,1.0,0.0,0.0
-1.3566772069123192,-1.4721608792735823,1.123958635121732,0.0,1.0,0.0,1.0,0.0,0.0,0.0,0.0,0.0,1.0
-0.5583585697297804,0.31624679211807905,-0.3894501746654767,0.0,1.0,0.0,0.0,0.0,1.0,0.0,1.0,0.0,0.0
1.1834275477593954,-0.6350338841540812,-1.1111469024643592,0.0,1.0,0.0,1.0,0.0,0.0,0.0,0.0,1.0,0.0
1.6914484986937381,0.3314672829384349,0.8492830148400681,0.0,1.0,0.0,0.0,1.0,0.0,0.0,0.0,1.0,0.0
0.022236802766611552,-1.1449203266359582,0.07372832228007453,0.0,1.0,0.0,0.0,0.0,0.0,1.0,1.0,0.0,0.0
0.3125344890148075,0.9326766703424385,1.253217750548398,1.0,0.0,0.0,0.0,0.0,0.0,1.0,0.0,0.0,1.0
1.6188740771316892,-0.5589314300523085,-1.5420106205532444,0.0,1.0,0.0,1.0,0.0,0.0,0.0,1.0,0.0,0.0
-0.7760818344159273,0.6587078355760567,0.18683004827840735,1.0,0.0,1.0,0.0,0.0,0.0,0.0,0.0,1.0,0.0
0.09481122432866054,-0.4219470126691165,0.8654404042684012,0.0,1.0,1.0,0.0,0.0,0.0,0.0,0.0,0.0,1.0
0.3125344890148075,-1.304735480249681,1.2101313787395096,0.0,1.0,1.0,0.0,0.0,0.0,0.0,0.0,0.0,1.0
-1.2841027853502702,-1.624365787477128,1.6894672651133937,1.0,0.0,0.0,0.0,0.0,0.0,1.0,0.0,1.0,0.0
-0.9212306775400253,1.3740709041327217,0.06295672932785301,0.0,1.0,0.0,0.0,0.0,0.0,1.0,0.0,1.0,0.0
0.8931298615111994,-1.434109652222696,-0.8472428751349171,1.0,0.0,0.0,0.0,0.0,0.0,1.0,0.0,1.0,0.0
-1.1389539422261723,0.3086365467079022,-1.4396804875071343,1.0,0.0,0.0,0.0,0.0,0.0,1.0,0.0,0.0,1.0
1.6188740771316892,-1.6700272599381913,-0.40022176761769895,1.0,0.0,0.0,0.0,1.0,0.0,0.0,0.0,0.0,1.0
-1.3566772069123192,0.5673848906539302,0.450734075607849,0.0,1.0,0.0,0.0,0.0,0.0,1.0,0.0,1.0,0.0
-1.2841027853502702,-0.9622744367917031,-0.43792234295047655,0.0,1.0,0.0,0.0,1.0,0.0,0.0,1.0,0.0,0.0
-0.4132097266056824,0.27058531965701577,-0.6695115914232522,1.0,0.0,1.0,0.0,0.0,0.0,0.0,0.0,0.0,1.0
-0.05033761879543743,-0.6730851112049677,1.3393904941661747,0.0,1.0,1.0,0.0,0.0,0.0,0.0,0.0,1.0,0.0
0.3125344890148075,-1.1525305720461352,-0.9441872117049162,0.0,1.0,0.0,0.0,0.0,0.0,1.0,0.0,1.0,0.0
1.2560019693214444,1.1229328055968706,-0.42176495352214277,1.0,0.0,0.0,1.0,0.0,0.0,0.0,0.0,1.0,0.0
1.6914484986937381,-1.5939248058364184,-0.6425826090426968,0.0,1.0,0.0,0.0,0.0,1.0,0.0,0.0,0.0,1.0
-1.2841027853502702,-0.5741519208726621,0.17605845532618505,1.0,0.0,0.0,0.0,0.0,1.0,0.0,0.0,0.0,1.0
0.09481122432866054,-0.33062406774699,1.1670450069306213,1.0,0.0,0.0,1.0,0.0,0.0,0.0,0.0,1.0,0.0
1.3285763908834933,-0.9242232097408167,1.172430803406732,0.0,1.0,0.0,1.0,0.0,0.0,0.0,0.0,1.0,0.0
0.9657042830732484,1.297968450030949,1.4740354060689513,1.0,0.0,0.0,1.0,0.0,0.0,0.0,1.0,0.0,0.0
0.6028321752630035,1.1838147688782896,-1.595868585314355,1.0,0.0,1.0,0.0,0.0,0.0,0.0,1.0,0.0,0.0
-1.574400471598466,-1.555873578785532,-1.2027054425582475,0.0,1.0,0.0,0.0,0.0,0.0,1.0,0.0,1.0,0.0
0.8931298615111994,0.46084145491144785,-0.26557685571492234,1.0,0.0,0.0,0.0,0.0,0.0,1.0,0.0,0.0,1.0
0.022236802766611552,1.351240167902189,-0.012444421337702192,1.0,0.0,0.0,1.0,0.0,0.0,0.0,0.0,1.0,0.0
-1.4292516284743682,-1.677637505348368,-1.4127515051265789,1.0,0.0,1.0,0.0,0.0,0.0,0.0,0.0,0.0,1.0
-1.574400471598466,0.44562096409109414,-1.068060530655471,0.0,1.0,0.0,1.0,0.0,0.0,0.0,0.0,0.0,1.0
0.3851089105768565,-0.9851051730222358,-1.2619492037954692,0.0,1.0,1.0,0.0,0.0,0.0,0.0,0.0,0.0,1.0
0.4576833321389055,0.3695185099893213,1.4740354060689513,1.0,0.0,0.0,1.0,0.0,0.0,0.0,1.0,0.0,0.0
1.4011508124455423,0.7804717621388928,0.25684540246785104,1.0,0.0,0.0,0.0,0.0,1.0,0.0,0.0,0.0,1.0
0.3125344890148075,0.9555074065729712,-1.3858225227460237,1.0,0.0,0.0,0.0,0.0,0.0,1.0,1.0,0.0,0.0
-1.2115283637882213,-1.030766645483299,0.0952715081845191,0.0,1.0,0.0,0.0,0.0,0.0,1.0,1.0,0.0,0.0
-1.0663795206641233,-0.5284904484115989,-0.48639451123547567,1.0,0.0,0.0,0.0,1.0,0.0,0.0,0.0,0.0,1.0
0.16738564589070953,1.3892913949530754,1.3070757153095085,1.0,0.0,0.0,0.0,0.0,0.0,1.0,0.0,1.0,0.0
-1.5018260500364171,0.20970335637559664,-0.07707397905103512,1.0,0.0,0.0,1.0,0.0,0.0,0.0,1.0,0.0,0.0
1.4737252340075913,-0.5284904484115989,1.2801467329289533,0.0,1.0,0.0,1.0,0.0,0.0,0.0,1.0,0.0,0.0
-1.4292516284743682,1.4045118857734313,-0.06091658962270208,0.0,1.0,0.0,0.0,0.0,0.0,1.0,0.0,0.0,1.0
-1.574400471598466,1.0696610877256305,-0.5348666795204756,0.0,1.0,1.0,0.0,0.0,0.0,0.0,1.0,0.0,0.0
0.6754065968250524,-1.2819047440191502,-0.13093194381214576,0.0,1.0,0.0,0.0,0.0,1.0,0.0,0.0,1.0,0.0
0.8931298615111994,-0.3154035769266341,-0.050144996670479794,0.0,1.0,0.0,0.0,1.0,0.0,0.0,0.0,1.0,0.0
-0.7760818344159273,-1.1220895904054278,-1.1919338496060252,1.0,0.0,1.0,0.0,0.0,0.0,0.0,0.0,1.0,0.0
-0.7035074128538783,-1.1829715536868448,1.5763655391150617,1.0,0.0,0.0,0.0,1.0,0.0,0.0,0.0,1.0,0.0
-0.2680608834815844,-0.8861719826899302,0.5369068192256266,1.0,0.0,0.0,1.0,0.0,0.0,0.0,1.0,0.0,0.0
0.8931298615111994,-0.33823431315716684,-0.13093194381214576,0.0,1.0,0.0,0.0,0.0,0.0,1.0,0.0,1.0,0.0
-1.2115283637882213,-1.5178223517346456,0.9462273514100671,1.0,0.0,0.0,0.0,0.0,1.0,0.0,0.0,1.0,0.0
1.4737252340075913,0.4075697370402077,0.4992062438928489,0.0,1.0,0.0,0.0,1.0,0.0,0.0,1.0,0.0,0.0
-1.2115283637882213,0.46084145491144785,0.7900392536028467,1.0,0.0,1.0,0.0,0.0,0.0,0.0,1.0,0.0,0.0
0.022236802766611552,-0.9318334551509957,1.6840814686372831,0.0,1.0,0.0,0.0,0.0,1.0,0.0,0.0,1.0,0.0
-0.7760818344159273,0.24014433801630622,1.3717052730228414,1.0,0.0,0.0,0.0,0.0,0.0,1.0,0.0,1.0,0.0
-1.3566772069123192,1.4958348306955578,-0.7718417244693623,0.0,1.0,0.0,0.0,1.0,0.0,0.0,1.0,0.0,0.0
1.2560019693214444,-0.06426547839078509,1.0000853161711778,1.0,0.0,0.0,1.0,0.0,0.0,0.0,0.0,0.0,1.0
-1.0663795206641233,1.419732376593785,-1.682041328932132,0.0,1.0,0.0,1.0,0.0,0.0,0.0,0.0,1.0,0.0
0.7479810183871014,-0.6578646203846118,-0.992659379989916,1.0,0.0,1.0,0.0,0.0,0.0,0.0,0.0,1.0,0.0
-1.0663795206641233,0.5369439090132206,-0.0716881825749236,1.0,0.0,0.0,0.0,0.0,1.0,0.0,0.0,1.0,0.0
0.16738564589070953,1.0392201060849209,1.0324000950278447,0.0,1.0,0.0,0.0,0.0,1.0,0.0,1.0,0.0,0.0
0.7479810183871014,-1.1905817990970216,0.6715517311284032,1.0,0.0,0.0,0.0,1.0,0.0,0.0,0.0,1.0,0.0
1.4737252340075913,-1.1449203266359582,-1.4450662839832453,0.0,1.0,0.0,0.0,0.0,0.0,1.0,1.0,0.0,0.0
-0.4132097266056824,-1.5710940696058857,1.123958635121732,0.0,1.0,1.0,0.0,0.0,0.0,0.0,1.0,0.0,0.0
1.4011508124455423,0.36190826457914227,1.0701006703606215,0.0,1.0,0.0,0.0,1.0,0.0,0.0,1.0,0.0,0.0
0.8931298615111994,-0.25452161364521714,0.07372832228007453,1.0,0.0,0.0,1.0,0.0,0.0,0.0,0.0,0.0,1.0
0.8931298615111994,0.5673848906539302,1.732553636922283,0.0,1.0,0.0,0.0,0.0,1.0,0.0,1.0,0.0,0.0
-1.7195493147225642,0.9250664249322617,0.434576686179516,1.0,0.0,1.0,0.0,0.0,0.0,0.0,0.0,1.0,0.0
0.3851089105768565,0.20970335637559664,-1.3373503544610241,1.0,0.0,0.0,1.0,0.0,0.0,0.0,1.0,0.0,0.0
1.3285763908834933,-1.616755542066951,-0.6425826090426968,1.0,0.0,0.0,0.0,0.0,0.0,1.0,0.0,0.0,1.0
0.6754065968250524,-0.772018301537271,-0.19017570504936715,1.0,0.0,0.0,0.0,0.0,0.0,1.0,0.0,1.0,0.0
-0.2680608834815844,1.2142557505189993,-1.4773810628399118,0.0,1.0,1.0,0.0,0.0,0.0,0.0,0.0,0.0,1.0
-0.48578414816773136,-0.7644080561270942,-0.7233695561843628,0.0,1.0,0.0,0.0,0.0,0.0,1.0,0.0,0.0,1.0
0.09481122432866054,-1.0155461546629454,0.7415670853178468,1.0,0.0,0.0,1.0,0.0,0.0,0.0,1.0,0.0,0.0
-0.2680608834815844,0.574995136064107,0.897755183125068,0.0,1.0,0.0,1.0,0.0,0.0,0.0,0.0,1.0,0.0
-0.9212306775400253,-0.3001830861062804,-0.02860181076603523,1.0,0.0,0.0,0.0,0.0,1.0,0.0,0.0,1.0,0.0
0.6754065968250524,-0.9927154184324126,1.0647148738845107,1.0,0.0,0.0,0.0,0.0,0.0,1.0,1.0,0.0,0.0
1.3285763908834933,-0.14797817790273476,0.4830488544645159,1.0,0.0,1.0,0.0,0.0,0.0,0.0,0.0,1.0,0.0
0.3851089105768565,0.909845934111908,0.29454597780062863,1.0,0.0,0.0,0.0,0.0,0.0,1.0,0.0,0.0,1.0
-0.4132097266056824,1.7089217021805225,0.7200238994134023,1.0,0.0,1.0,0.0,0.0,0.0,0.0,1.0,0.0,0.0
0.7479810183871014,-1.236243271558087,-0.5833388478054747,0.0,1.0,0.0,1.0,0.0,0.0,0.0,0.0,1.0,0.0
0.16738564589070953,0.8185229891897793,-1.6497265500754656,0.0,1.0,0.0,0.0,0.0,0.0,1.0,0.0,1.0,0.0
-0.7035074128538783,-1.1068690995850718,0.9677705373145117,0.0,1.0,0.0,0.0,0.0,0.0,1.0,0.0,0.0,1.0
-0.05033761879543743,-0.8024592831779807,-1.509695841696578,1.0,0.0,0.0,0.0,1.0,0.0,0.0,0.0,0.0,1.0
-1.4292516284743682,-0.18602940495362116,1.4848069990211736,1.0,0.0,0.0,0.0,1.0,0.0,0.0,0.0,1.0,0.0
0.9657042830732484,-0.1784191595434443,-0.8526286716110283,0.0,1.0,0.0,0.0,1.0,0.0,0.0,1.0,0.0,0.0
0.4576833321389055,1.1305430510070495,1.0539432809322884,0.0,1.0,0.0,0.0,1.0,0.0,0.0,1.0,0.0,0.0
-0.8486562559779763,0.057498448172051,-0.40022176761769895,0.0,1.0,1.0,0.0,0.0,0.0,0.0,1.0,0.0,0.0
0.3125344890148075,-0.7567978107169173,-0.319434820476033,1.0,0.0,0.0,0.0,1.0,0.0,0.0,0.0,1.0,0.0
0.16738564589070953,-1.0155461546629454,0.42919088970340524,1.0,0.0,0.0,0.0,1.0,0.0,0.0,1.0,0.0,0.0
0.5302577537009545,0.12599065686364697,0.2622311989439618,1.0,0.0,0.0,0.0,0.0,1.0,0.0,0.0,1.0,0.0
-0.12291204035748642,-1.0231564000731221,0.6338511557956256,0.0,1.0,0.0,1.0,0.0,0.0,0.0,0.0,1.0,0.0
-0.7035074128538783,-1.297125234839504,-0.9711161940854715,1.0,0.0,0.0,0.0,0.0,1.0,0.0,0.0,0.0,1.0
1.2560019693214444,-0.23169087741468444,-0.416379157046032,0.0,1.0,0.0,0.0,1.0,0.0,0.0,0.0,1.0,0.0
0.09481122432866054,1.7089217021805225,0.4830488544645159,1.0,0.0,0.0,0.0,1.0,0.0,0.0,0.0,1.0,0.0
-0.2680608834815844,-1.5863145604262416,0.8600546077922904,0.0,1.0,0.0,0.0,0.0,1.0,0.0,0.0,1.0,0.0
-0.7035074128538783,0.13360090227382382,0.30531757075285093,0.0,1.0,1.0,0.0,0.0,0.0,0.0,1.0,0.0,0.0
-0.2680608834815844,0.2629750742468389,0.596150580462848,1.0,0.0,0.0,0.0,0.0,1.0,0.0,1.0,0.0,0.0
-1.1389539422261723,-0.5665416754624852,-1.0465173447510268,0.0,1.0,0.0,0.0,0.0,0.0,1.0,0.0,0.0,1.0
1.6914484986937381,-0.29257284069610356,1.1401160245500659,0.0,1.0,1.0,0.0,0.0,0.0,0.0,0.0,0.0,1.0
0.8931298615111994,-1.3503969527107462,1.5332791673061734,0.0,1.0,0.0,0.0,0.0,0.0,1.0,1.0,0.0,0.0
-0.4132097266056824,-0.16319866872308847,-1.0626747341793596,1.0,0.0,0.0,0.0,0.0,1.0,0.0,1.0,0.0,0.0
0.16738564589070953,-0.5665416754624852,1.6625382827328385,0.0,1.0,0.0,0.0,1.0,0.0,0.0,1.0,0.0,0.0
0.7479810183871014,-1.4569403884532264,-0.91187243284825,0.0,1.0,0.0,0.0,0.0,0.0,1.0,0.0,1.0,0.0
1.3285763908834933,-1.4569403884532264,0.2299164200872957,1.0,0.0,0.0,0.0,0.0,1.0,0.0,0.0,1.0,0.0
1.2560019693214444,-0.1784191595434443,1.506350184925618,0.0,1.0,0.0,0.0,1.0,0.0,0.0,0.0,0.0,1.0
0.6028321752630035,0.8337434800101351,0.03602774694729769,1.0,0.0,0.0,0.0,1.0,0.0,0.0,0.0,0.0,1.0
1.5462996555696402,0.909845934111908,-1.6227975676949102,0.0,1.0,0.0,0.0,0.0,0.0,1.0,0.0,0.0,1.0
1.6914484986937381,-1.304735480249681,1.107801245693399,0.0,1.0,0.0,0.0,1.0,0.0,0.0,0.0,0.0,1.0
-0.7760818344159273,-0.2773523498757477,0.7038665099850692,0.0,1.0,0.0,0.0,1.0,0.0,0.0,0.0,1.0,0.0
1.4011508124455423,-1.6548067691178376,0.9085267760772895,0.0,1.0,0.0,1.0,0.0,0.0,0.0,0.0,0.0,1.0
-0.12291204035748642,0.7652512713185391,-0.7179837597082513,1.0,0.0,0.0,1.0,0.0,0.0,0.0,0.0,0.0,1.0
-0.7035074128538783,1.412122131183608,0.337632349609517,0.0,1.0,0.0,0.0,0.0,0.0,1.0,1.0,0.0,0.0
0.8931298615111994,0.057498448172051,1.3717052730228414,0.0,1.0,0.0,0.0,1.0,0.0,0.0,0.0,0.0,1.0
0.9657042830732484,1.7089217021805225,1.5332791673061734,1.0,0.0,1.0,0.0,0.0,0.0,0.0,0.0,0.0,1.0
-1.4292516284743682,-1.373227688941277,0.04141354342340845,0.0,1.0,0.0,0.0,0.0,1.0,0.0,0.0,1.0,0.0
-1.646974893160515,-0.41433676725893964,-0.02860181076603523,0.0,1.0,0.0,1.0,0.0,0.0,0.0,1.0,0.0,0.0
-1.7195493147225642,-0.5132699575912452,-1.5635538064576886,1.0,0.0,0.0,0.0,1.0,0.0,0.0,0.0,1.0,0.0
-1.1389539422261723,1.1762045234681129,-1.008816769418249,0.0,1.0,0.0,0.0,1.0,0.0,0.0,0.0,0.0,1.0
-1.574400471598466,-1.6395862782974817,0.5853789875106257,1.0,0.0,0.0,0.0,0.0,1.0,0.0,0.0,0.0,1.0
-0.9212306775400253,-0.04143474216025238,1.5440507602583957,1.0,0.0,1.0,0.0,0.0,0.0,0.0,0.0,0.0,1.0
0.8931298615111994,-1.7004682415789008,0.897755183125068,0.0,1.0,0.0,1.0,0.0,0.0,0.0,0.0,1.0,0.0
0.022236802766611552,1.5034450761057347,-1.2242486284626917,1.0,0.0,0.0,1.0,0.0,0.0,0.0,0.0,1.0,0.0
-0.12291204035748642,1.343629922492012,-0.7879991138976954,1.0,0.0,0.0,0.0,1.0,0.0,0.0,1.0,0.0,0.0
1.1834275477593954,0.5826053814742839,-0.16863251914492336,1.0,0.0,0.0,0.0,1.0,0.0,0.0,0.0,1.0,0.0
-0.3406353050436334,-1.6471965237076585,-0.007058624861591433,0.0,1.0,1.0,0.0,0.0,0.0,0.0,0.0,0.0,1.0
0.7479810183871014,1.5795475302075075,-1.0142025658943603,1.0,0.0,1.0,0.0,0.0,0.0,0.0,0.0,0.0,1.0
-0.7035074128538783,-0.38389578561823007,0.1922158447545181,1.0,0.0,0.0,1.0,0.0,0.0,0.0,1.0,0.0,0.0
1.1834275477593954,1.480614339875204,0.4992062438928489,1.0,0.0,0.0,0.0,1.0,0.0,0.0,0.0,0.0,1.0
1.6914484986937381,1.7089217021805225,-0.9711161940854715,0.0,1.0,0.0,0.0,1.0,0.0,0.0,0.0,1.0,0.0
-1.574400471598466,-1.5330428425549993,-0.33559220990436606,0.0,1.0,0.0,1.0,0.0,0.0,0.0,0.0,1.0,0.0
-0.12291204035748642,-0.3762855402080532,-0.09861716495547891,0.0,1.0,1.0,0.0,0.0,0.0,0.0,1.0,0.0,0.0
0.4576833321389055,0.8337434800101351,1.334004697690064,0.0,1.0,0.0,0.0,0.0,1.0,0.0,1.0,0.0,0.0
-0.9212306775400253,0.06510869358223001,-1.6551123465515767,0.0,1.0,0.0,0.0,0.0,1.0,0.0,0.0,1.0,0.0
-1.7195493147225642,-0.8633412464593997,-1.3804367262699124,0.0,1.0,0.0,0.0,0.0,1.0,0.0,0.0,1.0,0.0
0.5302577537009545,0.1868726201450661,-1.2080912390343586,0.0,1.0,0.0,0.0,0.0,0.0,1.0,0.0,1.0,0.0
0.09481122432866054,1.3207991862614816,0.816968235983402,1.0,0.0,1.0,0.0,0.0,0.0,0.0,0.0,0.0,1.0
1.3285763908834933,1.0011688790340345,-0.13631774028825652,1.0,0.0,0.0,0.0,0.0,0.0,1.0,0.0,0.0,1.0
-0.7760818344159273,-1.2438535169682639,0.7200238994134023,0.0,1.0,0.0,0.0,1.0,0.0,0.0,1.0,0.0,0.0
-0.7760818344159273,-1.4797711246837593,-0.7125979632321405,1.0,0.0,0.0,0.0,1.0,0.0,0.0,0.0,1.0,0.0
1.4737252340075913,0.6663180809862336,1.6463808933045054,0.0,1.0,0.0,0.0,0.0,1.0,0.0,1.0,0.0,0.0
0.16738564589070953,-0.7567978107169173,0.48843465094062666,1.0,0.0,1.0,0.0,0.0,0.0,0.0,0.0,0.0,1.0
0.6754065968250524,1.0848815785459842,-1.1326900883688034,1.0,0.0,0.0,0.0,1.0,0.0,0.0,1.0,0.0,0.0
1.4011508124455423,1.297968450030949,-1.4612236734115784,0.0,1.0,0.0,0.0,1.0,0.0,0.0,0.0,1.0,0.0
-1.4292516284743682,1.2675274683902393,1.7110104510178383,0.0,1.0,0.0,0.0,0.0,1.0,0.0,1.0,0.0,0.0
1.1834275477593954,-1.6319760328873048,-1.3265787615088018,0.0,1.0,0.0,0.0,0.0,1.0,0.0,0.0,1.0,0.0
0.7479810183871014,0.643487344755703,0.2891601813245171,0.0,1.0,0.0,1.0,0.0,0.0,0.0,1.0,0.0,0.0
0.8931298615111994,-0.43716750348947236,1.0701006703606215,0.0,1.0,0.0,1.0,0.0,0.0,0.0,0.0,0.0,1.0
-1.0663795206641233,1.2370864867495297,-0.6587399984710299,1.0,0.0,0.0,0.0,1.0,0.0,0.0,1.0,0.0,0.0
-1.2115283637882213,1.6023782664380402,1.732553636922283,0.0,1.0,0.0,1.0,0.0,0.0,0.0,0.0,1.0,0.0
-0.7760818344159273,1.4653938490548482,-1.1219184954165815,1.0,0.0,0.0,1.0,0.0,0.0,0.0,0.0,0.0,1.0
-1.574400471598466,-1.502601860914292,0.3484039425617393,0.0,1.0,0.0,0.0,0.0,1.0,0.0,0.0,0.0,1.0
1.6188740771316892,1.6175987572583939,0.43996248265562754,0.0,1.0,0.0,1.0,0.0,0.0,0.0,0.0,0.0,1.0
0.6028321752630035,-1.099258854174895,0.2891601813245171,0.0,1.0,1.0,0.0,0.0,0.0,0.0,0.0,1.0,0.0
1.0382787046352975,1.5414963031566211,-1.175776460177692,1.0,0.0,0.0,0.0,0.0,1.0,0.0,0.0,1.0,0.0
1.3285763908834933,0.9707278973933249,-0.6264252196143638,1.0,0.0,0.0,0.0,1.0,0.0,0.0,0.0,1.0,0.0
-0.12291204035748642,-1.5178223517346456,1.4201774413078405,1.0,0.0,0.0,0.0,0.0,0.0,1.0,0.0,1.0,0.0
1.4011508124455423,-0.07187572380096194,0.39149031437062765,0.0,1.0,0.0,0.0,1.0,0.0,0.0,0.0,1.0,0.0
-1.3566772069123192,0.6815385718065895,1.6786956721611723,0.0,1.0,0.0,0.0,1.0,0.0,0.0,1.0,0.0,0.0
0.8931298615111994,-1.5634838241957087,0.35917553551396153,0.0,1.0,0.0,1.0,0.0,0.0,0.0,1.0,0.0,0.0
-1.646974893160515,-1.4569403884532264,-1.068060530655471,1.0,0.0,1.0,0.0,0.0,0.0,0.0,0.0,1.0,0.0
1.1108531261973464,-1.6852477507585448,-0.03398760724214676,1.0,0.0,0.0,0.0,1.0,0.0,0.0,0.0,1.0,0.0
1.4011508124455423,-1.6700272599381913,-0.7502985385649181,1.0,0.0,0.0,1.0,0.0,0.0,0.0,0.0,1.0,0.0
-0.4132097266056824,-0.41433676725893964,-0.7341411491365851,1.0,0.0,0.0,0.0,1.0,0.0,0.0,0.0,1.0,0.0
-1.5018260500364171,1.343629922492012,-1.1111469024643592,0.0,1.0,0.0,1.0,0.0,0.0,0.0,0.0,1.0,0.0
-0.5583585697297804,-0.787238792357627,-0.594110440757697,0.0,1.0,0.0,0.0,0.0,1.0,0.0,0.0,1.0,0.0
0.3851089105768565,-1.6852477507585448,-1.4612236734115784,1.0,0.0,0.0,0.0,0.0,1.0,0.0,0.0,0.0,1.0
0.6028321752630035,0.25536482883666206,-1.6874271254082434,1.0,0.0,1.0,0.0,0.0,0.0,0.0,0.0,0.0,1.0
-0.12291204035748642,-1.0383768908934758,0.13835787999340746,1.0,0.0,1.0,0.0,0.0,0.0,0.0,0.0,1.0,0.0
1.1108531261973464,-1.3351764618903903,-1.0195883623704713,1.0,0.0,0.0,1.0,0.0,0.0,0.0,0.0,1.0,0.0
1.3285763908834933,-0.0033835151093659648,-0.5564098654249193,0.0,1.0,0.0,1.0,0.0,0.0,0.0,1.0,0.0,0.0
-0.19548646191953542,0.13360090227382382,-1.3912083192221347,0.0,1.0,0.0,0.0,1.0,0.0,0.0,1.0,0.0,0.0
0.16738564589070953,1.229476241339353,-1.2134770355104694,0.0,1.0,0.0,1.0,0.0,0.0,0.0,0.0,1.0,0.0
0.5302577537009545,1.15337378723758,0.34301814608562775,1.0,0.0,1.0,0.0,0.0,0.0,0.0,0.0,0.0,1.0
-0.9212306775400253,0.8489639708304888,-1.170390663701581,1.0,0.0,0.0,0.0,0.0,1.0,0.0,0.0,1.0,0.0
-0.48578414816773136,-0.6654748657947909,-0.9603446011332496,1.0,0.0,1.0,0.0,0.0,0.0,0.0,0.0,0.0,1.0
-0.12291204035748642,0.9555074065729712,-1.4073657086504678,0.0,1.0,0.0,0.0,1.0,0.0,0.0,0.0,1.0,0.0
1.4011508124455423,-0.20124989577397487,-1.574325399409911,1.0,0.0,0.0,1.0,0.0,0.0,0.0,0.0,0.0,1.0
0.9657042830732484,1.1990352596986433,-1.251177610843247,0.0,1.0,0.0,1.0,0.0,0.0,0.0,0.0,0.0,1.0
0.8931298615111994,0.1868726201450661,-0.7125979632321405,1.0,0.0,0.0,1.0,0.0,0.0,0.0,1.0,0.0,0.0
-0.19548646191953542,0.8870151978813752,0.4722772615122936,1.0,0.0,0.0,0.0,0.0,0.0,1.0,0.0,1.0,0.0
-1.2115283637882213,-0.23169087741468444,-0.6371968125665853,0.0,1.0,0.0,0.0,1.0,0.0,0.0,0.0,0.0,1.0
0.6754065968250524,-0.5437109392319526,0.35917553551396153,1.0,0.0,0.0,0.0,0.0,0.0,1.0,1.0,0.0,0.0
-1.4292516284743682,-1.1068690995850718,-0.08245977552714587,0.0,1.0,1.0,0.0,0.0,0.0,0.0,1.0,0.0,0.0
1.3285763908834933,0.03466771194152045,1.5655939461628394,0.0,1.0,0.0,1.0,0.0,0.0,0.0,1.0,0.0,0.0
0.4576833321389055,0.1640418839145334,-0.055530793146590554,0.0,1.0,0.0,0.0,0.0,0.0,1.0,0.0,1.0,0.0
-1.7195493147225642,0.3086365467079022,-1.3265787615088018,0.0,1.0,0.0,1.0,0.0,0.0,0.0,0.0,0.0,1.0
-0.2680608834815844,1.5338860577464442,-1.3211929650326906,0.0,1.0,0.0,0.0,1.0,0.0,0.0,0.0,0.0,1.0
-1.1389539422261723,0.28580581047736947,-0.9011008398960278,0.0,1.0,0.0,0.0,0.0,1.0,0.0,0.0,1.0,0.0
1.1108531261973464,0.514113172782688,-0.11477455438381272,0.0,1.0,0.0,0.0,0.0,1.0,0.0,1.0,0.0,0.0
0.09481122432866054,0.6206566085251704,-0.61026783018603,0.0,1.0,1.0,0.0,0.0,0.0,0.0,1.0,0.0,0.0
1.3285763908834933,-0.07187572380096194,0.5799931910345149,1.0,0.0,0.0,0.0,0.0,0.0,1.0,1.0,0.0,0.0
-0.12291204035748642,1.0696610877256305,-1.2457918143671358,1.0,0.0,1.0,0.0,0.0,0.0,0.0,0.0,0.0,1.0
0.16738564589070953,-1.5178223517346456,1.269375139976731,1.0,0.0,0.0,1.0,0.0,0.0,0.0,1.0,0.0,0.0
1.0382787046352975,-0.42955725807929335,1.1508876175022873,0.0,1.0,1.0,0.0,0.0,0.0,0.0,1.0,0.0,0.0
1.1108531261973464,-0.5969826571031949,-0.22787628038214477,0.0,1.0,0.0,0.0,1.0,0.0,0.0,0.0,0.0,1.0
0.4576833321389055,1.5795475302075075,1.6409950968283946,0.0,1.0,0.0,0.0,0.0,1.0,0.0,0.0,0.0,1.0
-1.0663795206641233,0.08793942981276055,-1.1057611059882482,1.0,0.0,1.0,0.0,0.0,0.0,0.0,1.0,0.0,0.0
-0.5583585697297804,-0.16319866872308847,0.6015363769389594,1.0,0.0,0.0,1.0,0.0,0.0,0.0,1.0,0.0,0.0
-1.574400471598466,1.1305430510070495,-0.9441872117049162,0.0,1.0,1.0,0.0,0.0,0.0,0.0,0.0,1.0,0.0
1.2560019693214444,-1.2590740077886176,1.3932484589272853,1.0,0.0,0.0,0.0,0.0,0.0,1.0,0.0,1.0,0.0
-0.48578414816773136,1.0924918239561632,0.03602774694729769,1.0,0.0,0.0,1.0,0.0,0.0,0.0,0.0,1.0,0.0
0.022236802766611552,0.8033024983694256,0.5799931910345149,1.0,0.0,0.0,0.0,0.0,1.0,0.0,0.0,0.0,1.0
-0.19548646191953542,1.6937012113601666,-0.01783021781381295,0.0,1.0,0.0,0.0,1.0,0.0,0.0,0.0,0.0,1.0
1.4011508124455423,0.28580581047736947,-1.0626747341793596,1.0,0.0,1.0,0.0,0.0,0.0,0.0,1.0,0.0,0.0
-0.5583585697297804,0.9022356887017311,-0.6748973878993629,1.0,0.0,0.0,0.0,0.0,1.0,0.0,0.0,0.0,1.0
-0.9212306775400253,-0.5437109392319526,1.66792407920895,1.0,0.0,0.0,0.0,0.0,0.0,1.0,0.0,1.0,0.0
-1.2115283637882213,-1.099258854174895,-0.48100871475936496,1.0,0.0,0.0,0.0,0.0,0.0,1.0,0.0,0.0,1.0
-1.5018260500364171,-0.35345480397752055,1.1131870421695105,0.0,1.0,0.0,0.0,0.0,0.0,1.0,1.0,0.0,0.0
-0.2680608834815844,0.4075697370402077,0.04679933989951921,0.0,1.0,0.0,1.0,0.0,0.0,0.0,0.0,0.0,1.0
1.1834275477593954,-0.589372411693018,-0.04475920019436827,1.0,0.0,0.0,0.0,0.0,0.0,1.0,0.0,0.0,1.0
1.1108531261973464,0.2781955650671926,1.5386649637822842,1.0,0.0,0.0,0.0,1.0,0.0,0.0,0.0,0.0,1.0
1.3285763908834933,0.3238570375282559,0.10604310113674137,0.0,1.0,0.0,0.0,0.0,0.0,1.0,0.0,1.0,0.0
1.1108531261973464,0.11838041145347013,-1.1434616813210257,0.0,1.0,0.0,0.0,0.0,0.0,1.0,1.0,0.0,0.0
-0.3406353050436334,0.04988820276187415,0.6015363769389594,0.0,1.0,0.0,0.0,0.0,0.0,1.0,0.0,1.0,0.0
0.8205554399491504,-0.33062406774699,0.45611987208396054,0.0,1.0,0.0,0.0,0.0,0.0,1.0,1.0,0.0,0.0
-0.12291204035748642,-0.09470646003149465,-0.26557685571492234,0.0,1.0,0.0,0.0,0.0,1.0,0.0,1.0,0.0,0.0
-0.9938050991020743,1.290358204620772,-1.1596190707493588,0.0,1.0,0.0,0.0,0.0,1.0,0.0,0.0,1.0,0.0
-1.2841027853502702,1.0087791244442113,-0.40022176761769895,0.0,1.0,0.0,0.0,0.0,1.0,0.0,1.0,0.0,0.0
0.4576833321389055,0.4988926819623342,0.8061966430311798,1.0,0.0,1.0,0.0,0.0,0.0,0.0,0.0,0.0,1.0
-0.7035074128538783,-1.3351764618903903,-1.5527822135054667,1.0,0.0,0.0,0.0,0.0,0.0,1.0,1.0,0.0,0.0
0.6028321752630035,-0.1708089141332675,-1.0411315482749155,1.0,0.0,0.0,1.0,0.0,0.0,0.0,0.0,0.0,1.0
-0.4132097266056824,-1.099258854174895,-0.6264252196143638,1.0,0.0,0.0,0.0,1.0,0.0,0.0,0.0,1.0,0.0
-1.0663795206641233,-0.6806953566151446,1.0647148738845107,1.0,0.0,0.0,0.0,1.0,0.0,0.0,0.0,1.0,0.0
-0.05033761879543743,1.343629922492012,1.2747609364528425,0.0,1.0,0.0,0.0,0.0,1.0,0.0,1.0,0.0,0.0
0.3851089105768565,-0.772018301537271,-1.6174117712187992,1.0,0.0,0.0,1.0,0.0,0.0,0.0,0.0,0.0,1.0
1.1108531261973464,0.24775458342648304,0.5638358016061819,1.0,0.0,0.0,1.0,0.0,0.0,0.0,1.0,0.0,0.0
-1.7195493147225642,0.37712875539949814,-1.5904827888382438,1.0,0.0,0.0,0.0,0.0,1.0,0.0,0.0,0.0,1.0
-1.2115283637882213,1.0011688790340345,-0.529480883044364,1.0,0.0,0.0,0.0,1.0,0.0,0.0,0.0,1.0,0.0
0.3851089105768565,0.49128243655215736,-1.3912083192221347,0.0,1.0,0.0,1.0,0.0,0.0,0.0,0.0,0.0,1.0
-0.5583585697297804,1.3207991862614816,0.4615056685600713,1.0,0.0,0.0,0.0,1.0,0.0,0.0,0.0,1.0,0.0
1.0382787046352975,-0.6350338841540812,0.6446227487478478,0.0,1.0,1.0,0.0,0.0,0.0,0.0,0.0,1.0,0.0
1.6914484986937381,-0.8557310010492228,-0.6533542019949191,1.0,0.0,0.0,0.0,1.0,0.0,0.0,0.0,0.0,1.0
-1.1389539422261723,-1.3580071981209232,-1.3912083192221347,1.0,0.0,0.0,0.0,0.0,0.0,1.0,0.0,0.0,1.0
-1.574400471598466,-1.6548067691178376,1.350162087118397,0.0,1.0,0.0,0.0,0.0,1.0,0.0,1.0,0.0,0.0
-1.2841027853502702,-0.9927154184324126,-1.154233274273248,0.0,1.0,0.0,1.0,0.0,0.0,0.0,0.0,0.0,1.0
0.3851089105768565,1.031609860674744,-1.7143561077887985,0.0,1.0,1.0,0.0,0.0,0.0,0.0,0.0,1.0,0.0
-1.1389539422261723,1.2142557505189993,-0.30327743104769994,1.0,0.0,1.0,0.0,0.0,0.0,0.0,1.0,0.0,0.0
0.5302577537009545,0.7804717621388928,1.1185728386456213,1.0,0.0,1.0,0.0,0.0,0.0,0.0,0.0,1.0,0.0
0.16738564589070953,1.6099885118482171,1.3717052730228414,0.0,1.0,1.0,0.0,0.0,0.0,0.0,0.0,1.0,0.0
-0.8486562559779763,-0.48282897595053564,0.14912947294562973,0.0,1.0,1.0,0.0,0.0,0.0,0.0,1.0,0.0,0.0
0.09481122432866054,1.366460658722545,-0.6856689808515852,1.0,0.0,0.0,1.0,0.0,0.0,0.0,0.0,1.0,0.0
1.1108531261973464,0.0042267303008108855,1.5440507602583957,1.0,0.0,0.0,0.0,1.0,0.0,0.0,0.0,1.0,0.0
1.2560019693214444,-0.650254374974435,0.5369068192256266,0.0,1.0,0.0,0.0,0.0,1.0,0.0,0.0,1.0,0.0
-1.0663795206641233,-1.0079359092527684,0.434576686179516,1.0,0.0,0.0,0.0,1.0,0.0,0.0,0.0,1.0,0.0
1.6914484986937381,0.9707278973933249,-1.3588935403654683,0.0,1.0,0.0,1.0,0.0,0.0,0.0,1.0,0.0,0.0
1.4737252340075913,-1.1449203266359582,0.1545152694217405,0.0,1.0,0.0,0.0,0.0,0.0,1.0,0.0,1.0,0.0
0.09481122432866054,0.10315992063311642,0.0952715081845191,0.0,1.0,0.0,0.0,0.0,0.0,1.0,0.0,0.0,1.0
0.9657042830732484,1.1077123147765169,-1.1326900883688034,0.0,1.0,0.0,0.0,1.0,0.0,0.0,0.0,1.0,0.0
-1.7195493147225642,0.3314672829384349,0.3484039425617393,1.0,0.0,0.0,0.0,0.0,1.0,0.0,0.0,0.0,1.0
0.6754065968250524,-0.4904392213607125,-0.7879991138976954,1.0,0.0,0.0,0.0,0.0,0.0,1.0,1.0,0.0,0.0
0.8931298615111994,0.8261332345999582,0.5369068192256266,0.0,1.0,0.0,1.0,0.0,0.0,0.0,0.0,0.0,1.0
1.1108531261973464,0.47606194573180155,-1.2619492037954692,1.0,0.0,1.0,0.0,0.0,0.0,0.0,0.0,0.0,1.0
-0.9938050991020743,-1.2514637623784408,-1.4827668593160226,0.0,1.0,0.0,0.0,1.0,0.0,0.0,0.0,0.0,1.0
-1.4292516284743682,-0.2849625952859267,0.9031409796011788,0.0,1.0,0.0,0.0,1.0,0.0,0.0,0.0,0.0,1.0
-0.6309329912918293,0.6891488172167664,1.328618901213953,1.0,0.0,0.0,0.0,0.0,0.0,1.0,1.0,0.0,0.0
-0.19548646191953542,-0.19363965036379802,-0.29789163457158846,1.0,0.0,1.0,0.0,0.0,0.0,0.0,1.0,0.0,0.0
0.8205554399491504,-0.840510510228867,0.14374367646951897,1.0,0.0,0.0,1.0,0.0,0.0,0.0,0.0,1.0,0.0
-0.05033761879543743,1.480614339875204,-1.1003753095121374,1.0,0.0,0.0,0.0,1.0,0.0,0.0,1.0,0.0,0.0
-0.19548646191953542,0.711979553447299,-1.4127515051265789,0.0,1.0,0.0,0.0,1.0,0.0,0.0,0.0,1.0,0.0
-0.9212306775400253,-1.1753613082766678,-1.601254381790466,0.0,1.0,0.0,0.0,1.0,0.0,0.0,1.0,0.0,0.0
-0.9938050991020743,-0.36867529479787636,-1.6551123465515767,1.0,0.0,0.0,0.0,1.0,0.0,0.0,1.0,0.0,0.0
0.6754065968250524,0.5826053814742839,0.6338511557956256,0.0,1.0,0.0,1.0,0.0,0.0,0.0,0.0,1.0,0.0
0.3125344890148075,1.160984032647757,0.6284653593195147,1.0,0.0,0.0,0.0,0.0,1.0,0.0,0.0,1.0,0.0
-0.7035074128538783,1.1077123147765169,0.7469528817939576,0.0,1.0,0.0,0.0,0.0,0.0,1.0,1.0,0.0,0.0
-1.2841027853502702,0.41517998245038457,0.7846534571267352,0.0,1.0,0.0,0.0,1.0,0.0,0.0,1.0,0.0,0.0
1.2560019693214444,1.6480397388991035,-0.17401831562103412,1.0,0.0,0.0,0.0,0.0,1.0,0.0,0.0,0.0,1.0
-1.574400471598466,-0.5817621662828389,-0.4648513253310319,0.0,1.0,0.0,0.0,0.0,0.0,1.0,0.0,0.0,1.0
-1.4292516284743682,-1.677637505348368,0.337632349609517,1.0,0.0,0.0,0.0,1.0,0.0,0.0,0.0,0.0,1.0
-1.0663795206641233,-1.4797711246837593,-1.6928129218843544,1.0,0.0,0.0,0.0,0.0,0.0,1.0,1.0,0.0,0.0
1.3285763908834933,-1.502601860914292,-1.676655532456021,1.0,0.0,0.0,0.0,0.0,1.0,0.0,0.0,1.0,0.0
-0.5583585697297804,-1.6548067691178376,-0.7879991138976954,0.0,1.0,0.0,0.0,0.0,0.0,1.0,0.0,1.0,0.0
-1.5018260500364171,-0.7567978107169173,0.9623847408384001,1.0,0.0,1.0,0.0,0.0,0.0,0.0,1.0,0.0,0.0
1.6188740771316892,-0.05665523298060824,0.29454597780062863,1.0,0.0,0.0,0.0,1.0,0.0,0.0,1.0,0.0,0.0
0.7479810183871014,-1.1981920445072005,-1.2242486284626917,0.0,1.0,0.0,1.0,0.0,0.0,0.0,0.0,0.0,1.0
0.6028321752630035,-1.1525305720461352,0.34301814608562775,0.0,1.0,0.0,0.0,0.0,1.0,0.0,0.0,1.0,0.0
0.6028321752630035,-0.8481207556390439,-0.41099336056992125,1.0,0.0,0.0,1.0,0.0,0.0,0.0,0.0,1.0,0.0
-0.4132097266056824,-1.1449203266359582,-1.1326900883688034,0.0,1.0,1.0,0.0,0.0,0.0,0.0,0.0,0.0,1.0
0.09481122432866054,0.6130463631149935,-0.04475920019436827,1.0,0.0,0.0,0.0,0.0,0.0,1.0,1.0,0.0,0.0
1.5462996555696402,0.909845934111908,-0.6048820337099192,1.0,0.0,0.0,0.0,0.0,0.0,1.0,1.0,0.0,0.0
0.3125344890148075,1.0163893698543902,0.33224655313340623,1.0,0.0,0.0,0.0,0.0,0.0,1.0,1.0,0.0,0.0
-0.9212306775400253,-1.555873578785532,-0.2440336698104778,1.0,0.0,1.0,0.0,0.0,0.0,0.0,0.0,0.0,1.0
0.4576833321389055,0.21731360178577566,-1.7305134972171317,1.0,0.0,0.0,0.0,0.0,0.0,1.0,0.0,1.0,0.0
0.7479810183871014,-1.0079359092527684,-0.9603446011332496,0.0,1.0,0.0,1.0,0.0,0.0,0.0,0.0,0.0,1.0
0.09481122432866054,-0.4067265218487628,-1.3211929650326906,1.0,0.0,0.0,1.0,0.0,0.0,0.0,0.0,1.0,0.0
0.7479810183871014,-0.8481207556390439,1.075486466836733,1.0,0.0,0.0,1.0,0.0,0.0,0.0,0.0,1.0,0.0
-1.4292516284743682,0.47606194573180155,-1.2188628319865804,1.0,0.0,0.0,1.0,0.0,0.0,0.0,1.0,0.0,0.0
1.1834275477593954,0.41517998245038457,-0.26019105923881086,0.0,1.0,1.0,0.0,0.0,0.0,0.0,0.0,0.0,1.0
0.8931298615111994,1.5947680210278634,-1.003430972942138,0.0,1.0,0.0,1.0,0.0,0.0,0.0,0.0,1.0,0.0
0.3125344890148075,-0.772018301537271,1.5009643884495065,0.0,1.0,1.0,0.0,0.0,0.0,0.0,0.0,0.0,1.0
-1.0663795206641233,0.31624679211807905,1.253217750548398,0.0,1.0,1.0,0.0,0.0,0.0,0.0,0.0,0.0,1.0
1.0382787046352975,-0.7796285469474501,1.5225075743539511,0.0,1.0,0.0,0.0,1.0,0.0,0.0,0.0,1.0,0.0
0.9657042830732484,0.7500307804981854,-0.22787628038214477,0.0,1.0,0.0,0.0,1.0,0.0,0.0,0.0,0.0,1.0
1.5462996555696402,-0.3610650493876995,-1.0519031412271374,0.0,1.0,0.0,0.0,1.0,0.0,0.0,0.0,0.0,1.0
-0.8486562559779763,-0.4447777488996492,-1.1165326989404705,0.0,1.0,0.0,0.0,1.0,0.0,0.0,0.0,0.0,1.0
0.4576833321389055,1.3360196770818353,1.107801245693399,0.0,1.0,0.0,1.0,0.0,0.0,0.0,0.0,0.0,1.0
0.7479810183871014,0.9326766703424385,1.247831954072287,0.0,1.0,0.0,1.0,0.0,0.0,0.0,0.0,0.0,1.0
-1.0663795206641233,0.6663180809862336,0.5584500051300704,1.0,0.0,1.0,0.0,0.0,0.0,0.0,0.0,1.0,0.0
0.3851089105768565,-0.6045929025133717,-0.9657303976093607,0.0,1.0,0.0,0.0,1.0,0.0,0.0,1.0,0.0,0.0
1.1108531261973464,-0.018604005929721827,-1.3265787615088018,0.0,1.0,0.0,0.0,0.0,0.0,1.0,0.0,0.0,1.0
-1.646974893160515,-0.3762855402080532,-0.050144996670479794,1.0,0.0,1.0,0.0,0.0,0.0,0.0,1.0,0.0,0.0
1.4737252340075913,0.15643163850435654,1.608680317971728,0.0,1.0,1.0,0.0,0.0,0.0,0.0,0.0,1.0,0.0
0.09481122432866054,0.1640418839145334,0.22453062361118495,1.0,0.0,0.0,0.0,0.0,0.0,1.0,1.0,0.0,0.0
0.4576833321389055,-0.1784191595434443,-1.1973196460821363,0.0,1.0,0.0,0.0,0.0,0.0,1.0,0.0,0.0,1.0
0.6028321752630035,-0.018604005929721827,0.5799931910345149,1.0,0.0,0.0,0.0,0.0,1.0,0.0,0.0,1.0,0.0
-1.3566772069123192,-1.2590740077886176,0.4238050932272937,1.0,0.0,0.0,0.0,0.0,0.0,1.0,0.0,1.0,0.0
-1.574400471598466,-0.520880203001422,1.6463808933045054,1.0,0.0,0.0,0.0,1.0,0.0,0.0,1.0,0.0,0.0
-0.7035074128538783,0.8565742162406657,1.6625382827328385,1.0,0.0,1.0,0.0,0.0,0.0,0.0,1.0,0.0,0.0
-1.3566772069123192,-1.3199559710700366,-1.2888781861760246,1.0,0.0,0.0,1.0,0.0,0.0,0.0,1.0,0.0,0.0
-0.05033761879543743,0.027057466531343596,1.0108569091234,0.0,1.0,0.0,1.0,0.0,0.0,0.0,0.0,0.0,1.0
1.3285763908834933,-0.8785617372797534,1.334004697690064,0.0,1.0,1.0,0.0,0.0,0.0,0.0,1.0,0.0,0.0
-0.6309329912918293,-1.2666842531987943,0.13835787999340746,1.0,0.0,0.0,0.0,0.0,1.0,0.0,0.0,1.0,0.0
-1.5018260500364171,0.6663180809862336,-1.2565634073193581,0.0,1.0,0.0,0.0,0.0,1.0,0.0,0.0,1.0,0.0
0.9657042830732484,0.10315992063311642,-0.6371968125665853,0.0,1.0,1.0,0.0,0.0,0.0,0.0,1.0,0.0,0.0
-1.3566772069123192,0.9935586336238575,-0.26019105923881086,0.0,1.0,0.0,0.0,1.0,0.0,0.0,1.0,0.0,0.0
-1.574400471598466,-0.48282897595053564,0.2514596059917403,0.0,1.0,0.0,0.0,0.0,1.0,0.0,1.0,0.0,0.0
1.6188740771316892,0.453231209501271,1.301689918833398,1.0,0.0,0.0,0.0,0.0,0.0,1.0,1.0,0.0,0.0
1.5462996555696402,1.297968450030949,0.5099778368450711,0.0,1.0,1.0,0.0,0.0,0.0,0.0,0.0,1.0,0.0
-1.646974893160515,1.5719372847973305,-0.48100871475936496,0.0,1.0,0.0,0.0,0.0,1.0,0.0,1.0,0.0,0.0
-0.4132097266056824,-1.6015350512465953,-1.5043100452204672,1.0,0.0,1.0,0.0,0.0,0.0,0.0,0.0,0.0,1.0
-0.9938050991020743,0.1640418839145334,-1.5420106205532444,1.0,0.0,0.0,0.0,0.0,1.0,0.0,0.0,1.0,0.0
-0.2680608834815844,0.963117651983148,-1.5366248240771332,1.0,0.0,0.0,1.0,0.0,0.0,0.0,1.0,0.0,0.0
0.8931298615111994,0.15643163850435654,-1.4719952663638007,1.0,0.0,1.0,0.0,0.0,0.0,0.0,0.0,1.0,0.0
0.23996006745275852,0.70436930803712,0.18144425180229581,1.0,0.0,1.0,0.0,0.0,0.0,0.0,1.0,0.0,0.0
-0.6309329912918293,1.5947680210278634,-1.2996497791282464,1.0,0.0,0.0,0.0,0.0,1.0,0.0,0.0,1.0,0.0
0.3125344890148075,-1.1449203266359582,0.4022619073228499,0.0,1.0,1.0,0.0,0.0,0.0,0.0,1.0,0.0,0.0
0.8205554399491504,0.9326766703424385,-1.2027054425582475,1.0,0.0,0.0,0.0,0.0,0.0,1.0,0.0,0.0,1.0
0.5302577537009545,-1.2514637623784408,0.9677705373145117,0.0,1.0,1.0,0.0,0.0,0.0,0.0,0.0,0.0,1.0
-0.05033761879543743,1.4958348306955578,-0.42176495352214277,1.0,0.0,0.0,0.0,0.0,0.0,1.0,0.0,1.0,0.0
-1.0663795206641233,0.7500307804981854,1.3932484589272853,0.0,1.0,1.0,0.0,0.0,0.0,0.0,0.0,1.0,0.0
1.6914484986937381,-1.7080784869890777,-1.1380758848449146,0.0,1.0,0.0,1.0,0.0,0.0,0.0,0.0,1.0,0.0
0.16738564589070953,1.2675274683902393,1.4578780166406182,1.0,0.0,1.0,0.0,0.0,0.0,0.0,0.0,1.0,0.0
-1.646974893160515,1.678480720539813,0.6769375276045139,1.0,0.0,1.0,0.0,0.0,0.0,0.0,1.0,0.0,0.0
-1.574400471598466,-1.0840383633545414,0.7577244747461799,0.0,1.0,0.0,0.0,1.0,0.0,0.0,1.0,0.0,0.0
0.8205554399491504,1.0011688790340345,-0.30327743104769994,1.0,0.0,1.0,0.0,0.0,0.0,0.0,0.0,0.0,1.0
-0.6309329912918293,-0.1784191595434443,-0.10400296143159043,1.0,0.0,0.0,0.0,0.0,0.0,1.0,0.0,1.0,0.0
0.09481122432866054,1.2827479592105953,-0.22787628038214477,1.0,0.0,1.0,0.0,0.0,0.0,0.0,0.0,0.0,1.0
1.0382787046352975,1.2066455051088223,1.5494365567345065,0.0,1.0,0.0,0.0,0.0,0.0,1.0,0.0,0.0,1.0
-1.0663795206641233,-0.14797817790273476,-1.0788321236076928,0.0,1.0,1.0,0.0,0.0,0.0,0.0,1.0,0.0,0.0
0.16738564589070953,0.5445541544233975,0.20298743770674038,0.0,1.0,0.0,0.0,0.0,1.0,0.0,0.0,1.0,0.0
-0.6309329912918293,0.7348102896778296,-0.1093887579077012,0.0,1.0,0.0,0.0,1.0,0.0,0.0,1.0,0.0,0.0
1.2560019693214444,1.2446967321597089,1.075486466836733,1.0,0.0,0.0,1.0,0.0,0.0,0.0,0.0,1.0,0.0
-0.05033761879543743,1.0011688790340345,0.2783885883722956,0.0,1.0,1.0,0.0,0.0,0.0,0.0,1.0,0.0,0.0
0.5302577537009545,1.6252090026685728,1.6625382827328385,0.0,1.0,0.0,1.0,0.0,0.0,0.0,0.0,0.0,1.0
-1.3566772069123192,-0.8557310010492228,-0.5187092900921425,0.0,1.0,0.0,0.0,0.0,0.0,1.0,0.0,0.0,1.0
-1.4292516284743682,-0.42955725807929335,-0.055530793146590554,1.0,0.0,0.0,0.0,1.0,0.0,0.0,0.0,1.0,0.0
-0.2680608834815844,-1.2590740077886176,0.1545152694217405,1.0,0.0,0.0,0.0,1.0,0.0,0.0,0.0,1.0,0.0
-0.2680608834815844,-0.19363965036379802,0.3861045178945169,1.0,0.0,0.0,0.0,0.0,1.0,0.0,0.0,1.0,0.0
-0.48578414816773136,-0.5969826571031949,1.5440507602583957,1.0,0.0,0.0,0.0,1.0,0.0,0.0,0.0,1.0,0.0
-1.1389539422261723,0.8109127437796024,0.3861045178945169,0.0,1.0,0.0,0.0,1.0,0.0,0.0,0.0,0.0,1.0
-1.2115283637882213,-1.0612076271240087,0.8277398289356235,0.0,1.0,1.0,0.0,0.0,0.0,0.0,0.0,1.0,0.0
-0.7760818344159273,1.6404294934889265,1.3824768659750637,1.0,0.0,0.0,0.0,0.0,1.0,0.0,0.0,1.0,0.0
-0.3406353050436334,1.1762045234681129,-1.4935384522682449,1.0,0.0,1.0,0.0,0.0,0.0,0.0,1.0,0.0,0.0
-1.0663795206641233,1.5110553215159137,1.3986342554033968,1.0,0.0,0.0,0.0,0.0,0.0,1.0,1.0,0.0,0.0
1.5462996555696402,0.23253409260612937,0.17605845532618505,1.0,0.0,0.0,1.0,0.0,0.0,0.0,0.0,1.0,0.0
-1.2841027853502702,-0.20124989577397487,-0.17401831562103412,0.0,1.0,0.0,1.0,0.0,0.0,0.0,0.0,1.0,0.0
-0.05033761879543743,0.5673848906539302,0.9569989443622894,1.0,0.0,1.0,0.0,0.0,0.0,0.0,0.0,0.0,1.0
-1.1389539422261723,-0.21647038659433074,-0.7233695561843628,1.0,0.0,0.0,0.0,0.0,0.0,1.0,0.0,0.0,1.0
-0.05033761879543743,0.7652512713185391,-1.3588935403654683,0.0,1.0,0.0,0.0,0.0,0.0,1.0,1.0,0.0,0.0
-1.2841027853502702,-0.25452161364521714,-0.42176495352214277,1.0,0.0,0.0,0.0,1.0,0.0,0.0,0.0,1.0,0.0
1.4737252340075913,-1.5787043150160647,-0.023216014289924473,1.0,0.0,0.0,0.0,0.0,0.0,1.0,0.0,0.0,1.0
-0.9938050991020743,-1.6700272599381913,-0.6210394231382523,1.0,0.0,0.0,0.0,0.0,1.0,0.0,0.0,1.0,0.0
0.9657042830732484,-1.0079359092527684,-0.9280298222765831,0.0,1.0,0.0,1.0,0.0,0.0,0.0,0.0,1.0,0.0
-0.05033761879543743,1.6328192480787498,-0.7879991138976954,1.0,0.0,0.0,1.0,0.0,0.0,0.0,1.0,0.0,0.0
0.09481122432866054,-1.3351764618903903,0.816968235983402,0.0,1.0,0.0,0.0,0.0,0.0,1.0,1.0,0.0,0.0
-0.6309329912918293,-0.43716750348947236,1.3555478835945085,1.0,0.0,0.0,0.0,0.0,0.0,1.0,1.0,0.0,0.0
1.1834275477593954,0.13360090227382382,-1.089603716559915,0.0,1.0,0.0,1.0,0.0,0.0,0.0,0.0,0.0,1.0
1.2560019693214444,0.027057466531343596,0.4830488544645159,0.0,1.0,0.0,1.0,0.0,0.0,0.0,1.0,0.0,0.0
1.6914484986937381,0.31624679211807905,0.34301814608562775,0.0,1.0,0.0,0.0,0.0,1.0,0.0,0.0,0.0,1.0
0.5302577537009545,0.5293336636030438,-1.509695841696578,0.0,1.0,0.0,1.0,0.0,0.0,0.0,0.0,1.0,0.0
1.3285763908834933,-0.7111363382558541,1.328618901213953,1.0,0.0,0.0,0.0,0.0,1.0,0.0,0.0,1.0,0.0
-0.9212306775400253,0.643487344755703,0.5530642086539596,0.0,1.0,1.0,0.0,0.0,0.0,0.0,1.0,0.0,0.0
-0.8486562559779763,1.3207991862614816,1.1778165998828427,0.0,1.0,0.0,0.0,0.0,1.0,0.0,0.0,1.0,0.0
-0.5583585697297804,1.6556499843092802,-1.4235230980788012,0.0,1.0,1.0,0.0,0.0,0.0,0.0,0.0,1.0,0.0
-1.7195493147225642,-0.9546641913815263,-0.8310854857065841,1.0,0.0,1.0,0.0,0.0,0.0,0.0,0.0,1.0,0.0
-1.1389539422261723,0.5978258722946398,0.5045920403689597,1.0,0.0,0.0,1.0,0.0,0.0,0.0,1.0,0.0,0.0
1.4011508124455423,-1.434109652222696,-0.04475920019436827,1.0,0.0,1.0,0.0,0.0,0.0,0.0,1.0,0.0,0.0
-1.574400471598466,-1.677637505348368,1.1401160245500659,0.0,1.0,0.0,0.0,0.0,1.0,0.0,0.0,0.0,1.0
-0.05033761879543743,0.2781955650671926,1.107801245693399,0.0,1.0,0.0,0.0,0.0,1.0,0.0,1.0,0.0,0.0
1.3285763908834933,-1.5254325971448224,-0.6587399984710299,1.0,0.0,0.0,0.0,1.0,0.0,0.0,0.0,0.0,1.0
-0.9212306775400253,-1.0155461546629454,-1.5904827888382438,1.0,0.0,0.0,0.0,0.0,0.0,1.0,1.0,0.0,0.0
1.4011508124455423,-0.2240806320045076,-0.2440336698104778,0.0,1.0,0.0,0.0,0.0,0.0,1.0,0.0,1.0,0.0
0.3125344890148075,-0.4904392213607125,1.7110104510178383,1.0,0.0,0.0,0.0,0.0,0.0,1.0,0.0,0.0,1.0
-0.8486562559779763,1.0696610877256305,0.6715517311284032,1.0,0.0,0.0,1.0,0.0,0.0,0.0,1.0,0.0,0.0
-0.6309329912918293,-0.5284904484115989,-1.1165326989404705,0.0,1.0,0.0,0.0,1.0,0.0,0.0,1.0,0.0,0.0
1.4011508124455423,1.15337378723758,0.35378973903785005,1.0,0.0,0.0,0.0,1.0,0.0,0.0,0.0,1.0,0.0
0.09481122432866054,0.1488213930941797,-0.6802831843754744,1.0,0.0,0.0,0.0,0.0,0.0,1.0,0.0,0.0,1.0
-1.7195493147225642,1.297968450030949,1.5548223532106171,1.0,0.0,1.0,0.0,0.0,0.0,0.0,1.0,0.0,0.0
-0.48578414816773136,0.44562096409109414,0.46689146503618284,1.0,0.0,0.0,0.0,0.0,1.0,0.0,0.0,1.0,0.0
-0.6309329912918293,1.7013114567703458,-1.089603716559915,1.0,0.0,1.0,0.0,0.0,0.0,0.0,1.0,0.0,0.0
0.5302577537009545,1.5262758123362674,-0.40022176761769895,0.0,1.0,0.0,0.0,1.0,0.0,0.0,0.0,1.0,0.0
-1.3566772069123192,-1.7004682415789008,0.2514596059917403,0.0,1.0,0.0,0.0,1.0,0.0,0.0,0.0,1.0,0.0
1.6914484986937381,-0.2240806320045076,-1.4558378769354672,0.0,1.0,1.0,0.0,0.0,0.0,0.0,0.0,0.0,1.0
0.3851089105768565,0.5673848906539302,1.441720627212285,0.0,1.0,1.0,0.0,0.0,0.0,0.0,0.0,1.0,0.0
-0.2680608834815844,-1.555873578785532,0.8331256254117351,0.0,1.0,1.0,0.0,0.0,0.0,0.0,0.0,1.0,0.0
-1.2115283637882213,0.7804717621388928,0.22453062361118495,1.0,0.0,0.0,1.0,0.0,0.0,0.0,1.0,0.0,0.0
0.16738564589070953,-1.6624170145280144,0.02525615399507541,1.0,0.0,0.0,0.0,0.0,0.0,1.0,0.0,1.0,0.0
-1.7195493147225642,0.4227902278605614,-0.09323136847936815,0.0,1.0,0.0,0.0,1.0,0.0,0.0,0.0,0.0,1.0
1.5462996555696402,1.0620508423154535,0.5207494297972934,0.0,1.0,0.0,0.0,0.0,0.0,1.0,1.0,0.0,0.0
1.6188740771316892,-1.5634838241957087,0.3484039425617393,0.0,1.0,0.0,0.0,0.0,0.0,1.0,0.0,0.0,1.0
-0.12291204035748642,-0.5132699575912452,0.7631102712222914,1.0,0.0,0.0,1.0,0.0,0.0,0.0,0.0,0.0,1.0
0.16738564589070953,0.19448286555524294,-1.6120259747426884,1.0,0.0,1.0,0.0,0.0,0.0,0.0,1.0,0.0,0.0
0.9657042830732484,-0.772018301537271,-1.2457918143671358,1.0,0.0,0.0,0.0,0.0,1.0,0.0,0.0,1.0,0.0
-1.2115283637882213,-0.772018301537271,1.4578780166406182,1.0,0.0,0.0,1.0,0.0,0.0,0.0,0.0,0.0,1.0
0.6028321752630035,-1.616755542066951,-1.7574424795976868,0.0,1.0,0.0,1.0,0.0,0.0,0.0,0.0,1.0,0.0
-0.6309329912918293,-0.2393011228248613,-1.251177610843247,1.0,0.0,1.0,0.0,0.0,0.0,0.0,0.0,0.0,1.0
-0.19548646191953542,-0.15558842331291162,-1.148847477797137,1.0,0.0,0.0,1.0,0.0,0.0,0.0,0.0,1.0,0.0
-0.6309329912918293,-0.3001830861062804,-1.5527822135054667,0.0,1.0,0.0,0.0,0.0,0.0,1.0,1.0,0.0,0.0
-1.0663795206641233,0.8261332345999582,0.20837323418285114,0.0,1.0,0.0,0.0,0.0,0.0,1.0,1.0,0.0,0.0
1.2560019693214444,0.4684517003216247,0.8923693866489565,1.0,0.0,0.0,0.0,1.0,0.0,0.0,0.0,0.0,1.0
-0.2680608834815844,1.160984032647757,0.18683004827840735,1.0,0.0,0.0,1.0,0.0,0.0,0.0,1.0,0.0,0.0
-0.9938050991020743,-1.5787043150160647,-0.5079376971399202,0.0,1.0,0.0,0.0,1.0,0.0,0.0,1.0,0.0,0.0
1.1834275477593954,0.3999594916300287,1.360933680070619,0.0,1.0,1.0,0.0,0.0,0.0,0.0,0.0,0.0,1.0
0.8931298615111994,1.4577836036446714,-0.26557685571492234,0.0,1.0,0.0,0.0,0.0,0.0,1.0,1.0,0.0,0.0
-0.9212306775400253,-0.9394437005611725,0.9300699619817341,0.0,1.0,0.0,0.0,0.0,0.0,1.0,1.0,0.0,0.0
1.4011508124455423,-0.35345480397752055,0.5261352262734043,1.0,0.0,0.0,1.0,0.0,0.0,0.0,1.0,0.0,0.0
-1.1389539422261723,0.9326766703424385,-0.5833388478054747,0.0,1.0,0.0,0.0,0.0,1.0,0.0,0.0,1.0,0.0
0.6028321752630035,-1.4797711246837593,-0.30327743104769994,0.0,1.0,0.0,0.0,1.0,0.0,0.0,0.0,1.0,0.0
-1.1389539422261723,0.9478971611627943,1.1347302280739544,0.0,1.0,0.0,0.0,1.0,0.0,0.0,1.0,0.0,0.0
-0.3406353050436334,-0.6198133933337254,0.515363633321182,1.0,0.0,0.0,0.0,1.0,0.0,0.0,0.0,1.0,0.0
0.022236802766611552,-0.6806953566151446,-0.7287553526604735,1.0,0.0,0.0,0.0,1.0,0.0,0.0,1.0,0.0,0.0
-0.7760818344159273,-0.8252900194085133,0.6984807135089585,0.0,1.0,0.0,0.0,0.0,1.0,0.0,1.0,0.0,0.0
-1.2841027853502702,-0.8633412464593997,-0.7341411491365851,1.0,0.0,0.0,0.0,0.0,1.0,0.0,0.0,0.0,1.0
-0.7035074128538783,-1.502601860914292,-0.42176495352214277,0.0,1.0,1.0,0.0,0.0,0.0,0.0,0.0,1.0,0.0
0.5302577537009545,0.48367219114198057,-1.509695841696578,1.0,0.0,0.0,0.0,1.0,0.0,0.0,0.0,1.0,0.0
1.2560019693214444,0.4380107186809151,-1.3858225227460237,0.0,1.0,0.0,0.0,0.0,1.0,0.0,1.0,0.0,0.0
1.1834275477593954,-0.262131859055394,0.6176937663672925,1.0,0.0,1.0,0.0,0.0,0.0,0.0,1.0,0.0,0.0
-0.12291204035748642,-1.6015350512465953,-0.992659379989916,0.0,1.0,1.0,0.0,0.0,0.0,0.0,0.0,1.0,0.0
-0.05033761879543743,0.27058531965701577,0.5261352262734043,0.0,1.0,0.0,0.0,0.0,0.0,1.0,0.0,1.0,0.0
0.16738564589070953,1.343629922492012,0.6877091205567362,1.0,0.0,0.0,0.0,0.0,0.0,1.0,0.0,1.0,0.0
1.5462996555696402,-1.2438535169682639,-0.825699689230473,0.0,1.0,0.0,0.0,0.0,1.0,0.0,1.0,0.0,0.0
-0.8486562559779763,0.17926237473488923,-0.4917803077115872,0.0,1.0,0.0,0.0,1.0,0.0,0.0,1.0,0.0,0.0
-1.3566772069123192,0.6130463631149935,0.7523386782700691,0.0,1.0,0.0,1.0,0.0,0.0,0.0,1.0,0.0,0.0
-0.2680608834815844,-0.5589314300523085,-0.26019105923881086,1.0,0.0,0.0,0.0,0.0,1.0,0.0,0.0,1.0,0.0
1.2560019693214444,-1.4569403884532264,-0.4540797323788096,1.0,0.0,1.0,0.0,0.0,0.0,0.0,0.0,0.0,1.0
1.5462996555696402,-1.5406530879651783,0.6823233240806255,1.0,0.0,1.0,0.0,0.0,0.0,0.0,0.0,1.0,0.0
0.7479810183871014,-0.7644080561270942,1.4848069990211736,1.0,0.0,0.0,0.0,1.0,0.0,0.0,1.0,0.0,0.0
-0.3406353050436334,1.5719372847973305,-1.175776460177692,0.0,1.0,1.0,0.0,0.0,0.0,0.0,0.0,1.0,0.0
0.6028321752630035,-0.018604005929721827,0.27300279189618404,1.0,0.0,0.0,0.0,0.0,1.0,0.0,1.0,0.0,0.0
-1.2841027853502702,-1.4721608792735823,1.61945191092395,0.0,1.0,0.0,0.0,1.0,0.0,0.0,0.0,1.0,0.0
0.3125344890148075,0.963117651983148,1.409405848355619,0.0,1.0,1.0,0.0,0.0,0.0,0.0,0.0,1.0,0.0
1.0382787046352975,-0.4980494667708893,-0.7987707068499177,1.0,0.0,0.0,1.0,0.0,0.0,0.0,0.0,0.0,1.0
0.9657042830732484,0.3999594916300287,0.3160891637050724,0.0,1.0,0.0,1.0,0.0,0.0,0.0,1.0,0.0,0.0
-1.2841027853502702,-1.2058022899173775,-0.6156536266621415,1.0,0.0,0.0,1.0,0.0,0.0,0.0,0.0,0.0,1.0
0.3851089105768565,-0.3762855402080532,-0.2709626521910331,1.0,0.0,0.0,0.0,0.0,1.0,0.0,0.0,1.0,0.0
0.09481122432866054,-1.426499406812519,-0.8472428751349171,0.0,1.0,0.0,1.0,0.0,0.0,0.0,1.0,0.0,0.0
-0.9938050991020743,0.894625443291552,0.2891601813245171,1.0,0.0,1.0,0.0,0.0,0.0,0.0,0.0,0.0,1.0
0.4576833321389055,1.2066455051088223,1.2424461575961756,0.0,1.0,0.0,0.0,1.0,0.0,0.0,1.0,0.0,0.0
-0.48578414816773136,1.6937012113601666,-1.2027054425582475,0.0,1.0,0.0,0.0,0.0,1.0,0.0,0.0,1.0,0.0
0.022236802766611552,0.7272000442676527,1.6840814686372831,1.0,0.0,1.0,0.0,0.0,0.0,0.0,1.0,0.0,0.0
1.6914484986937381,-1.1981920445072005,-1.2027054425582475,1.0,0.0,1.0,0.0,0.0,0.0,0.0,1.0,0.0,0.0
-1.0663795206641233,1.0392201060849209,-0.10400296143159043,1.0,0.0,0.0,0.0,0.0,1.0,0.0,1.0,0.0,0.0
0.8931298615111994,0.2781955650671926,-1.3373503544610241,0.0,1.0,1.0,0.0,0.0,0.0,0.0,1.0,0.0,0.0
0.8205554399491504,-0.3001830861062804,0.28377438484840634,0.0,1.0,0.0,0.0,0.0,0.0,1.0,0.0,0.0,1.0
-0.9212306775400253,-1.297125234839504,1.220902971691732,0.0,1.0,0.0,0.0,0.0,1.0,0.0,0.0,0.0,1.0
1.6914484986937381,0.7424205350880064,-1.5904827888382438,0.0,1.0,0.0,0.0,0.0,1.0,0.0,1.0,0.0,0.0
0.6754065968250524,-1.3275662164802136,0.2676169954200733,0.0,1.0,0.0,1.0,0.0,0.0,0.0,1.0,0.0,0.0
1.5462996555696402,1.221865995929176,0.9516131478861786,0.0,1.0,0.0,0.0,0.0,1.0,0.0,0.0,1.0,0.0
-0.7035074128538783,-1.6395862782974817,0.7577244747461799,1.0,0.0,1.0,0.0,0.0,0.0,0.0,0.0,1.0,0.0
1.2560019693214444,0.7652512713185391,1.0108569091234,0.0,1.0,0.0,0.0,1.0,0.0,0.0,0.0,1.0,0.0
0.16738564589070953,1.0848815785459842,-0.12554614733603423,0.0,1.0,0.0,1.0,0.0,0.0,0.0,0.0,0.0,1.0
-0.4132097266056824,0.11077016604329327,0.02525615399507541,0.0,1.0,0.0,0.0,1.0,0.0,0.0,0.0,1.0,0.0
-0.3406353050436334,0.7576410259083622,0.5746073945584041,1.0,0.0,0.0,0.0,0.0,0.0,1.0,0.0,1.0,0.0
-0.7035074128538783,-1.555873578785532,-0.2063330944777002,1.0,0.0,1.0,0.0,0.0,0.0,0.0,1.0,0.0,0.0
-1.4292516284743682,-1.167751062866491,-1.3211929650326906,1.0,0.0,0.0,0.0,0.0,0.0,1.0,0.0,0.0,1.0
0.3125344890148075,0.6358770993455262,0.1706726588500743,1.0,0.0,1.0,0.0,0.0,0.0,0.0,0.0,0.0,1.0
1.1108531261973464,1.5719372847973305,-0.319434820476033,0.0,1.0,1.0,0.0,0.0,0.0,0.0,1.0,0.0,0.0
-1.3566772069123192,-1.2438535169682639,-0.7556843350410289,1.0,0.0,1.0,0.0,0.0,0.0,0.0,0.0,1.0,0.0
0.9657042830732484,0.5293336636030438,0.4830488544645159,0.0,1.0,0.0,1.0,0.0,0.0,0.0,0.0,1.0,0.0
0.4576833321389055,-0.589372411693018,0.3968761108467384,1.0,0.0,0.0,0.0,0.0,1.0,0.0,1.0,0.0,0.0
-0.6309329912918293,-1.3656174435311,-1.7251277007410204,0.0,1.0,0.0,0.0,0.0,1.0,0.0,1.0,0.0,0.0
0.8205554399491504,0.8565742162406657,-1.3912083192221347,0.0,1.0,0.0,0.0,0.0,0.0,1.0,0.0,1.0,0.0
-1.5018260500364171,1.0163893698543902,-0.8203138927543618,0.0,1.0,1.0,0.0,0.0,0.0,0.0,0.0,0.0,1.0
-0.19548646191953542,1.6252090026685728,1.1670450069306213,0.0,1.0,0.0,0.0,0.0,0.0,1.0,0.0,1.0,0.0
-0.5583585697297804,1.3816811495428987,1.5117359814017288,0.0,1.0,0.0,0.0,0.0,1.0,0.0,1.0,0.0,0.0
1.6188740771316892,0.07271893899240686,0.019870357518963887,1.0,0.0,0.0,1.0,0.0,0.0,0.0,1.0,0.0,0.0
0.8931298615111994,0.6282668539353472,-0.5510240689488086,0.0,1.0,0.0,0.0,0.0,0.0,1.0,0.0,1.0,0.0
0.8931298615111994,-0.6959158474354983,-1.4073657086504678,0.0,1.0,0.0,0.0,0.0,0.0,1.0,0.0,0.0,1.0
1.1108531261973464,-0.3154035769266341,-0.6964405738038075,1.0,0.0,0.0,0.0,0.0,1.0,0.0,0.0,0.0,1.0
-0.9212306775400253,0.33907752834861177,-0.5833388478054747,0.0,1.0,0.0,0.0,0.0,1.0,0.0,0.0,0.0,1.0
-1.7195493147225642,0.8337434800101351,-0.5079376971399202,1.0,0.0,0.0,0.0,0.0,0.0,1.0,0.0,1.0,0.0
0.4576833321389055,1.1305430510070495,-0.16863251914492336,1.0,0.0,1.0,0.0,0.0,0.0,0.0,0.0,0.0,1.0
-0.4132097266056824,-1.4417198976328727,0.515363633321182,0.0,1.0,1.0,0.0,0.0,0.0,0.0,0.0,1.0,0.0
-0.4132097266056824,-1.41888916140234,-0.5079376971399202,0.0,1.0,0.0,0.0,1.0,0.0,0.0,0.0,1.0,0.0
1.6914484986937381,1.6252090026685728,-0.9441872117049162,0.0,1.0,0.0,1.0,0.0,0.0,0.0,0.0,0.0,1.0
-1.2115283637882213,-1.1296998358156045,-0.2548052627627001,0.0,1.0,0.0,0.0,0.0,1.0,0.0,0.0,0.0,1.0
1.4737252340075913,1.6328192480787498,-0.09323136847936815,1.0,0.0,1.0,0.0,0.0,0.0,0.0,1.0,0.0,0.0
-1.2115283637882213,0.6054361177048166,0.2299164200872957,1.0,0.0,0.0,0.0,1.0,0.0,0.0,0.0,0.0,1.0
0.6028321752630035,-1.5939248058364184,0.1706726588500743,1.0,0.0,0.0,1.0,0.0,0.0,0.0,1.0,0.0,0.0
-1.3566772069123192,0.2781955650671926,1.123958635121732,1.0,0.0,0.0,0.0,0.0,0.0,1.0,0.0,0.0,1.0
-0.7035074128538783,0.9707278973933249,0.46689146503618284,0.0,1.0,0.0,0.0,0.0,1.0,0.0,0.0,0.0,1.0
0.23996006745275852,0.9402869157526175,-1.574325399409911,1.0,0.0,0.0,0.0,0.0,1.0,0.0,1.0,0.0,0.0
-0.5583585697297804,-0.7035260928456772,0.1329720835172967,0.0,1.0,1.0,0.0,0.0,0.0,0.0,1.0,0.0,0.0
-0.2680608834815844,0.574995136064107,-0.2709626521910331,0.0,1.0,1.0,0.0,0.0,0.0,0.0,0.0,1.0,0.0
-1.4292516284743682,1.0239996152645672,1.5548223532106171,1.0,0.0,0.0,0.0,0.0,0.0,1.0,0.0,0.0,1.0
1.4011508124455423,0.9935586336238575,-1.186548053129914,1.0,0.0,0.0,0.0,0.0,1.0,0.0,0.0,0.0,1.0
0.8205554399491504,-0.7491875653067405,1.0701006703606215,0.0,1.0,1.0,0.0,0.0,0.0,0.0,0.0,1.0,0.0
0.9657042830732484,-0.6654748657947909,0.5638358016061819,1.0,0.0,0.0,0.0,0.0,0.0,1.0,0.0,0.0,1.0
-1.7195493147225642,0.6206566085251704,-0.48100871475936496,0.0,1.0,0.0,0.0,1.0,0.0,0.0,0.0,0.0,1.0
0.6754065968250524,-1.6319760328873048,0.8815977936967342,1.0,0.0,0.0,0.0,0.0,1.0,0.0,0.0,1.0,0.0
-1.646974893160515,-0.8024592831779807,-1.595868585314355,1.0,0.0,0.0,1.0,0.0,0.0,0.0,0.0,0.0,1.0
-0.2680608834815844,1.1990352596986433,1.4632638131167297,1.0,0.0,0.0,0.0,0.0,1.0,0.0,1.0,0.0,0.0
1.1108531261973464,0.909845934111908,-0.2548052627627001,1.0,0.0,0.0,1.0,0.0,0.0,0.0,0.0,0.0,1.0
-0.4132097266056824,-1.0079359092527684,0.2622311989439618,1.0,0.0,0.0,0.0,0.0,1.0,0.0,0.0,0.0,1.0
-0.9938050991020743,-0.977494927612059,-0.13631774028825652,1.0,0.0,0.0,1.0,0.0,0.0,0.0,0.0,0.0,1.0
1.1834275477593954,-1.41888916140234,1.2963041223572862,1.0,0.0,0.0,0.0,1.0,0.0,0.0,1.0,0.0,0.0
-1.5018260500364171,-0.9470539459713494,0.8654404042684012,0.0,1.0,0.0,0.0,0.0,1.0,0.0,1.0,0.0,0.0
0.09481122432866054,-1.0916486087647181,0.17605845532618505,0.0,1.0,0.0,1.0,0.0,0.0,0.0,1.0,0.0,0.0
1.3285763908834933,0.4075697370402077,-0.38406437818936595,0.0,1.0,0.0,0.0,1.0,0.0,0.0,0.0,0.0,1.0
-0.4132097266056824,-1.5634838241957087,1.570979742638951,1.0,0.0,1.0,0.0,0.0,0.0,0.0,0.0,1.0,0.0
0.6028321752630035,0.17926237473488923,-0.4648513253310319,0.0,1.0,0.0,1.0,0.0,0.0,0.0,0.0,1.0,0.0
1.1834275477593954,-0.2773523498757477,0.6877091205567362,0.0,1.0,0.0,0.0,1.0,0.0,0.0,0.0,1.0,0.0
-0.2680608834815844,-1.2742944986089735,-0.08784557200325739,1.0,0.0,0.0,0.0,1.0,0.0,0.0,0.0,0.0,1.0
1.3285763908834933,-0.41433676725893964,0.8492830148400681,0.0,1.0,0.0,0.0,0.0,1.0,0.0,0.0,0.0,1.0
0.23996006745275852,1.0468303514950976,-1.073446327131582,0.0,1.0,0.0,0.0,0.0,0.0,1.0,1.0,0.0,0.0
-0.4132097266056824,1.4577836036446714,0.06834252580396377,1.0,0.0,0.0,1.0,0.0,0.0,0.0,0.0,1.0,0.0
-0.5583585697297804,-1.5634838241957087,1.3447762906422862,1.0,0.0,0.0,0.0,0.0,0.0,1.0,0.0,1.0,0.0
-0.7035074128538783,-0.6045929025133717,-0.45946552885492037,0.0,1.0,0.0,0.0,0.0,0.0,1.0,0.0,1.0,0.0
1.1834275477593954,-1.1829715536868448,-1.665883939503799,0.0,1.0,1.0,0.0,0.0,0.0,0.0,0.0,0.0,1.0
-0.5583585697297804,-0.3001830861062804,-1.2727207967476912,0.0,1.0,0.0,0.0,0.0,1.0,0.0,0.0,0.0,1.0
-0.5583585697297804,0.5217234181928669,-1.4127515051265789,0.0,1.0,1.0,0.0,0.0,0.0,0.0,0.0,0.0,1.0
-0.48578414816773136,-1.2514637623784408,-0.8472428751349171,1.0,0.0,1.0,0.0,0.0,0.0,0.0,1.0,0.0,0.0
1.5462996555696402,0.8641844616508446,0.22453062361118495,0.0,1.0,0.0,0.0,0.0,1.0,0.0,1.0,0.0,0.0
-1.574400471598466,0.31624679211807905,0.47766305798840436,0.0,1.0,0.0,1.0,0.0,0.0,0.0,1.0,0.0,0.0
1.1108531261973464,1.0239996152645672,-0.3786785817132544,1.0,0.0,0.0,0.0,0.0,0.0,1.0,1.0,0.0,0.0
-0.4132097266056824,-1.3884481797616326,1.4794212025450628,1.0,0.0,0.0,0.0,0.0,1.0,0.0,0.0,1.0,0.0
0.9657042830732484,0.027057466531343596,-1.1111469024643592,0.0,1.0,0.0,1.0,0.0,0.0,0.0,0.0,0.0,1.0
-0.3406353050436334,0.8337434800101351,-1.4612236734115784,0.0,1.0,0.0,0.0,1.0,0.0,0.0,0.0,0.0,1.0
1.3285763908834933,-0.010993760519542815,1.2586035470245087,1.0,0.0,0.0,0.0,1.0,0.0,0.0,0.0,1.0,0.0
0.6754065968250524,1.3892913949530754,0.994699519695067,1.0,0.0,0.0,0.0,1.0,0.0,0.0,0.0,1.0,0.0
1.4011508124455423,-0.41433676725893964,-0.7772275209454734,1.0,0.0,1.0,0.0,0.0,0.0,0.0,0.0,1.0,0.0
-0.3406353050436334,0.841353725420312,0.2514596059917403,1.0,0.0,0.0,0.0,0.0,0.0,1.0,1.0,0.0,0.0
1.4011508124455423,1.4501733582344944,0.531521022749515,0.0,1.0,1.0,0.0,0.0,0.0,0.0,0.0,1.0,0.0
0.022236802766611552,1.6023782664380402,0.2783885883722956,0.0,1.0,0.0,0.0,0.0,0.0,1.0,1.0,0.0,0.0
-1.3566772069123192,1.3969016403632544,1.3824768659750637,0.0,1.0,0.0,0.0,1.0,0.0,0.0,0.0,0.0,1.0
-1.0663795206641233,-1.548263333375355,0.3484039425617393,1.0,0.0,0.0,1.0,0.0,0.0,0.0,0.0,0.0,1.0
0.022236802766611552,1.4349528674141407,0.6715517311284032,0.0,1.0,0.0,0.0,1.0,0.0,0.0,0.0,0.0,1.0
0.4576833321389055,-0.3610650493876995,-0.6479684055188076,1.0,0.0,0.0,0.0,0.0,0.0,1.0,0.0,1.0,0.0
0.6754065968250524,1.6708704751296362,-0.7018263702799182,1.0,0.0,0.0,0.0,0.0,0.0,1.0,0.0,1.0,0.0
0.4576833321389055,-0.6274236387439044,-0.31404902399992146,0.0,1.0,0.0,0.0,0.0,0.0,1.0,0.0,0.0,1.0
-0.4132097266056824,-0.4904392213607125,1.7110104510178383,0.0,1.0,1.0,0.0,0.0,0.0,0.0,0.0,0.0,1.0
-1.5018260500364171,0.1488213930941797,0.7684960676984022,0.0,1.0,0.0,0.0,0.0,0.0,1.0,1.0,0.0,0.0
1.4737252340075913,-1.4645506338634056,-0.6964405738038075,0.0,1.0,0.0,0.0,0.0,1.0,0.0,0.0,1.0,0.0
1.1108531261973464,-1.0916486087647181,-0.6587399984710299,0.0,1.0,1.0,0.0,0.0,0.0,0.0,0.0,0.0,1.0
1.4011508124455423,-0.4676084851301798,0.6338511557956256,0.0,1.0,0.0,0.0,1.0,0.0,0.0,0.0,0.0,1.0
-0.4132097266056824,1.2446967321597089,-1.6443407535993546,0.0,1.0,1.0,0.0,0.0,0.0,0.0,0.0,0.0,1.0
1.4737252340075913,0.1640418839145334,-0.8364712821826948,1.0,0.0,1.0,0.0,0.0,0.0,0.0,0.0,0.0,1.0
-1.5018260500364171,-0.1175371962620252,-1.509695841696578,1.0,0.0,0.0,0.0,1.0,0.0,0.0,0.0,1.0,0.0
1.2560019693214444,-1.5330428425549993,-0.10400296143159043,1.0,0.0,0.0,1.0,0.0,0.0,0.0,1.0,0.0,0.0
0.3851089105768565,-0.36867529479787636,0.2191448271350734,1.0,0.0,1.0,0.0,0.0,0.0,0.0,0.0,0.0,1.0
0.09481122432866054,-1.609145296656772,0.2676169954200733,0.0,1.0,0.0,0.0,1.0,0.0,0.0,1.0,0.0,0.0
-1.0663795206641233,-0.26974210446557084,1.5548223532106171,1.0,0.0,0.0,0.0,0.0,1.0,0.0,1.0,0.0,0.0
0.09481122432866054,-1.228633026147908,1.4201774413078405,0.0,1.0,0.0,0.0,0.0,0.0,1.0,0.0,0.0,1.0
-0.9212306775400253,-1.0231564000731221,-1.089603716559915,0.0,1.0,0.0,0.0,1.0,0.0,0.0,0.0,0.0,1.0
-1.5018260500364171,0.44562096409109414,-1.4181373016026901,0.0,1.0,0.0,0.0,1.0,0.0,0.0,0.0,1.0,0.0
-1.1389539422261723,0.06510869358223001,-0.91187243284825,1.0,0.0,0.0,0.0,0.0,0.0,1.0,0.0,1.0,0.0
1.6914484986937381,1.3816811495428987,-1.2834923896999135,0.0,1.0,0.0,1.0,0.0,0.0,0.0,0.0,1.0,0.0
0.4576833321389055,1.6252090026685728,1.4363348307361743,0.0,1.0,0.0,0.0,0.0,0.0,1.0,1.0,0.0,0.0
-1.3566772069123192,0.03466771194152045,-1.4666094698876895,0.0,1.0,1.0,0.0,0.0,0.0,0.0,0.0,1.0,0.0
-1.574400471598466,1.3740709041327217,1.7110104510178383,0.0,1.0,1.0,0.0,0.0,0.0,0.0,1.0,0.0,0.0
0.9657042830732484,-0.25452161364521714,1.172430803406732,1.0,0.0,0.0,0.0,0.0,0.0,1.0,0.0,1.0,0.0
1.2560019693214444,0.9402869157526175,0.8492830148400681,1.0,0.0,0.0,0.0,0.0,0.0,1.0,0.0,1.0,0.0
1.2560019693214444,0.5217234181928669,-0.6156536266621415,1.0,0.0,0.0,0.0,1.0,0.0,0.0,0.0,0.0,1.0
-0.5583585697297804,0.711979553447299,-1.6928129218843544,1.0,0.0,0.0,1.0,0.0,0.0,0.0,1.0,0.0,0.0
0.8931298615111994,0.5826053814742839,0.44534827913173824,0.0,1.0,0.0,1.0,0.0,0.0,0.0,1.0,0.0,0.0
0.5302577537009545,1.366460658722545,-0.9549588046571384,0.0,1.0,1.0,0.0,0.0,0.0,0.0,1.0,0.0,0.0
0.6028321752630035,1.0924918239561632,-0.49716610418769797,0.0,1.0,0.0,1.0,0.0,0.0,0.0,1.0,0.0,0.0
-0.2680608834815844,-0.39911627643858594,1.2262887681678425,0.0,1.0,0.0,0.0,0.0,1.0,0.0,1.0,0.0,0.0
0.022236802766611552,0.37712875539949814,-0.2063330944777002,0.0,1.0,0.0,0.0,1.0,0.0,0.0,0.0,1.0,0.0
0.8931298615111994,-0.8937822281001093,-1.1003753095121374,1.0,0.0,0.0,1.0,0.0,0.0,0.0,0.0,0.0,1.0
-1.2115283637882213,-0.26974210446557084,0.9354557584578448,1.0,0.0,0.0,0.0,0.0,0.0,1.0,0.0,0.0,1.0
0.7479810183871014,1.6556499843092802,-0.6802831843754744,1.0,0.0,0.0,0.0,1.0,0.0,0.0,0.0,0.0,1.0
-1.7195493147225642,1.678480720539813,0.3484039425617393,0.0,1.0,1.0,0.0,0.0,0.0,0.0,0.0,0.0,1.0
0.8205554399491504,-0.977494927612059,1.5979087250195063,0.0,1.0,0.0,1.0,0.0,0.0,0.0,1.0,0.0,0.0
0.8931298615111994,-0.4676084851301798,0.5907647839867372,0.0,1.0,1.0,0.0,0.0,0.0,0.0,0.0,0.0,1.0
0.8205554399491504,-0.14797817790273476,-0.41099336056992125,0.0,1.0,1.0,0.0,0.0,0.0,0.0,0.0,0.0,1.0
-0.6309329912918293,-1.5939248058364184,1.608680317971728,1.0,0.0,0.0,1.0,0.0,0.0,0.0,0.0,1.0,0.0
-1.574400471598466,0.5902156268844607,-1.0465173447510268,0.0,1.0,1.0,0.0,0.0,0.0,0.0,0.0,0.0,1.0
1.1834275477593954,0.43040047327073827,1.328618901213953,0.0,1.0,0.0,1.0,0.0,0.0,0.0,0.0,0.0,1.0
0.8205554399491504,-0.5589314300523085,-1.4558378769354672,0.0,1.0,0.0,1.0,0.0,0.0,0.0,0.0,1.0,0.0
-1.3566772069123192,-1.1753613082766678,0.40764770379896065,0.0,1.0,1.0,0.0,0.0,0.0,0.0,0.0,0.0,1.0
0.5302577537009545,1.4045118857734313,-0.48639451123547567,0.0,1.0,0.0,1.0,0.0,0.0,0.0,1.0,0.0,0.0
1.1834275477593954,1.3284094316716584,0.6984807135089585,0.0,1.0,0.0,1.0,0.0,0.0,0.0,0.0,1.0,0.0
1.6914484986937381,-0.262131859055394,0.8600546077922904,0.0,1.0,0.0,0.0,0.0,1.0,0.0,0.0,0.0,1.0
-0.48578414816773136,0.3695185099893213,0.3968761108467384,1.0,0.0,0.0,0.0,0.0,1.0,0.0,0.0,1.0,0.0
-1.1389539422261723,0.4380107186809151,-0.03398760724214676,1.0,0.0,0.0,0.0,0.0,1.0,0.0,0.0,0.0,1.0
-1.2115283637882213,-0.5284904484115989,0.03064195047118617,1.0,0.0,0.0,0.0,0.0,0.0,1.0,1.0,0.0,0.0
1.4011508124455423,1.2675274683902393,0.11681469408896365,1.0,0.0,0.0,0.0,0.0,1.0,0.0,0.0,0.0,1.0
1.4011508124455423,0.7500307804981854,-0.7879991138976954,1.0,0.0,0.0,0.0,0.0,1.0,0.0,1.0,0.0,0.0
-0.12291204035748642,-1.5102121063244687,-1.4827668593160226,0.0,1.0,1.0,0.0,0.0,0.0,0.0,0.0,0.0,1.0
0.4576833321389055,-1.3656174435311,-1.7574424795976868,0.0,1.0,0.0,0.0,1.0,0.0,0.0,0.0,1.0,0.0
-0.5583585697297804,-0.42955725807929335,-0.6479684055188076,0.0,1.0,0.0,0.0,1.0,0.0,0.0,0.0,0.0,1.0
0.8205554399491504,0.3086365467079022,-0.17401831562103412,0.0,1.0,1.0,0.0,0.0,0.0,0.0,0.0,0.0,1.0
-1.646974893160515,0.8489639708304888,-0.24941946628658931,1.0,0.0,0.0,0.0,1.0,0.0,0.0,0.0,1.0,0.0
0.3851089105768565,-0.24691136823504028,-0.5456382724726979,1.0,0.0,0.0,0.0,1.0,0.0,0.0,0.0,1.0,0.0
-0.05033761879543743,-0.5817621662828389,-1.1811622566538034,0.0,1.0,0.0,0.0,0.0,1.0,0.0,0.0,0.0,1.0
0.6028321752630035,-0.4599982397200029,0.10604310113674137,0.0,1.0,1.0,0.0,0.0,0.0,0.0,0.0,1.0,0.0
-1.2841027853502702,-0.8785617372797534,-1.0357457517988045,1.0,0.0,1.0,0.0,0.0,0.0,0.0,1.0,0.0,0.0
-1.646974893160515,-1.1373100812257815,0.49382044741673814,0.0,1.0,1.0,0.0,0.0,0.0,0.0,0.0,0.0,1.0
-1.7195493147225642,-0.5437109392319526,0.994699519695067,1.0,0.0,0.0,0.0,0.0,0.0,1.0,0.0,1.0,0.0
1.5462996555696402,1.5947680210278634,1.6786956721611723,0.0,1.0,1.0,0.0,0.0,0.0,0.0,1.0,0.0,0.0
1.4011508124455423,-0.033824496750075525,-0.2925058380954777,1.0,0.0,0.0,1.0,0.0,0.0,0.0,0.0,0.0,1.0
0.09481122432866054,0.8185229891897793,1.732553636922283,0.0,1.0,0.0,0.0,0.0,1.0,0.0,0.0,1.0,0.0
-0.4132097266056824,-0.1175371962620252,1.4309490342600628,1.0,0.0,0.0,0.0,0.0,0.0,1.0,1.0,0.0,0.0
0.8205554399491504,0.19448286555524294,-0.8795576539915836,1.0,0.0,0.0,1.0,0.0,0.0,0.0,1.0,0.0,0.0
-0.7035074128538783,-0.5284904484115989,-1.5043100452204672,1.0,0.0,0.0,0.0,0.0,1.0,0.0,0.0,0.0,1.0
-0.48578414816773136,1.5491065485668,-0.3086632275238107,1.0,0.0,1.0,0.0,0.0,0.0,0.0,0.0,1.0,0.0
0.16738564589070953,0.8870151978813752,-1.7143561077887985,1.0,0.0,1.0,0.0,0.0,0.0,0.0,0.0,0.0,1.0
-0.5583585697297804,-1.2819047440191502,1.301689918833398,0.0,1.0,0.0,0.0,0.0,1.0,0.0,1.0,0.0,0.0
1.1108531261973464,-1.0840383633545414,-0.2817342451432554,1.0,0.0,1.0,0.0,0.0,0.0,0.0,0.0,1.0,0.0
-0.4132097266056824,-1.0764281179443624,0.009098764566742372,1.0,0.0,0.0,0.0,1.0,0.0,0.0,1.0,0.0,0.0
-0.6309329912918293,1.2827479592105953,-0.5994962372338085,0.0,1.0,1.0,0.0,0.0,0.0,0.0,0.0,0.0,1.0
-0.9212306775400253,0.4380107186809151,-1.5043100452204672,1.0,0.0,0.0,0.0,1.0,0.0,0.0,1.0,0.0,0.0
-0.9212306775400253,0.4988926819623342,1.2909183258811756,1.0,0.0,0.0,0.0,0.0,1.0,0.0,0.0,0.0,1.0
0.3851089105768565,0.21731360178577566,-0.9011008398960278,0.0,1.0,0.0,0.0,1.0,0.0,0.0,0.0,0.0,1.0
1.2560019693214444,-0.3154035769266341,0.7738818641745129,1.0,0.0,0.0,0.0,0.0,1.0,0.0,0.0,0.0,1.0
-0.48578414816773136,0.44562096409109414,-0.6533542019949191,1.0,0.0,0.0,0.0,0.0,1.0,0.0,0.0,0.0,1.0
-0.48578414816773136,-0.33823431315716684,-1.7520566831215758,0.0,1.0,0.0,0.0,0.0,1.0,0.0,0.0,0.0,1.0
-0.7035074128538783,-0.5437109392319526,0.49382044741673814,0.0,1.0,1.0,0.0,0.0,0.0,0.0,1.0,0.0,0.0
0.6754065968250524,-0.25452161364521714,-1.5850969923621332,0.0,1.0,0.0,0.0,1.0,0.0,0.0,0.0,0.0,1.0
-1.574400471598466,0.28580581047736947,-0.03937340371825751,1.0,0.0,0.0,0.0,0.0,0.0,1.0,0.0,0.0,1.0
0.7479810183871014,1.3969016403632544,0.07911411875618606,1.0,0.0,0.0,0.0,1.0,0.0,0.0,0.0,1.0,0.0
0.16738564589070953,0.7804717621388928,-0.416379157046032,1.0,0.0,0.0,0.0,1.0,0.0,0.0,1.0,0.0,0.0
-0.48578414816773136,-0.42955725807929335,-0.4433081394265873,1.0,0.0,0.0,0.0,1.0,0.0,0.0,0.0,0.0,1.0
-0.3406353050436334,0.7576410259083622,-0.20094729800158945,1.0,0.0,1.0,0.0,0.0,0.0,0.0,0.0,0.0,1.0
-1.0663795206641233,-1.5863145604262416,0.41841929675118295,1.0,0.0,0.0,0.0,0.0,1.0,0.0,0.0,0.0,1.0
0.09481122432866054,-1.1144793449952488,1.4740354060689513,1.0,0.0,0.0,0.0,0.0,1.0,0.0,0.0,0.0,1.0
1.4011508124455423,-0.48282897595053564,0.9408415549339564,1.0,0.0,0.0,0.0,0.0,0.0,1.0,0.0,1.0,0.0
-0.5583585697297804,0.1488213930941797,-1.3319645579849129,1.0,0.0,0.0,0.0,0.0,1.0,0.0,1.0,0.0,0.0
-0.2680608834815844,0.7348102896778296,0.29454597780062863,1.0,0.0,0.0,0.0,1.0,0.0,0.0,1.0,0.0,0.0
1.3285763908834933,-0.48282897595053564,0.3861045178945169,0.0,1.0,1.0,0.0,0.0,0.0,0.0,0.0,1.0,0.0
1.4011508124455423,-1.4569403884532264,0.3968761108467384,0.0,1.0,1.0,0.0,0.0,0.0,0.0,1.0,0.0,0.0
-0.48578414816773136,-1.4112789159921633,-1.3804367262699124,0.0,1.0,0.0,0.0,0.0,0.0,1.0,0.0,1.0,0.0
-1.1389539422261723,-0.05665523298060824,-1.1003753095121374,1.0,0.0,0.0,0.0,1.0,0.0,0.0,0.0,1.0,0.0
-0.12291204035748642,1.290358204620772,1.6571524862567277,1.0,0.0,0.0,0.0,0.0,1.0,0.0,0.0,0.0,1.0
0.6754065968250524,0.37712875539949814,-1.6281833641710215,0.0,1.0,0.0,0.0,1.0,0.0,0.0,1.0,0.0,0.0
0.5302577537009545,-0.5969826571031949,-0.3302064134282553,0.0,1.0,0.0,0.0,0.0,0.0,1.0,0.0,0.0,1.0
-0.05033761879543743,1.4653938490548482,1.3986342554033968,0.0,1.0,0.0,0.0,0.0,0.0,1.0,0.0,1.0,0.0
0.9657042830732484,0.5217234181928669,1.350162087118397,1.0,0.0,0.0,0.0,1.0,0.0,0.0,0.0,1.0,0.0
1.3285763908834933,-1.4569403884532264,1.0916438562650659,1.0,0.0,0.0,0.0,0.0,0.0,1.0,1.0,0.0,0.0
1.4737252340075913,-0.9394437005611725,-0.2925058380954777,1.0,0.0,0.0,0.0,0.0,0.0,1.0,1.0,0.0,0.0
1.6188740771316892,-0.9851051730222358,-0.4271507499982543,0.0,1.0,0.0,0.0,1.0,0.0,0.0,0.0,1.0,0.0
-1.7195493147225642,-1.2742944986089735,1.651766689780617,1.0,0.0,0.0,0.0,0.0,1.0,0.0,1.0,0.0,0.0
1.6914484986937381,1.3969016403632544,-0.8957150434199167,1.0,0.0,1.0,0.0,0.0,0.0,0.0,0.0,1.0,0.0
0.9657042830732484,-1.1373100812257815,-0.5564098654249193,0.0,1.0,0.0,0.0,0.0,0.0,1.0,1.0,0.0,0.0
0.16738564589070953,-0.7339670744863847,-0.8095422998021395,0.0,1.0,1.0,0.0,0.0,0.0,0.0,0.0,1.0,0.0
1.5462996555696402,-1.030766645483299,-1.1919338496060252,1.0,0.0,0.0,0.0,0.0,0.0,1.0,1.0,0.0,0.0
-0.19548646191953542,-1.609145296656772,-0.6371968125665853,1.0,0.0,0.0,0.0,0.0,0.0,1.0,1.0,0.0,0.0
0.8205554399491504,-0.45238799430982607,0.46689146503618284,0.0,1.0,0.0,1.0,0.0,0.0,0.0,0.0,1.0,0.0
0.5302577537009545,0.9555074065729712,-1.3858225227460237,1.0,0.0,0.0,0.0,0.0,1.0,0.0,1.0,0.0,0.0
0.8931298615111994,0.7880820075490719,-0.7072121667560298,0.0,1.0,0.0,0.0,0.0,0.0,1.0,1.0,0.0,0.0
-0.6309329912918293,1.4045118857734313,-0.7179837597082513,1.0,0.0,0.0,1.0,0.0,0.0,0.0,1.0,0.0,0.0
-0.5583585697297804,1.6023782664380402,-0.8903292469438056,0.0,1.0,0.0,1.0,0.0,0.0,0.0,0.0,1.0,0.0
-0.9212306775400253,-0.018604005929721827,-0.12554614733603423,0.0,1.0,0.0,0.0,0.0,1.0,0.0,0.0,0.0,1.0
0.7479810183871014,-0.5361006938217757,0.6607801381761809,0.0,1.0,0.0,1.0,0.0,0.0,0.0,0.0,1.0,0.0
0.6028321752630035,1.5338860577464442,-1.4127515051265789,0.0,1.0,0.0,0.0,0.0,1.0,0.0,0.0,0.0,1.0
0.022236802766611552,-0.48282897595053564,-0.37329278523714365,0.0,1.0,1.0,0.0,0.0,0.0,0.0,1.0,0.0,0.0
-0.12291204035748642,1.221865995929176,0.28377438484840634,0.0,1.0,0.0,0.0,0.0,0.0,1.0,0.0,1.0,0.0
0.8205554399491504,1.6328192480787498,-1.31580716855658,1.0,0.0,0.0,0.0,0.0,1.0,0.0,0.0,1.0,0.0
-1.2115283637882213,0.643487344755703,-1.1380758848449146,0.0,1.0,0.0,0.0,0.0,0.0,1.0,0.0,1.0,0.0
-0.05033761879543743,-1.0155461546629454,0.7092523064611808,1.0,0.0,0.0,1.0,0.0,0.0,0.0,0.0,0.0,1.0
0.3851089105768565,-0.19363965036379802,0.1922158447545181,1.0,0.0,1.0,0.0,0.0,0.0,0.0,0.0,1.0,0.0
-0.05033761879543743,-0.6198133933337254,-0.8849434504676947,0.0,1.0,0.0,1.0,0.0,0.0,0.0,0.0,1.0,0.0
1.1834275477593954,0.5293336636030438,0.994699519695067,1.0,0.0,1.0,0.0,0.0,0.0,0.0,0.0,1.0,0.0
-0.19548646191953542,0.4075697370402077,-1.6551123465515767,1.0,0.0,0.0,0.0,0.0,1.0,0.0,0.0,0.0,1.0
-0.8486562559779763,1.3816811495428987,1.3070757153095085,0.0,1.0,0.0,0.0,1.0,0.0,0.0,1.0,0.0,0.0
-0.9938050991020743,0.384739000809675,-0.6641257949471406,1.0,0.0,0.0,0.0,0.0,0.0,1.0,0.0,1.0,0.0
-0.05033761879543743,0.6739283263964126,-0.43792234295047655,0.0,1.0,0.0,1.0,0.0,0.0,0.0,0.0,0.0,1.0
-0.8486562559779763,1.15337378723758,-0.6533542019949191,1.0,0.0,1.0,0.0,0.0,0.0,0.0,1.0,0.0,0.0
-0.4132097266056824,0.17926237473488923,-0.4540797323788096,0.0,1.0,0.0,0.0,0.0,1.0,0.0,1.0,0.0,0.0
0.16738564589070953,1.6023782664380402,-1.0572889377032486,0.0,1.0,1.0,0.0,0.0,0.0,0.0,0.0,1.0,0.0
0.9657042830732484,-0.6198133933337254,-1.2404060178910248,0.0,1.0,0.0,0.0,0.0,0.0,1.0,0.0,1.0,0.0
0.3851089105768565,1.2446967321597089,-0.992659379989916,0.0,1.0,1.0,0.0,0.0,0.0,0.0,0.0,1.0,0.0
-1.574400471598466,1.0924918239561632,0.6715517311284032,0.0,1.0,1.0,0.0,0.0,0.0,0.0,1.0,0.0,0.0
1.6914484986937381,1.5110553215159137,-0.012444421337702192,1.0,0.0,0.0,0.0,1.0,0.0,0.0,0.0,1.0,0.0
-1.574400471598466,-0.8785617372797534,1.3070757153095085,1.0,0.0,1.0,0.0,0.0,0.0,0.0,1.0,0.0,0.0
0.6754065968250524,1.6099885118482171,-0.26557685571492234,0.0,1.0,1.0,0.0,0.0,0.0,0.0,0.0,0.0,1.0
-1.2841027853502702,0.12599065686364697,1.3770910694989522,1.0,0.0,0.0,1.0,0.0,0.0,0.0,1.0,0.0,0.0
-0.9212306775400253,0.643487344755703,-1.5689396029337996,0.0,1.0,1.0,0.0,0.0,0.0,0.0,1.0,0.0,0.0
0.022236802766611552,-0.05665523298060824,1.3770910694989522,0.0,1.0,1.0,0.0,0.0,0.0,0.0,1.0,0.0,0.0
-0.9938050991020743,0.8794049524711983,-1.5366248240771332,0.0,1.0,1.0,0.0,0.0,0.0,0.0,0.0,0.0,1.0
-1.7195493147225642,-0.6274236387439044,-0.8957150434199167,1.0,0.0,0.0,0.0,0.0,1.0,0.0,0.0,1.0,0.0
0.022236802766611552,1.7089217021805225,1.4955785919733957,0.0,1.0,1.0,0.0,0.0,0.0,0.0,0.0,0.0,1.0
-1.1389539422261723,-0.2393011228248613,0.6230795628434033,1.0,0.0,0.0,0.0,0.0,0.0,1.0,0.0,1.0,0.0
-0.12291204035748642,1.358850413312368,-1.7197419042649098,0.0,1.0,1.0,0.0,0.0,0.0,0.0,1.0,0.0,0.0
0.3851089105768565,-0.26974210446557084,1.3447762906422862,1.0,0.0,0.0,1.0,0.0,0.0,0.0,1.0,0.0,0.0
-1.2115283637882213,0.453231209501271,0.11142889761285213,1.0,0.0,0.0,0.0,0.0,0.0,1.0,0.0,1.0,0.0
-1.2115283637882213,1.3740709041327217,0.8869835901728457,0.0,1.0,0.0,0.0,0.0,1.0,0.0,0.0,0.0,1.0
0.3125344890148075,-0.9546641913815263,1.5548223532106171,0.0,1.0,0.0,0.0,0.0,0.0,1.0,0.0,1.0,0.0
1.6188740771316892,1.2523069775698856,-0.7287553526604735,0.0,1.0,0.0,1.0,0.0,0.0,0.0,0.0,0.0,1.0
-0.2680608834815844,-1.2819047440191502,-1.498924248744356,0.0,1.0,0.0,0.0,0.0,0.0,1.0,0.0,0.0,1.0
-1.574400471598466,1.0696610877256305,-0.33559220990436606,0.0,1.0,0.0,0.0,0.0,0.0,1.0,1.0,0.0,0.0
-1.7195493147225642,0.6587078355760567,-0.22249048390603401,0.0,1.0,0.0,0.0,1.0,0.0,0.0,1.0,0.0,0.0
0.6754065968250524,-1.0231564000731221,1.0647148738845107,0.0,1.0,1.0,0.0,0.0,0.0,0.0,0.0,0.0,1.0
-0.9938050991020743,-0.9546641913815263,-0.992659379989916,1.0,0.0,1.0,0.0,0.0,0.0,0.0,0.0,0.0,1.0
0.8931298615111994,-0.5284904484115989,-1.7143561077887985,1.0,0.0,0.0,0.0,0.0,1.0,0.0,1.0,0.0,0.0
1.3285763908834933,0.17926237473488923,-0.42176495352214277,0.0,1.0,0.0,0.0,0.0,1.0,0.0,1.0,0.0,0.0
-0.2680608834815844,1.7013114567703458,-0.7395269456126958,0.0,1.0,0.0,1.0,0.0,0.0,0.0,1.0,0.0,0.0
-1.646974893160515,1.5947680210278634,-0.42176495352214277,1.0,0.0,0.0,0.0,0.0,0.0,1.0,0.0,0.0,1.0
-0.6309329912918293,-0.2393011228248613,0.07911411875618606,1.0,0.0,0.0,0.0,0.0,0.0,1.0,1.0,0.0,0.0
-1.3566772069123192,-0.1403679324925579,1.0916438562650659,1.0,0.0,0.0,0.0,1.0,0.0,0.0,0.0,0.0,1.0
0.022236802766611552,-1.3351764618903903,-1.5689396029337996,1.0,0.0,0.0,0.0,0.0,1.0,0.0,1.0,0.0,0.0
-1.4292516284743682,-1.0231564000731221,-0.6048820337099192,1.0,0.0,0.0,1.0,0.0,0.0,0.0,0.0,1.0,0.0
0.6028321752630035,-1.5330428425549993,-0.41099336056992125,1.0,0.0,1.0,0.0,0.0,0.0,0.0,0.0,1.0,0.0
1.1108531261973464,-1.2134125353275542,-0.050144996670479794,0.0,1.0,0.0,0.0,1.0,0.0,0.0,0.0,1.0,0.0
-0.6309329912918293,-0.9622744367917031,-0.24941946628658931,0.0,1.0,0.0,1.0,0.0,0.0,0.0,0.0,1.0,0.0
-0.6309329912918293,1.6023782664380402,0.2514596059917403,1.0,0.0,0.0,1.0,0.0,0.0,0.0,0.0,1.0,0.0
-0.3406353050436334,-0.8557310010492228,-0.8310854857065841,1.0,0.0,0.0,0.0,0.0,1.0,0.0,0.0,1.0,0.0
-0.4132097266056824,1.275137713800416,1.2963041223572862,1.0,0.0,0.0,0.0,0.0,1.0,0.0,0.0,1.0,0.0
-1.4292516284743682,-1.6319760328873048,0.49382044741673814,1.0,0.0,0.0,0.0,0.0,0.0,1.0,0.0,0.0,1.0
-0.5583585697297804,-0.7644080561270942,1.6140661144478394,1.0,0.0,1.0,0.0,0.0,0.0,0.0,0.0,0.0,1.0
0.022236802766611552,0.5521643998335743,0.40764770379896065,1.0,0.0,1.0,0.0,0.0,0.0,0.0,1.0,0.0,0.0
-1.1389539422261723,0.7272000442676527,-0.992659379989916,1.0,0.0,0.0,1.0,0.0,0.0,0.0,0.0,1.0,0.0
1.5462996555696402,-1.1601408174563141,1.4040200518795076,0.0,1.0,0.0,0.0,1.0,0.0,0.0,0.0,0.0,1.0
-0.48578414816773136,-1.099258854174895,-1.3050355756043577,0.0,1.0,0.0,1.0,0.0,0.0,0.0,0.0,1.0,0.0
-1.0663795206641233,1.3207991862614816,-0.7072121667560298,1.0,0.0,0.0,0.0,1.0,0.0,0.0,1.0,0.0,0.0
-0.7760818344159273,-1.2742944986089735,-0.7987707068499177,0.0,1.0,0.0,0.0,0.0,0.0,1.0,0.0,0.0,1.0
0.5302577537009545,1.4653938490548482,0.7684960676984022,0.0,1.0,0.0,1.0,0.0,0.0,0.0,0.0,0.0,1.0
-0.9938050991020743,1.275137713800416,-0.8472428751349171,1.0,0.0,1.0,0.0,0.0,0.0,0.0,0.0,0.0,1.0
1.4737252340075913,1.5110553215159137,-0.3679069887610321,1.0,0.0,0.0,0.0,0.0,0.0,1.0,0.0,0.0,1.0
-1.1389539422261723,-1.0840383633545414,0.12220049056507441,1.0,0.0,0.0,1.0,0.0,0.0,0.0,0.0,1.0,0.0
-0.3406353050436334,-0.3762855402080532,-0.9549588046571384,1.0,0.0,0.0,0.0,0.0,0.0,1.0,0.0,1.0,0.0
1.6914484986937381,-0.33062406774699,-0.5564098654249193,0.0,1.0,0.0,1.0,0.0,0.0,0.0,0.0,1.0,0.0
-1.3566772069123192,0.5902156268844607,-0.007058624861591433,0.0,1.0,1.0,0.0,0.0,0.0,0.0,0.0,1.0,0.0
0.09481122432866054,-1.304735480249681,-1.509695841696578,1.0,0.0,0.0,0.0,0.0,1.0,0.0,0.0,0.0,1.0
-0.3406353050436334,-1.5710940696058857,1.156273413978399,0.0,1.0,0.0,0.0,1.0,0.0,0.0,0.0,1.0,0.0
-1.0663795206641233,-0.9927154184324126,0.8869835901728457,1.0,0.0,1.0,0.0,0.0,0.0,0.0,1.0,0.0,0.0
0.5302577537009545,-1.3580071981209232,1.0108569091234,1.0,0.0,1.0,0.0,0.0,0.0,0.0,0.0,1.0,0.0
1.0382787046352975,-0.0033835151093659648,-1.26733500027158,1.0,0.0,0.0,1.0,0.0,0.0,0.0,0.0,1.0,0.0
-1.5018260500364171,0.41517998245038457,0.8115824395072905,0.0,1.0,1.0,0.0,0.0,0.0,0.0,0.0,1.0,0.0
-1.7195493147225642,1.0924918239561632,1.2639893435006202,1.0,0.0,0.0,0.0,0.0,0.0,1.0,0.0,1.0,0.0
-1.2841027853502702,1.3207991862614816,-0.43792234295047655,0.0,1.0,1.0,0.0,0.0,0.0,0.0,0.0,1.0,0.0
1.5462996555696402,-1.2514637623784408,-1.3588935403654683,1.0,0.0,0.0,0.0,0.0,0.0,1.0,1.0,0.0,0.0
0.022236802766611552,-0.33062406774699,-0.6156536266621415,1.0,0.0,0.0,0.0,0.0,0.0,1.0,0.0,0.0,1.0
-0.6309329912918293,0.25536482883666206,0.8331256254117351,0.0,1.0,0.0,0.0,0.0,0.0,1.0,0.0,0.0,1.0
1.6188740771316892,-0.5284904484115989,-0.06091658962270208,0.0,1.0,1.0,0.0,0.0,0.0,0.0,0.0,1.0,0.0
-0.2680608834815844,0.4380107186809151,-0.4917803077115872,0.0,1.0,1.0,0.0,0.0,0.0,0.0,0.0,1.0,0.0
-0.3406353050436334,0.7500307804981854,-1.5635538064576886,0.0,1.0,0.0,0.0,0.0,1.0,0.0,0.0,0.0,1.0
-0.48578414816773136,1.0011688790340345,1.5009643884495065,1.0,0.0,1.0,0.0,0.0,0.0,0.0,1.0,0.0,0.0
-0.7760818344159273,0.7880820075490719,1.0916438562650659,0.0,1.0,0.0,0.0,1.0,0.0,0.0,0.0,1.0,0.0
1.2560019693214444,0.48367219114198057,1.5117359814017288,1.0,0.0,0.0,0.0,0.0,0.0,1.0,0.0,0.0,1.0
-0.2680608834815844,-0.9394437005611725,0.30531757075285093,0.0,1.0,0.0,0.0,0.0,0.0,1.0,0.0,1.0,0.0
-1.1389539422261723,0.24775458342648304,1.5548223532106171,1.0,0.0,0.0,0.0,0.0,0.0,1.0,1.0,0.0,0.0
-0.05033761879543743,0.39234924621985184,0.06295672932785301,0.0,1.0,1.0,0.0,0.0,0.0,0.0,0.0,0.0,1.0
1.6914484986937381,-0.19363965036379802,0.35917553551396153,0.0,1.0,0.0,0.0,0.0,1.0,0.0,1.0,0.0,0.0
1.0382787046352975,0.4988926819623342,-1.0572889377032486,0.0,1.0,1.0,0.0,0.0,0.0,0.0,0.0,1.0,0.0
-0.3406353050436334,1.2827479592105953,0.43996248265562754,0.0,1.0,0.0,0.0,1.0,0.0,0.0,0.0,0.0,1.0
-0.9212306775400253,-1.4493301430430496,-0.43253654647436507,1.0,0.0,0.0,0.0,0.0,0.0,1.0,0.0,0.0,1.0
0.8205554399491504,-0.5361006938217757,-1.1326900883688034,0.0,1.0,0.0,1.0,0.0,0.0,0.0,1.0,0.0,0.0
0.8931298615111994,1.343629922492012,0.9462273514100671,0.0,1.0,0.0,1.0,0.0,0.0,0.0,0.0,0.0,1.0
-0.7760818344159273,1.0848815785459842,-1.0411315482749155,1.0,0.0,0.0,0.0,0.0,1.0,0.0,1.0,0.0,0.0
0.5302577537009545,0.8641844616508446,-1.5850969923621332,0.0,1.0,0.0,0.0,1.0,0.0,0.0,0.0,1.0,0.0
-1.7195493147225642,0.5293336636030438,1.0862580597889553,1.0,0.0,0.0,0.0,0.0,0.0,1.0,1.0,0.0,0.0
0.09481122432866054,-1.0688178725341855,0.11681469408896365,0.0,1.0,0.0,1.0,0.0,0.0,0.0,0.0,1.0,0.0
-1.574400471598466,-1.677637505348368,-0.39483597114158747,1.0,0.0,1.0,0.0,0.0,0.0,0.0,0.0,0.0,1.0
1.1108531261973464,-0.21647038659433074,-0.8095422998021395,1.0,0.0,0.0,0.0,0.0,0.0,1.0,0.0,0.0,1.0
-0.3406353050436334,1.366460658722545,-0.007058624861591433,0.0,1.0,0.0,0.0,1.0,0.0,0.0,1.0,0.0,0.0
0.3851089105768565,-0.7948490377678038,0.35378973903785005,1.0,0.0,0.0,0.0,0.0,0.0,1.0,1.0,0.0,0.0
1.4737252340075913,-1.502601860914292,-0.2817342451432554,1.0,0.0,0.0,1.0,0.0,0.0,0.0,0.0,0.0,1.0
0.9657042830732484,-1.677637505348368,0.8061966430311798,0.0,1.0,0.0,0.0,0.0,1.0,0.0,0.0,1.0,0.0
-0.6309329912918293,1.6480397388991035,-1.0519031412271374,1.0,0.0,0.0,0.0,1.0,0.0,0.0,1.0,0.0,0.0
0.23996006745275852,1.6708704751296362,-0.22787628038214477,0.0,1.0,1.0,0.0,0.0,0.0,0.0,0.0,0.0,1.0
-0.9938050991020743,-1.3351764618903903,-0.8957150434199167,1.0,0.0,1.0,0.0,0.0,0.0,0.0,1.0,0.0,0.0
-0.7760818344159273,0.2629750742468389,1.66792407920895,1.0,0.0,0.0,0.0,0.0,1.0,0.0,1.0,0.0,0.0
0.4576833321389055,0.894625443291552,0.19760164123062962,0.0,1.0,0.0,1.0,0.0,0.0,0.0,0.0,1.0,0.0
-0.8486562559779763,-0.4067265218487628,0.9085267760772895,1.0,0.0,0.0,0.0,1.0,0.0,0.0,1.0,0.0,0.0
0.3851089105768565,-0.30779333151645727,-0.39483597114158747,1.0,0.0,0.0,0.0,1.0,0.0,0.0,1.0,0.0,0.0
0.6028321752630035,1.7013114567703458,-1.6928129218843544,1.0,0.0,0.0,0.0,0.0,0.0,1.0,0.0,1.0,0.0
-0.9212306775400253,0.6206566085251704,1.2101313787395096,0.0,1.0,1.0,0.0,0.0,0.0,0.0,0.0,1.0,0.0
0.3851089105768565,0.5065029273725111,-0.48100871475936496,1.0,0.0,0.0,0.0,0.0,0.0,1.0,0.0,1.0,0.0
0.9657042830732484,-0.26974210446557084,0.08449991523229682,0.0,1.0,0.0,0.0,1.0,0.0,0.0,1.0,0.0,0.0
-0.4132097266056824,-0.2773523498757477,-1.3588935403654683,0.0,1.0,0.0,0.0,0.0,0.0,1.0,0.0,1.0,0.0
-1.3566772069123192,-0.5437109392319526,0.6176937663672925,1.0,0.0,0.0,0.0,0.0,0.0,1.0,0.0,0.0,1.0
1.5462996555696402,1.358850413312368,1.0970296527411767,1.0,0.0,0.0,0.0,1.0,0.0,0.0,0.0,1.0,0.0
-0.48578414816773136,1.343629922492012,-0.19017570504936715,0.0,1.0,0.0,0.0,0.0,0.0,1.0,0.0,1.0,0.0
-0.3406353050436334,-0.09470646003149465,0.33224655313340623,0.0,1.0,0.0,0.0,1.0,0.0,0.0,0.0,0.0,1.0
0.6754065968250524,0.7880820075490719,-1.741285090169354,1.0,0.0,1.0,0.0,0.0,0.0,0.0,0.0,1.0,0.0
1.1834275477593954,0.46084145491144785,-0.3086632275238107,0.0,1.0,0.0,1.0,0.0,0.0,0.0,1.0,0.0,0.0
0.3851089105768565,-1.0764281179443624,-1.498924248744356,1.0,0.0,0.0,0.0,0.0,0.0,1.0,0.0,1.0,0.0
0.16738564589070953,0.8565742162406657,-1.073446327131582,1.0,0.0,0.0,0.0,1.0,0.0,0.0,1.0,0.0,0.0
0.6754065968250524,1.1990352596986433,1.1993597857872873,1.0,0.0,0.0,0.0,0.0,1.0,0.0,1.0,0.0,0.0
-0.12291204035748642,0.08032918440258371,0.1329720835172967,0.0,1.0,1.0,0.0,0.0,0.0,0.0,1.0,0.0,0.0
1.2560019693214444,-0.14797817790273476,1.4040200518795076,1.0,0.0,1.0,0.0,0.0,0.0,0.0,0.0,1.0,0.0
1.2560019693214444,1.275137713800416,-0.8310854857065841,0.0,1.0,0.0,0.0,0.0,0.0,1.0,0.0,1.0,0.0
1.0382787046352975,-0.6198133933337254,0.6823233240806255,0.0,1.0,0.0,1.0,0.0,0.0,0.0,1.0,0.0,0.0
-0.9212306775400253,0.011836975710987735,-0.43792234295047655,0.0,1.0,1.0,0.0,0.0,0.0,0.0,1.0,0.0,0.0
0.022236802766611552,0.47606194573180155,-0.15247512971658955,1.0,0.0,0.0,0.0,0.0,1.0,0.0,0.0,1.0,0.0
-0.4132097266056824,1.4045118857734313,-1.008816769418249,1.0,0.0,0.0,1.0,0.0,0.0,0.0,1.0,0.0,0.0
-0.7760818344159273,0.4227902278605614,1.0162427055995107,0.0,1.0,0.0,0.0,1.0,0.0,0.0,0.0,1.0,0.0
0.8205554399491504,-1.1525305720461352,0.4992062438928489,0.0,1.0,0.0,0.0,0.0,0.0,1.0,1.0,0.0,0.0
-0.4132097266056824,-0.7567978107169173,-0.5187092900921425,1.0,0.0,0.0,0.0,0.0,1.0,0.0,1.0,0.0,0.0
-0.9938050991020743,1.6023782664380402,1.61945191092395,1.0,0.0,0.0,0.0,0.0,0.0,1.0,0.0,0.0,1.0
-0.6309329912918293,0.0955496752229374,-0.9872735835138049,1.0,0.0,0.0,0.0,0.0,0.0,1.0,0.0,0.0,1.0
0.6754065968250524,-0.04904498757042922,0.531521022749515,0.0,1.0,0.0,0.0,0.0,0.0,1.0,1.0,0.0,0.0
0.23996006745275852,-0.24691136823504028,-0.09861716495547891,0.0,1.0,0.0,1.0,0.0,0.0,0.0,1.0,0.0,0.0
-1.574400471598466,1.1153225601866936,0.7684960676984022,0.0,1.0,0.0,1.0,0.0,0.0,0.0,0.0,1.0,0.0
0.6754065968250524,1.3284094316716584,1.441720627212285,0.0,1.0,0.0,0.0,1.0,0.0,0.0,1.0,0.0,0.0
0.6754065968250524,-0.9851051730222358,-0.07707397905103512,1.0,0.0,0.0,0.0,0.0,0.0,1.0,1.0,0.0,0.0
-1.646974893160515,-0.8329002648186902,-1.6335691606471325,0.0,1.0,0.0,0.0,0.0,0.0,1.0,0.0,1.0,0.0
1.0382787046352975,1.0087791244442113,1.0485574844561776,0.0,1.0,1.0,0.0,0.0,0.0,0.0,0.0,0.0,1.0
-1.646974893160515,1.5491065485668,0.816968235983402,0.0,1.0,1.0,0.0,0.0,0.0,0.0,0.0,1.0,0.0
-1.2841027853502702,0.24775458342648304,0.7631102712222914,1.0,0.0,0.0,0.0,1.0,0.0,0.0,0.0,1.0,0.0
-1.646974893160515,-0.5361006938217757,0.15990106589785202,1.0,0.0,0.0,0.0,0.0,1.0,0.0,0.0,1.0,0.0
1.6188740771316892,1.2446967321597089,-1.3804367262699124,1.0,0.0,0.0,1.0,0.0,0.0,0.0,0.0,1.0,0.0
-1.7195493147225642,0.3086365467079022,1.3555478835945085,1.0,0.0,1.0,0.0,0.0,0.0,0.0,1.0,0.0,0.0
0.23996006745275852,-0.7111363382558541,1.7217820439700606,1.0,0.0,0.0,1.0,0.0,0.0,0.0,1.0,0.0,0.0
-1.646974893160515,-1.7004682415789008,-0.1847899085732564,0.0,1.0,0.0,1.0,0.0,0.0,0.0,0.0,1.0,0.0
-0.6309329912918293,-1.1373100812257815,0.3861045178945169,1.0,0.0,0.0,0.0,0.0,0.0,1.0,1.0,0.0,0.0
1.2560019693214444,0.9174561795220848,1.7271678404461714,0.0,1.0,1.0,0.0,0.0,0.0,0.0,1.0,0.0,0.0
0.7479810183871014,-0.7035260928456772,-0.416379157046032,0.0,1.0,0.0,0.0,1.0,0.0,0.0,1.0,0.0,0.0
-1.3566772069123192,0.46084145491144785,0.8869835901728457,0.0,1.0,0.0,0.0,0.0,1.0,0.0,1.0,0.0,0.0
0.23996006745275852,-0.6198133933337254,-0.7987707068499177,1.0,0.0,0.0,0.0,0.0,1.0,0.0,1.0,0.0,0.0
1.1108531261973464,-0.6350338841540812,0.46689146503618284,0.0,1.0,0.0,0.0,0.0,1.0,0.0,0.0,0.0,1.0
-0.48578414816773136,-0.6883056020253214,0.7361812888417361,0.0,1.0,0.0,0.0,0.0,1.0,0.0,0.0,0.0,1.0
0.5302577537009545,0.6587078355760567,0.8708262007445127,0.0,1.0,1.0,0.0,0.0,0.0,0.0,0.0,1.0,0.0
1.3285763908834933,0.5673848906539302,0.7307954923656246,0.0,1.0,0.0,0.0,0.0,1.0,0.0,0.0,1.0,0.0
1.6188740771316892,-1.2819047440191502,-1.4558378769354672,0.0,1.0,0.0,0.0,0.0,1.0,0.0,0.0,0.0,1.0
-0.3406353050436334,-0.4904392213607125,-0.7018263702799182,1.0,0.0,0.0,0.0,0.0,1.0,0.0,0.0,0.0,1.0
-0.2680608834815844,0.27058531965701577,-1.3104213720804687,1.0,0.0,0.0,0.0,0.0,1.0,0.0,0.0,1.0,0.0
1.3285763908834933,-1.2590740077886176,0.24607380951562874,1.0,0.0,0.0,1.0,0.0,0.0,0.0,0.0,0.0,1.0
0.9657042830732484,-1.2819047440191502,0.9246841655056233,1.0,0.0,0.0,0.0,0.0,1.0,0.0,1.0,0.0,0.0
1.1834275477593954,1.4045118857734313,-0.3086632275238107,0.0,1.0,0.0,1.0,0.0,0.0,0.0,0.0,0.0,1.0
-0.48578414816773136,0.8794049524711983,0.4238050932272937,1.0,0.0,0.0,0.0,1.0,0.0,0.0,0.0,1.0,0.0
-1.4292516284743682,0.43040047327073827,-1.660498143027688,0.0,1.0,0.0,0.0,1.0,0.0,0.0,0.0,1.0,0.0
-0.9212306775400253,1.2066455051088223,0.6661659346522916,0.0,1.0,1.0,0.0,0.0,0.0,0.0,0.0,1.0,0.0
1.1834275477593954,0.24775458342648304,1.5548223532106171,0.0,1.0,0.0,0.0,1.0,0.0,0.0,0.0,0.0,1.0
-0.05033761879543743,-1.3656174435311,0.5853789875106257,1.0,0.0,0.0,0.0,1.0,0.0,0.0,0.0,0.0,1.0
0.6028321752630035,-0.07948596921113879,1.5979087250195063,0.0,1.0,0.0,1.0,0.0,0.0,0.0,0.0,0.0,1.0
0.16738564589070953,1.0011688790340345,0.9408415549339564,1.0,0.0,0.0,1.0,0.0,0.0,0.0,1.0,0.0,0.0
0.5302577537009545,-1.228633026147908,1.4848069990211736,0.0,1.0,0.0,0.0,0.0,1.0,0.0,1.0,0.0,0.0
1.4011508124455423,1.3284094316716584,-1.0357457517988045,0.0,1.0,0.0,0.0,0.0,0.0,1.0,0.0,0.0,1.0
-1.2115283637882213,-0.7111363382558541,-0.007058624861591433,0.0,1.0,0.0,0.0,0.0,0.0,1.0,0.0,0.0,1.0
1.6188740771316892,1.0163893698543902,0.8492830148400681,0.0,1.0,0.0,0.0,0.0,1.0,0.0,0.0,1.0,0.0
0.6028321752630035,0.3542980191689654,0.596150580462848,1.0,0.0,0.0,0.0,0.0,1.0,0.0,0.0,0.0,1.0
-0.05033761879543743,-0.6198133933337254,-0.5994962372338085,0.0,1.0,0.0,1.0,0.0,0.0,0.0,0.0,0.0,1.0
0.022236802766611552,-0.7035260928456772,0.9408415549339564,0.0,1.0,0.0,1.0,0.0,0.0,0.0,0.0,1.0,0.0
1.4011508124455423,-1.5863145604262416,-0.49716610418769797,1.0,0.0,0.0,0.0,1.0,0.0,0.0,0.0,1.0,0.0
-1.0663795206641233,-0.30779333151645727,0.7254096958895138,1.0,0.0,0.0,1.0,0.0,0.0,0.0,0.0,0.0,1.0
-0.48578414816773136,-1.0079359092527684,0.7469528817939576,1.0,0.0,0.0,0.0,0.0,1.0,0.0,0.0,1.0,0.0
1.6914484986937381,-0.262131859055394,0.994699519695067,1.0,0.0,0.0,0.0,0.0,1.0,0.0,0.0,0.0,1.0
-0.5583585697297804,-1.4569403884532264,-1.4504520804593566,1.0,0.0,0.0,1.0,0.0,0.0,0.0,1.0,0.0,0.0
0.6754065968250524,0.14121114768400284,-1.665883939503799,1.0,0.0,0.0,0.0,1.0,0.0,0.0,0.0,0.0,1.0
0.6028321752630035,0.44562096409109414,-1.1003753095121374,1.0,0.0,0.0,0.0,1.0,0.0,0.0,0.0,0.0,1.0
0.7479810183871014,1.4349528674141407,0.6338511557956256,1.0,0.0,0.0,0.0,1.0,0.0,0.0,1.0,0.0,0.0
0.5302577537009545,1.290358204620772,-1.3265787615088018,0.0,1.0,0.0,0.0,0.0,0.0,1.0,0.0,0.0,1.0
-0.6309329912918293,-0.35345480397752055,-1.7251277007410204,0.0,1.0,1.0,0.0,0.0,0.0,0.0,1.0,0.0,0.0
1.4011508124455423,0.46084145491144785,-0.8149280962782507,1.0,0.0,0.0,1.0,0.0,0.0,0.0,0.0,0.0,1.0
0.23996006745275852,0.10315992063311642,-0.5564098654249193,1.0,0.0,0.0,1.0,0.0,0.0,0.0,1.0,0.0,0.0
-0.7035074128538783,-0.07948596921113879,1.220902971691732,0.0,1.0,0.0,0.0,1.0,0.0,0.0,1.0,0.0,0.0
-0.7760818344159273,1.7089217021805225,-0.5456382724726979,0.0,1.0,1.0,0.0,0.0,0.0,0.0,1.0,0.0,0.0
1.5462996555696402,-0.262131859055394,1.3232331047378416,0.0,1.0,0.0,1.0,0.0,0.0,0.0,0.0,0.0,1.0
-1.0663795206641233,1.4273426220039618,0.8223540324595128,0.0,1.0,0.0,0.0,0.0,1.0,0.0,0.0,0.0,1.0
1.1108531261973464,1.031609860674744,-0.9657303976093607,1.0,0.0,0.0,0.0,1.0,0.0,0.0,0.0,1.0,0.0
-0.12291204035748642,-1.555873578785532,0.44534827913173824,1.0,0.0,1.0,0.0,0.0,0.0,0.0,1.0,0.0,0.0
-0.05033761879543743,-1.6852477507585448,-0.4648513253310319,0.0,1.0,0.0,1.0,0.0,0.0,0.0,0.0,0.0,1.0
0.6028321752630035,-0.35345480397752055,-1.6227975676949102,1.0,0.0,0.0,0.0,0.0,0.0,1.0,0.0,1.0,0.0
-0.6309329912918293,1.3284094316716584,0.9677705373145117,0.0,1.0,0.0,1.0,0.0,0.0,0.0,0.0,0.0,1.0
-0.3406353050436334,1.0087791244442113,1.6733098756850608,1.0,0.0,0.0,0.0,1.0,0.0,0.0,1.0,0.0,0.0
-0.19548646191953542,1.160984032647757,0.5261352262734043,0.0,1.0,0.0,0.0,0.0,0.0,1.0,0.0,1.0,0.0
-0.9938050991020743,-1.434109652222696,0.48843465094062666,1.0,0.0,0.0,0.0,1.0,0.0,0.0,1.0,0.0,0.0
-0.48578414816773136,-1.3351764618903903,0.13835787999340746,1.0,0.0,0.0,1.0,0.0,0.0,0.0,0.0,0.0,1.0
0.022236802766611552,-1.236243271558087,1.3393904941661747,0.0,1.0,0.0,0.0,1.0,0.0,0.0,0.0,0.0,1.0
0.9657042830732484,-0.8481207556390439,0.3107033672289617,0.0,1.0,0.0,0.0,1.0,0.0,0.0,0.0,1.0,0.0
-0.9212306775400253,0.07271893899240686,-1.0249741588465822,1.0,0.0,0.0,0.0,0.0,0.0,1.0,0.0,1.0,0.0
-0.9212306775400253,0.6739283263964126,-1.579711195886022,0.0,1.0,0.0,1.0,0.0,0.0,0.0,1.0,0.0,0.0
-1.3566772069123192,1.0392201060849209,-1.3588935403654683,1.0,0.0,0.0,1.0,0.0,0.0,0.0,1.0,0.0,0.0
-1.2841027853502702,-0.42955725807929335,1.1508876175022873,0.0,1.0,0.0,1.0,0.0,0.0,0.0,0.0,1.0,0.0
1.4737252340075913,0.4227902278605614,0.3160891637050724,0.0,1.0,0.0,0.0,0.0,1.0,0.0,0.0,0.0,1.0
-0.9938050991020743,-0.772018301537271,-1.595868585314355,0.0,1.0,1.0,0.0,0.0,0.0,0.0,1.0,0.0,0.0
0.6028321752630035,0.41517998245038457,0.6446227487478478,0.0,1.0,0.0,0.0,0.0,0.0,1.0,1.0,0.0,0.0
-1.2115283637882213,0.28580581047736947,-1.4719952663638007,1.0,0.0,0.0,0.0,0.0,0.0,1.0,0.0,1.0,0.0
0.8205554399491504,-0.589372411693018,-1.762828276073798,0.0,1.0,0.0,0.0,1.0,0.0,0.0,0.0,1.0,0.0
-1.3566772069123192,1.4577836036446714,1.1778165998828427,0.0,1.0,0.0,0.0,1.0,0.0,0.0,1.0,0.0,0.0
-0.8486562559779763,-1.5406530879651783,0.5261352262734043,0.0,1.0,0.0,0.0,0.0,0.0,1.0,0.0,1.0,0.0
-1.7195493147225642,-0.09470646003149465,1.651766689780617,1.0,0.0,0.0,0.0,0.0,0.0,1.0,0.0,0.0,1.0
1.5462996555696402,1.1153225601866936,-1.5850969923621332,0.0,1.0,1.0,0.0,0.0,0.0,0.0,1.0,0.0,0.0
1.5462996555696402,1.4653938490548482,-0.2063330944777002,1.0,0.0,1.0,0.0,0.0,0.0,0.0,0.0,0.0,1.0
-1.574400471598466,-0.9927154184324126,1.4740354060689513,0.0,1.0,0.0,1.0,0.0,0.0,0.0,0.0,1.0,0.0
1.5462996555696402,-1.692857996168724,-0.4648513253310319,0.0,1.0,0.0,1.0,0.0,0.0,0.0,1.0,0.0,0.0
1.6188740771316892,-0.32301382233681314,-0.594110440757697,0.0,1.0,0.0,0.0,0.0,1.0,0.0,0.0,1.0,0.0
-0.9938050991020743,0.574995136064107,-0.24941946628658931,1.0,0.0,0.0,0.0,1.0,0.0,0.0,0.0,0.0,1.0
1.3285763908834933,1.290358204620772,1.1293444315978436,0.0,1.0,0.0,1.0,0.0,0.0,0.0,0.0,1.0,0.0
0.8931298615111994,-1.4112789159921633,0.9516131478861786,1.0,0.0,0.0,0.0,0.0,0.0,1.0,1.0,0.0,0.0
-1.2115283637882213,1.1077123147765169,1.1347302280739544,1.0,0.0,0.0,1.0,0.0,0.0,0.0,1.0,0.0,0.0
-0.05033761879543743,-0.1175371962620252,0.06295672932785301,0.0,1.0,0.0,1.0,0.0,0.0,0.0,1.0,0.0,0.0
0.8205554399491504,-0.7567978107169173,-0.6802831843754744,1.0,0.0,0.0,0.0,0.0,1.0,0.0,0.0,0.0,1.0
0.9657042830732484,-0.7491875653067405,-0.5348666795204756,0.0,1.0,0.0,0.0,1.0,0.0,0.0,1.0,0.0,0.0
-0.7760818344159273,-0.6426441295642581,-0.6264252196143638,0.0,1.0,0.0,0.0,0.0,0.0,1.0,1.0,0.0,0.0
0.3125344890148075,-0.7263568290762078,1.1939739893111765,1.0,0.0,1.0,0.0,0.0,0.0,0.0,1.0,0.0,0.0
-1.1389539422261723,-1.1981920445072005,-0.7395269456126958,0.0,1.0,0.0,1.0,0.0,0.0,0.0,0.0,1.0,0.0
0.09481122432866054,-1.3656174435311,0.897755183125068,0.0,1.0,0.0,0.0,0.0,1.0,0.0,0.0,1.0,0.0
-1.1389539422261723,0.5826053814742839,0.6230795628434033,0.0,1.0,0.0,0.0,1.0,0.0,0.0,0.0,0.0,1.0
0.09481122432866054,0.8489639708304888,1.5171217778778403,0.0,1.0,0.0,1.0,0.0,0.0,0.0,0.0,0.0,1.0
-0.9938050991020743,-1.5102121063244687,-0.5402524759965863,0.0,1.0,0.0,0.0,1.0,0.0,0.0,1.0,0.0,0.0
-0.3406353050436334,0.643487344755703,0.7738818641745129,1.0,0.0,0.0,0.0,1.0,0.0,0.0,0.0,0.0,1.0
-0.4132097266056824,-0.26974210446557084,-1.5689396029337996,1.0,0.0,1.0,0.0,0.0,0.0,0.0,0.0,0.0,1.0
0.4576833321389055,-0.5589314300523085,1.075486466836733,0.0,1.0,0.0,1.0,0.0,0.0,0.0,1.0,0.0,0.0
0.8931298615111994,-1.494991615504113,-0.07707397905103512,0.0,1.0,1.0,0.0,0.0,0.0,0.0,1.0,0.0,0.0
-1.574400471598466,-0.14797817790273476,-1.2296344249388027,1.0,0.0,0.0,1.0,0.0,0.0,0.0,1.0,0.0,0.0
-0.2680608834815844,0.772861516728716,1.506350184925618,0.0,1.0,0.0,0.0,0.0,1.0,0.0,0.0,0.0,1.0
1.6188740771316892,-0.4599982397200029,0.9462273514100671,1.0,0.0,0.0,0.0,1.0,0.0,0.0,0.0,1.0,0.0
-1.4292516284743682,-0.7491875653067405,-1.1596190707493588,0.0,1.0,0.0,0.0,0.0,1.0,0.0,1.0,0.0,0.0
0.6754065968250524,0.8261332345999582,-0.5240950865682533,1.0,0.0,0.0,0.0,1.0,0.0,0.0,0.0,0.0,1.0
0.8205554399491504,0.7348102896778296,-0.7718417244693623,0.0,1.0,1.0,0.0,0.0,0.0,0.0,0.0,0.0,1.0
0.022236802766611552,1.3207991862614816,-0.5887246442815862,1.0,0.0,0.0,0.0,1.0,0.0,0.0,0.0,1.0,0.0
1.6188740771316892,1.343629922492012,-0.48639451123547567,1.0,0.0,0.0,1.0,0.0,0.0,0.0,1.0,0.0,0.0
-0.48578414816773136,1.1229328055968706,0.9569989443622894,1.0,0.0,0.0,0.0,0.0,0.0,1.0,0.0,0.0,1.0
0.4576833321389055,-0.840510510228867,0.21375903065896265,0.0,1.0,0.0,0.0,0.0,1.0,0.0,0.0,1.0,0.0
1.2560019693214444,0.9022356887017311,-0.34636380285658835,0.0,1.0,1.0,0.0,0.0,0.0,0.0,0.0,0.0,1.0
-0.48578414816773136,1.2446967321597089,1.5171217778778403,1.0,0.0,0.0,0.0,0.0,1.0,0.0,0.0,0.0,1.0
-0.9212306775400253,1.1229328055968706,-0.7502985385649181,1.0,0.0,0.0,0.0,0.0,0.0,1.0,1.0,0.0,0.0
0.16738564589070953,-0.35345480397752055,1.5494365567345065,0.0,1.0,0.0,0.0,0.0,0.0,1.0,1.0,0.0,0.0
0.8931298615111994,-0.2240806320045076,0.22453062361118495,0.0,1.0,0.0,1.0,0.0,0.0,0.0,0.0,1.0,0.0
-0.9212306775400253,1.7013114567703458,1.66792407920895,1.0,0.0,1.0,0.0,0.0,0.0,0.0,0.0,1.0,0.0
-1.1389539422261723,0.772861516728716,-0.5833388478054747,0.0,1.0,0.0,0.0,0.0,0.0,1.0,1.0,0.0,0.0
1.0382787046352975,-1.6319760328873048,-1.0465173447510268,0.0,1.0,0.0,1.0,0.0,0.0,0.0,0.0,0.0,1.0
0.8931298615111994,-1.6015350512465953,-1.0465173447510268,0.0,1.0,1.0,0.0,0.0,0.0,0.0,0.0,1.0,0.0
1.6914484986937381,0.057498448172051,-0.38406437818936595,0.0,1.0,0.0,0.0,1.0,0.0,0.0,0.0,1.0,0.0
-0.48578414816773136,-0.7111363382558541,-1.509695841696578,0.0,1.0,1.0,0.0,0.0,0.0,0.0,0.0,1.0,0.0
-0.19548646191953542,-1.4112789159921633,-0.40022176761769895,0.0,1.0,0.0,1.0,0.0,0.0,0.0,0.0,1.0,0.0
1.2560019693214444,-1.3808379343514536,-0.4540797323788096,1.0,0.0,0.0,0.0,0.0,1.0,0.0,0.0,1.0,0.0
-0.05033761879543743,-0.38389578561823007,0.04141354342340845,1.0,0.0,0.0,0.0,1.0,0.0,0.0,0.0,1.0,0.0
0.5302577537009545,0.34668777375878856,-1.6227975676949102,1.0,0.0,0.0,0.0,1.0,0.0,0.0,0.0,1.0,0.0
1.4737252340075913,-1.692857996168724,1.285532529405064,0.0,1.0,0.0,0.0,1.0,0.0,0.0,0.0,0.0,1.0
-0.3406353050436334,1.5947680210278634,-0.023216014289924473,1.0,0.0,0.0,0.0,0.0,1.0,0.0,0.0,1.0,0.0
1.4737252340075913,1.15337378723758,1.6248377074000617,1.0,0.0,1.0,0.0,0.0,0.0,0.0,0.0,0.0,1.0
0.3851089105768565,-0.9622744367917031,0.9839279267428447,1.0,0.0,0.0,1.0,0.0,0.0,0.0,1.0,0.0,0.0
-1.646974893160515,0.8717947070610215,1.651766689780617,0.0,1.0,0.0,0.0,1.0,0.0,0.0,0.0,0.0,1.0
1.6188740771316892,-0.6122031479235486,-0.3786785817132544,0.0,1.0,1.0,0.0,0.0,0.0,0.0,1.0,0.0,0.0
0.3851089105768565,-0.07187572380096194,0.8115824395072905,0.0,1.0,0.0,0.0,1.0,0.0,0.0,0.0,0.0,1.0
1.0382787046352975,0.23253409260612937,0.531521022749515,0.0,1.0,1.0,0.0,0.0,0.0,0.0,0.0,1.0,0.0
0.23996006745275852,-0.3458445585673437,1.0377858915039553,1.0,0.0,0.0,0.0,1.0,0.0,0.0,0.0,1.0,0.0
-1.574400471598466,1.0696610877256305,-0.9872735835138049,1.0,0.0,0.0,0.0,0.0,0.0,1.0,0.0,0.0,1.0
0.3125344890148075,-0.30779333151645727,1.3393904941661747,0.0,1.0,0.0,0.0,1.0,0.0,0.0,0.0,1.0,0.0
1.4011508124455423,0.37712875539949814,1.2316745646439533,1.0,0.0,1.0,0.0,0.0,0.0,0.0,0.0,1.0,0.0
0.6028321752630035,1.4653938490548482,0.24068801303951798,0.0,1.0,1.0,0.0,0.0,0.0,0.0,1.0,0.0,0.0
-1.5018260500364171,-1.228633026147908,-0.09861716495547891,1.0,0.0,0.0,0.0,1.0,0.0,0.0,1.0,0.0,0.0
-0.9938050991020743,-0.8329002648186902,-0.26019105923881086,1.0,0.0,0.0,0.0,0.0,1.0,0.0,0.0,0.0,1.0
-1.4292516284743682,0.1868726201450661,0.8546688113161789,1.0,0.0,0.0,1.0,0.0,0.0,0.0,0.0,0.0,1.0
-0.48578414816773136,-0.09470646003149465,-0.3894501746654767,1.0,0.0,0.0,1.0,0.0,0.0,0.0,0.0,0.0,1.0
-0.8486562559779763,0.8870151978813752,0.7361812888417361,0.0,1.0,0.0,0.0,0.0,1.0,0.0,1.0,0.0,0.0
-1.1389539422261723,-0.8481207556390439,0.7146381029372915,0.0,1.0,0.0,0.0,0.0,0.0,1.0,0.0,0.0,1.0
0.4576833321389055,-0.20886014118415389,-0.48639451123547567,1.0,0.0,0.0,0.0,1.0,0.0,0.0,1.0,0.0,0.0
0.16738564589070953,0.1488213930941797,-1.2242486284626917,0.0,1.0,0.0,1.0,0.0,0.0,0.0,0.0,1.0,0.0
-0.9212306775400253,1.0392201060849209,-0.8095422998021395,1.0,0.0,0.0,0.0,0.0,0.0,1.0,0.0,0.0,1.0
1.4737252340075913,1.4501733582344944,1.5494365567345065,0.0,1.0,1.0,0.0,0.0,0.0,0.0,1.0,0.0,0.0
-0.8486562559779763,0.3086365467079022,1.5548223532106171,1.0,0.0,0.0,0.0,1.0,0.0,0.0,0.0,0.0,1.0
1.6914484986937381,-1.5710940696058857,-0.8149280962782507,1.0,0.0,0.0,0.0,1.0,0.0,0.0,0.0,0.0,1.0
-1.1389539422261723,-0.4752187305403588,1.1616592104545096,0.0,1.0,0.0,0.0,0.0,0.0,1.0,1.0,0.0,0.0
1.1834275477593954,0.5217234181928669,-0.19017570504936715,0.0,1.0,0.0,1.0,0.0,0.0,0.0,0.0,1.0,0.0
-0.48578414816773136,-1.2438535169682639,0.04679933989951921,1.0,0.0,0.0,0.0,0.0,1.0,0.0,0.0,0.0,1.0
-0.05033761879543743,0.5217234181928669,-1.6874271254082434,1.0,0.0,0.0,1.0,0.0,0.0,0.0,0.0,0.0,1.0
0.16738564589070953,1.290358204620772,-0.4756229182832534,0.0,1.0,0.0,1.0,0.0,0.0,0.0,1.0,0.0,0.0
0.5302577537009545,1.1305430510070495,0.12220049056507441,0.0,1.0,0.0,0.0,0.0,1.0,0.0,1.0,0.0,0.0
0.6028321752630035,-1.1829715536868448,-0.5725672548532532,0.0,1.0,0.0,1.0,0.0,0.0,0.0,0.0,0.0,1.0
-0.19548646191953542,-0.8709514918695765,0.052185136375630735,1.0,0.0,0.0,0.0,0.0,1.0,0.0,0.0,0.0,1.0
-0.48578414816773136,-0.04143474216025238,1.0862580597889553,0.0,1.0,0.0,1.0,0.0,0.0,0.0,0.0,0.0,1.0
1.0382787046352975,1.1914250142884666,0.7577244747461799,1.0,0.0,0.0,0.0,0.0,0.0,1.0,1.0,0.0,0.0
1.5462996555696402,0.5902156268844607,0.5692215980822926,0.0,1.0,0.0,0.0,1.0,0.0,0.0,0.0,1.0,0.0
0.9657042830732484,-0.36867529479787636,-0.5456382724726979,1.0,0.0,1.0,0.0,0.0,0.0,0.0,0.0,1.0,0.0
1.4737252340075913,0.2781955650671926,1.2047455822633981,0.0,1.0,0.0,0.0,1.0,0.0,0.0,0.0,0.0,1.0
1.1834275477593954,-0.5361006938217757,0.9246841655056233,1.0,0.0,0.0,0.0,0.0,1.0,0.0,0.0,0.0,1.0
1.0382787046352975,-0.840510510228867,-0.2817342451432554,1.0,0.0,0.0,1.0,0.0,0.0,0.0,0.0,0.0,1.0
-1.1389539422261723,0.7804717621388928,-0.5187092900921425,1.0,0.0,1.0,0.0,0.0,0.0,0.0,0.0,0.0,1.0
-0.12291204035748642,-0.4980494667708893,-0.8634002645632501,1.0,0.0,0.0,0.0,1.0,0.0,0.0,0.0,1.0,0.0
-1.3566772069123192,-0.9622744367917031,-0.26557685571492234,1.0,0.0,0.0,0.0,0.0,1.0,0.0,1.0,0.0,0.0
0.8931298615111994,1.6860909659499899,0.5853789875106257,0.0,1.0,0.0,0.0,0.0,1.0,0.0,0.0,1.0,0.0
1.3285763908834933,0.37712875539949814,0.9300699619817341,1.0,0.0,0.0,0.0,1.0,0.0,0.0,1.0,0.0,0.0
-0.9938050991020743,0.019447221121164586,1.4363348307361743,0.0,1.0,1.0,0.0,0.0,0.0,0.0,0.0,1.0,0.0
0.7479810183871014,0.2781955650671926,-1.008816769418249,1.0,0.0,0.0,1.0,0.0,0.0,0.0,0.0,1.0,0.0
-0.7035074128538783,0.5293336636030438,-0.8472428751349171,0.0,1.0,1.0,0.0,0.0,0.0,0.0,0.0,1.0,0.0
-1.0663795206641233,0.5065029273725111,-1.746670886645465,1.0,0.0,0.0,0.0,0.0,0.0,1.0,0.0,0.0,1.0
-0.3406353050436334,0.5673848906539302,-0.5671814583771416,1.0,0.0,1.0,0.0,0.0,0.0,0.0,0.0,1.0,0.0
-0.5583585697297804,-0.6122031479235486,-1.0195883623704713,0.0,1.0,0.0,1.0,0.0,0.0,0.0,0.0,0.0,1.0
0.9657042830732484,1.2675274683902393,0.9192983690295118,0.0,1.0,0.0,1.0,0.0,0.0,0.0,0.0,0.0,1.0
0.3851089105768565,0.07271893899240686,0.24068801303951798,1.0,0.0,0.0,0.0,1.0,0.0,0.0,1.0,0.0,0.0
0.022236802766611552,-1.3960584251718096,1.7110104510178383,1.0,0.0,0.0,1.0,0.0,0.0,0.0,0.0,0.0,1.0
1.1108531261973464,0.8489639708304888,1.0377858915039553,1.0,0.0,0.0,0.0,1.0,0.0,0.0,0.0,0.0,1.0
0.4576833321389055,0.3314672829384349,1.2424461575961756,0.0,1.0,0.0,0.0,1.0,0.0,0.0,0.0,0.0,1.0
-0.9212306775400253,0.13360090227382382,-0.31404902399992146,0.0,1.0,1.0,0.0,0.0,0.0,0.0,1.0,0.0,0.0
-0.3406353050436334,-1.3580071981209232,0.24068801303951798,0.0,1.0,0.0,0.0,1.0,0.0,0.0,0.0,1.0,0.0
1.1834275477593954,-0.8100695285881575,-1.3965941156982458,0.0,1.0,0.0,0.0,1.0,0.0,0.0,1.0,0.0,0.0
-1.2115283637882213,1.0772713331358073,0.2514596059917403,0.0,1.0,0.0,0.0,1.0,0.0,0.0,0.0,1.0,0.0
1.4737252340075913,-1.3351764618903903,-0.37329278523714365,0.0,1.0,0.0,0.0,0.0,1.0,0.0,1.0,0.0,0.0
1.0382787046352975,1.5110553215159137,0.14374367646951897,0.0,1.0,0.0,0.0,1.0,0.0,0.0,0.0,1.0,0.0
-1.1389539422261723,-0.033824496750075525,1.0216285020756224,1.0,0.0,0.0,0.0,0.0,0.0,1.0,1.0,0.0,0.0
1.4737252340075913,-1.0916486087647181,-0.7395269456126958,1.0,0.0,0.0,0.0,1.0,0.0,0.0,0.0,1.0,0.0
1.3285763908834933,0.13360090227382382,1.6894672651133937,0.0,1.0,0.0,1.0,0.0,0.0,0.0,0.0,0.0,1.0
-1.7195493147225642,0.6587078355760567,-0.4540797323788096,1.0,0.0,0.0,0.0,0.0,1.0,0.0,0.0,0.0,1.0
0.23996006745275852,1.2827479592105953,-1.6443407535993546,1.0,0.0,0.0,1.0,0.0,0.0,0.0,1.0,0.0,0.0
0.022236802766611552,-1.616755542066951,0.5799931910345149,1.0,0.0,0.0,0.0,1.0,0.0,0.0,0.0,0.0,1.0
1.1834275477593954,1.5262758123362674,-1.348121947413246,0.0,1.0,0.0,0.0,0.0,0.0,1.0,0.0,0.0,1.0
-0.2680608834815844,-1.5710940696058857,-0.7072121667560298,1.0,0.0,0.0,0.0,0.0,0.0,1.0,1.0,0.0,0.0
0.022236802766611552,-0.2849625952859267,0.5638358016061819,0.0,1.0,1.0,0.0,0.0,0.0,0.0,1.0,0.0,0.0
0.7479810183871014,0.1640418839145334,-0.9549588046571384,0.0,1.0,0.0,0.0,1.0,0.0,0.0,0.0,1.0,0.0
1.5462996555696402,-0.33823431315716684,0.9031409796011788,0.0,1.0,0.0,1.0,0.0,0.0,0.0,0.0,0.0,1.0
-0.05033761879543743,-0.15558842331291162,-0.5994962372338085,1.0,0.0,1.0,0.0,0.0,0.0,0.0,0.0,1.0,0.0
0.8205554399491504,-1.4493301430430496,1.3393904941661747,0.0,1.0,0.0,1.0,0.0,0.0,0.0,0.0,0.0,1.0
-0.05033761879543743,-0.6122031479235486,-1.6874271254082434,1.0,0.0,0.0,1.0,0.0,0.0,0.0,1.0,0.0,0.0
1.0382787046352975,-0.04143474216025238,1.7271678404461714,1.0,0.0,1.0,0.0,0.0,0.0,0.0,0.0,1.0,0.0
-0.48578414816773136,-1.3275662164802136,0.14374367646951897,1.0,0.0,0.0,0.0,1.0,0.0,0.0,0.0,0.0,1.0
0.7479810183871014,-0.13275768708238106,-0.29789163457158846,1.0,0.0,0.0,1.0,0.0,0.0,0.0,1.0,0.0,0.0
1.2560019693214444,-0.5284904484115989,-1.6389549571232438,1.0,0.0,0.0,0.0,1.0,0.0,0.0,0.0,1.0,0.0
-1.7195493147225642,0.9859483882136807,1.5009643884495065,1.0,0.0,0.0,0.0,0.0,0.0,1.0,0.0,1.0,0.0
1.1108531261973464,0.6282668539353472,-0.7018263702799182,0.0,1.0,0.0,0.0,0.0,0.0,1.0,0.0,0.0,1.0
-1.7195493147225642,-0.4067265218487628,-0.825699689230473,0.0,1.0,0.0,0.0,0.0,0.0,1.0,0.0,1.0,0.0
-1.1389539422261723,-0.5589314300523085,-1.1650048672254698,0.0,1.0,1.0,0.0,0.0,0.0,0.0,1.0,0.0,0.0
1.1108531261973464,1.1381532964172263,0.7092523064611808,1.0,0.0,0.0,0.0,0.0,0.0,1.0,0.0,1.0,0.0
-0.8486562559779763,1.351240167902189,0.9246841655056233,1.0,0.0,0.0,0.0,0.0,0.0,1.0,0.0,0.0,1.0
-1.574400471598466,0.43040047327073827,1.5763655391150617,1.0,0.0,1.0,0.0,0.0,0.0,0.0,0.0,1.0,0.0
-1.2841027853502702,0.39234924621985184,1.2424461575961756,1.0,0.0,0.0,1.0,0.0,0.0,0.0,0.0,0.0,1.0
-1.2841027853502702,1.031609860674744,-0.8903292469438056,0.0,1.0,0.0,1.0,0.0,0.0,0.0,0.0,0.0,1.0
-0.19548646191953542,1.0772713331358073,-1.2404060178910248,1.0,0.0,0.0,0.0,0.0,1.0,0.0,0.0,0.0,1.0
-1.1389539422261723,0.643487344755703,0.7846534571267352,0.0,1.0,0.0,0.0,1.0,0.0,0.0,0.0,0.0,1.0
-1.7195493147225642,0.08032918440258371,-1.2781065932238023,1.0,0.0,0.0,0.0,0.0,1.0,0.0,0.0,1.0,0.0
-0.05033761879543743,0.3086365467079022,-1.1003753095121374,0.0,1.0,0.0,0.0,1.0,0.0,0.0,1.0,0.0,0.0
0.3125344890148075,-0.0033835151093659648,0.1545152694217405,1.0,0.0,0.0,0.0,1.0,0.0,0.0,0.0,1.0,0.0
-1.2841027853502702,-0.033824496750075525,-0.07707397905103512,1.0,0.0,0.0,0.0,1.0,0.0,0.0,1.0,0.0,0.0
-0.6309329912918293,0.3542980191689654,-1.509695841696578,1.0,0.0,0.0,1.0,0.0,0.0,0.0,0.0,0.0,1.0
-0.4132097266056824,0.12599065686364697,-0.08784557200325739,0.0,1.0,0.0,1.0,0.0,0.0,0.0,0.0,1.0,0.0
-0.6309329912918293,-1.0916486087647181,-1.5850969923621332,1.0,0.0,0.0,0.0,0.0,0.0,1.0,0.0,1.0,0.0
-0.19548646191953542,-1.502601860914292,-1.094989513036026,1.0,0.0,0.0,0.0,0.0,0.0,1.0,0.0,0.0,1.0
1.1108531261973464,-0.2849625952859267,-1.6174117712187992,1.0,0.0,1.0,0.0,0.0,0.0,0.0,1.0,0.0,0.0
-0.48578414816773136,-1.6624170145280144,-0.9388014152288054,0.0,1.0,0.0,0.0,0.0,1.0,0.0,0.0,0.0,1.0
-0.8486562559779763,1.5338860577464442,1.4740354060689513,0.0,1.0,0.0,1.0,0.0,0.0,0.0,1.0,0.0,0.0
-1.1389539422261723,-0.10992695085184835,1.41479164483173,1.0,0.0,0.0,0.0,1.0,0.0,0.0,0.0,0.0,1.0
1.4737252340075913,-1.0764281179443624,0.7307954923656246,0.0,1.0,0.0,0.0,0.0,0.0,1.0,1.0,0.0,0.0
0.9657042830732484,0.453231209501271,1.6032945214956171,0.0,1.0,0.0,0.0,0.0,1.0,0.0,1.0,0.0,0.0
-1.0663795206641233,-0.4067265218487628,0.05757093285174149,0.0,1.0,0.0,0.0,1.0,0.0,0.0,1.0,0.0,0.0
-0.05033761879543743,-0.9851051730222358,-1.0519031412271374,0.0,1.0,0.0,0.0,0.0,1.0,0.0,0.0,0.0,1.0
-0.4132097266056824,1.5795475302075075,-0.3086632275238107,0.0,1.0,1.0,0.0,0.0,0.0,0.0,1.0,0.0,0.0
0.7479810183871014,-1.373227688941277,1.4740354060689513,0.0,1.0,0.0,1.0,0.0,0.0,0.0,1.0,0.0,0.0
-0.19548646191953542,0.34668777375878856,1.3986342554033968,1.0,0.0,0.0,0.0,0.0,0.0,1.0,0.0,0.0,1.0
0.09481122432866054,1.3816811495428987,-0.6371968125665853,1.0,0.0,0.0,0.0,0.0,1.0,0.0,0.0,0.0,1.0
-0.19548646191953542,-0.6578646203846118,-1.1273042918926925,0.0,1.0,0.0,0.0,0.0,1.0,0.0,0.0,1.0,0.0
0.8931298615111994,1.3131889408513027,1.5763655391150617,0.0,1.0,0.0,1.0,0.0,0.0,0.0,0.0,0.0,1.0
0.7479810183871014,0.46084145491144785,0.6176937663672925,1.0,0.0,0.0,0.0,0.0,0.0,1.0,0.0,0.0,1.0
-0.12291204035748642,1.5414963031566211,-1.068060530655471,0.0,1.0,1.0,0.0,0.0,0.0,0.0,0.0,0.0,1.0
0.6028321752630035,-1.1601408174563141,-0.49716610418769797,0.0,1.0,0.0,1.0,0.0,0.0,0.0,0.0,0.0,1.0
1.0382787046352975,-0.3001830861062804,-0.1847899085732564,1.0,0.0,0.0,0.0,0.0,0.0,1.0,1.0,0.0,0.0
-0.05033761879543743,-0.36867529479787636,0.0037129680906308484,0.0,1.0,0.0,0.0,0.0,0.0,1.0,0.0,0.0,1.0
0.5302577537009545,1.2446967321597089,0.7792676606506244,1.0,0.0,0.0,0.0,0.0,1.0,0.0,0.0,1.0,0.0
0.23996006745275852,-0.3458445585673437,-1.4558378769354672,0.0,1.0,0.0,0.0,1.0,0.0,0.0,1.0,0.0,0.0
0.23996006745275852,0.22492384719595251,-0.26557685571492234,0.0,1.0,0.0,0.0,0.0,0.0,1.0,1.0,0.0,0.0
0.16738564589070953,-1.3884481797616326,-0.13631774028825652,0.0,1.0,0.0,0.0,0.0,1.0,0.0,0.0,1.0,0.0
-0.8486562559779763,-1.6624170145280144,-0.26557685571492234,1.0,0.0,0.0,0.0,1.0,0.0,0.0,1.0,0.0,0.0
-0.7760818344159273,0.7576410259083622,0.3107033672289617,0.0,1.0,0.0,0.0,0.0,0.0,1.0,0.0,0.0,1.0
-1.2115283637882213,-0.8252900194085133,0.897755183125068,1.0,0.0,0.0,0.0,0.0,1.0,0.0,0.0,0.0,1.0
-0.2680608834815844,-1.0003256638425895,1.2262887681678425,0.0,1.0,0.0,1.0,0.0,0.0,0.0,0.0,0.0,1.0
-0.3406353050436334,1.5871577756176865,-0.01783021781381295,0.0,1.0,0.0,1.0,0.0,0.0,0.0,1.0,0.0,0.0
0.16738564589070953,0.0955496752229374,1.043171687980066,0.0,1.0,0.0,0.0,1.0,0.0,0.0,0.0,0.0,1.0
0.3125344890148075,1.290358204620772,0.5907647839867372,0.0,1.0,0.0,0.0,0.0,1.0,0.0,1.0,0.0,0.0
1.2560019693214444,0.24775458342648304,-0.5671814583771416,0.0,1.0,0.0,0.0,0.0,1.0,0.0,1.0,0.0,0.0
0.3851089105768565,-1.1449203266359582,1.4201774413078405,1.0,0.0,0.0,0.0,0.0,0.0,1.0,0.0,1.0,0.0
-0.19548646191953542,0.9022356887017311,-0.007058624861591433,0.0,1.0,0.0,1.0,0.0,0.0,0.0,1.0,0.0,0.0
-0.9938050991020743,-1.6548067691178376,0.5799931910345149,1.0,0.0,0.0,0.0,0.0,0.0,1.0,1.0,0.0,0.0
-1.0663795206641233,-0.4904392213607125,0.04679933989951921,0.0,1.0,1.0,0.0,0.0,0.0,0.0,0.0,0.0,1.0
1.4011508124455423,0.5217234181928669,1.1616592104545096,1.0,0.0,0.0,0.0,0.0,1.0,0.0,1.0,0.0,0.0
-0.12291204035748642,-0.16319866872308847,-1.235020221414914,1.0,0.0,0.0,1.0,0.0,0.0,0.0,0.0,0.0,1.0
1.1108531261973464,-1.0383768908934758,-1.7574424795976868,0.0,1.0,0.0,1.0,0.0,0.0,0.0,0.0,1.0,0.0
-1.574400471598466,-1.5330428425549993,0.978542130266734,1.0,0.0,0.0,1.0,0.0,0.0,0.0,1.0,0.0,0.0
-1.5018260500364171,-1.1068690995850718,-0.7718417244693623,0.0,1.0,1.0,0.0,0.0,0.0,0.0,0.0,0.0,1.0
-1.5018260500364171,0.643487344755703,-1.7520566831215758,0.0,1.0,0.0,1.0,0.0,0.0,0.0,0.0,0.0,1.0
-1.1389539422261723,1.5186655669260904,1.2639893435006202,0.0,1.0,0.0,1.0,0.0,0.0,0.0,0.0,1.0,0.0
-1.2115283637882213,1.0848815785459842,-1.148847477797137,1.0,0.0,1.0,0.0,0.0,0.0,0.0,1.0,0.0,0.0
1.5462996555696402,-0.4904392213607125,0.6500085452239586,0.0,1.0,0.0,0.0,0.0,0.0,1.0,1.0,0.0,0.0
-0.9212306775400253,1.3892913949530754,-1.6335691606471325,0.0,1.0,1.0,0.0,0.0,0.0,0.0,0.0,1.0,0.0
-1.3566772069123192,1.3207991862614816,1.4632638131167297,0.0,1.0,1.0,0.0,0.0,0.0,0.0,0.0,0.0,1.0
-0.48578414816773136,-1.5939248058364184,-0.42176495352214277,1.0,0.0,0.0,0.0,0.0,0.0,1.0,0.0,0.0,1.0
1.2560019693214444,-0.36867529479787636,-0.6695115914232522,1.0,0.0,0.0,0.0,1.0,0.0,0.0,0.0,1.0,0.0
1.6914484986937381,1.6404294934889265,-0.1955615015254787,0.0,1.0,0.0,1.0,0.0,0.0,0.0,0.0,1.0,0.0
-1.2115283637882213,1.1914250142884666,0.15990106589785202,1.0,0.0,0.0,1.0,0.0,0.0,0.0,0.0,1.0,0.0
-0.12291204035748642,1.3816811495428987,0.5099778368450711,0.0,1.0,0.0,0.0,0.0,0.0,1.0,0.0,1.0,0.0
-0.9212306775400253,1.4045118857734313,-1.3319645579849129,1.0,0.0,0.0,0.0,0.0,1.0,0.0,0.0,1.0,0.0
-1.0663795206641233,-1.3656174435311,-1.6174117712187992,0.0,1.0,0.0,1.0,0.0,0.0,0.0,0.0,0.0,1.0
1.6188740771316892,-0.8100695285881575,-0.7664559279932512,1.0,0.0,0.0,0.0,0.0,0.0,1.0,0.0,0.0,1.0
-1.0663795206641233,0.9859483882136807,-0.9980451764660268,1.0,0.0,0.0,0.0,0.0,0.0,1.0,0.0,0.0,1.0
-0.05033761879543743,1.0620508423154535,0.9731563337906224,1.0,0.0,0.0,0.0,0.0,0.0,1.0,0.0,0.0,1.0
0.5302577537009545,-0.23169087741468444,1.1347302280739544,0.0,1.0,0.0,0.0,0.0,1.0,0.0,0.0,1.0,0.0
-1.2115283637882213,-0.43716750348947236,-0.5510240689488086,1.0,0.0,1.0,0.0,0.0,0.0,0.0,0.0,0.0,1.0
-1.1389539422261723,-0.7415773198965636,-0.594110440757697,0.0,1.0,0.0,0.0,0.0,0.0,1.0,0.0,0.0,1.0
0.6028321752630035,0.19448286555524294,0.978542130266734,1.0,0.0,0.0,1.0,0.0,0.0,0.0,0.0,0.0,1.0
0.4576833321389055,-0.9622744367917031,0.6446227487478478,1.0,0.0,1.0,0.0,0.0,0.0,0.0,0.0,1.0,0.0
1.5462996555696402,0.7424205350880064,-0.42176495352214277,1.0,0.0,1.0,0.0,0.0,0.0,0.0,0.0,0.0,1.0
-0.5583585697297804,1.1077123147765169,-0.61026783018603,1.0,0.0,1.0,0.0,0.0,0.0,0.0,0.0,0.0,1.0
-0.9938050991020743,0.0042267303008108855,-1.509695841696578,1.0,0.0,0.0,1.0,0.0,0.0,0.0,0.0,1.0,0.0
1.4737252340075913,1.5186655669260904,-0.416379157046032,0.0,1.0,0.0,0.0,1.0,0.0,0.0,1.0,0.0,0.0
-0.12291204035748642,-0.1175371962620252,0.9462273514100671,0.0,1.0,0.0,0.0,0.0,0.0,1.0,0.0,0.0,1.0
-0.9212306775400253,-1.0916486087647181,1.0916438562650659,1.0,0.0,0.0,0.0,0.0,1.0,0.0,0.0,1.0,0.0
-0.12291204035748642,-0.33823431315716684,1.36631947654673,1.0,0.0,0.0,0.0,0.0,1.0,0.0,1.0,0.0,0.0
-1.7195493147225642,1.229476241339353,0.6930949170328469,0.0,1.0,1.0,0.0,0.0,0.0,0.0,0.0,1.0,0.0
-0.6309329912918293,1.3131889408513027,1.4040200518795076,0.0,1.0,1.0,0.0,0.0,0.0,0.0,0.0,0.0,1.0
1.5462996555696402,1.351240167902189,-0.01783021781381295,0.0,1.0,0.0,1.0,0.0,0.0,0.0,0.0,0.0,1.0
-0.9212306775400253,-1.5406530879651783,0.3645613319900723,1.0,0.0,0.0,0.0,0.0,0.0,1.0,0.0,1.0,0.0
1.5462996555696402,-0.1403679324925579,-0.5348666795204756,1.0,0.0,0.0,0.0,0.0,0.0,1.0,0.0,1.0,0.0
1.4737252340075913,0.44562096409109414,-0.29789163457158846,0.0,1.0,0.0,0.0,0.0,1.0,0.0,0.0,1.0,0.0
-1.646974893160515,0.2020931109654198,-0.16324672266881185,1.0,0.0,0.0,0.0,1.0,0.0,0.0,0.0,1.0,0.0
-0.9212306775400253,-1.6319760328873048,-1.094989513036026,0.0,1.0,0.0,0.0,0.0,0.0,1.0,1.0,0.0,0.0
-1.3566772069123192,1.160984032647757,-0.19017570504936715,1.0,0.0,0.0,0.0,1.0,0.0,0.0,1.0,0.0,0.0
1.0382787046352975,-0.5817621662828389,-0.8580144680871394,0.0,1.0,0.0,0.0,0.0,1.0,0.0,0.0,0.0,1.0
-0.2680608834815844,-1.0916486087647181,-0.7395269456126958,1.0,0.0,0.0,0.0,0.0,1.0,0.0,0.0,0.0,1.0
-0.05033761879543743,-0.9318334551509957,1.2424461575961756,0.0,1.0,1.0,0.0,0.0,0.0,0.0,0.0,0.0,1.0
-0.3406353050436334,-1.5634838241957087,-1.5420106205532444,1.0,0.0,0.0,0.0,0.0,1.0,0.0,0.0,1.0,0.0
-1.574400471598466,-0.42955725807929335,-1.008816769418249,0.0,1.0,0.0,0.0,0.0,1.0,0.0,0.0,0.0,1.0
0.7479810183871014,1.2827479592105953,1.0216285020756224,1.0,0.0,0.0,0.0,0.0,1.0,0.0,1.0,0.0,0.0
-1.4292516284743682,-0.45238799430982607,0.8708262007445127,0.0,1.0,1.0,0.0,0.0,0.0,0.0,1.0,0.0,0.0
0.6754065968250524,-1.609145296656772,0.5692215980822926,0.0,1.0,0.0,0.0,0.0,0.0,1.0,1.0,0.0,0.0
0.09481122432866054,0.1640418839145334,-1.4127515051265789,0.0,1.0,1.0,0.0,0.0,0.0,0.0,1.0,0.0,0.0
0.3125344890148075,-1.1220895904054278,1.6302235038761723,0.0,1.0,0.0,0.0,0.0,1.0,0.0,0.0,0.0,1.0
0.9657042830732484,1.4425631128243177,1.4201774413078405,0.0,1.0,0.0,1.0,0.0,0.0,0.0,0.0,1.0,0.0
0.7479810183871014,-1.4797711246837593,-1.682041328932132,0.0,1.0,0.0,0.0,1.0,0.0,0.0,1.0,0.0,0.0
-1.574400471598466,0.9555074065729712,0.7846534571267352,1.0,0.0,1.0,0.0,0.0,0.0,0.0,0.0,1.0,0.0
-1.574400471598466,-0.33062406774699,-0.3571353958088106,1.0,0.0,0.0,0.0,0.0,0.0,1.0,0.0,0.0,1.0
-0.05033761879543743,-1.304735480249681,-0.5671814583771416,0.0,1.0,0.0,0.0,1.0,0.0,0.0,0.0,0.0,1.0
1.3285763908834933,-0.8557310010492228,-1.7574424795976868,0.0,1.0,0.0,1.0,0.0,0.0,0.0,0.0,0.0,1.0
0.3125344890148075,0.5293336636030438,-0.5671814583771416,0.0,1.0,1.0,0.0,0.0,0.0,0.0,0.0,0.0,1.0
-1.1389539422261723,1.290358204620772,1.6302235038761723,1.0,0.0,0.0,0.0,1.0,0.0,0.0,0.0,1.0,0.0
-1.574400471598466,1.1914250142884666,0.3968761108467384,1.0,0.0,0.0,0.0,0.0,0.0,1.0,1.0,0.0,0.0
1.2560019693214444,0.3086365467079022,-0.5833388478054747,1.0,0.0,1.0,0.0,0.0,0.0,0.0,0.0,0.0,1.0
1.1108531261973464,-0.772018301537271,-1.6227975676949102,1.0,0.0,0.0,0.0,1.0,0.0,0.0,1.0,0.0,0.0
0.6028321752630035,-0.1403679324925579,0.6715517311284032,0.0,1.0,0.0,0.0,1.0,0.0,0.0,0.0,0.0,1.0
1.2560019693214444,-1.502601860914292,-1.2619492037954692,0.0,1.0,1.0,0.0,0.0,0.0,0.0,0.0,1.0,0.0
-1.646974893160515,-1.4493301430430496,-1.3965941156982458,1.0,0.0,1.0,0.0,0.0,0.0,0.0,1.0,0.0,0.0
0.022236802766611552,0.5597746452437533,0.32147496018118393,1.0,0.0,0.0,0.0,1.0,0.0,0.0,0.0,0.0,1.0
-0.05033761879543743,-1.030766645483299,0.0037129680906308484,0.0,1.0,0.0,0.0,1.0,0.0,0.0,0.0,0.0,1.0
-0.8486562559779763,0.3238570375282559,1.3124615117856193,1.0,0.0,1.0,0.0,0.0,0.0,0.0,0.0,0.0,1.0
-0.8486562559779763,-0.5361006938217757,-1.1219184954165815,1.0,0.0,0.0,0.0,1.0,0.0,0.0,1.0,0.0,0.0
1.6914484986937381,0.5369439090132206,1.3070757153095085,1.0,0.0,0.0,1.0,0.0,0.0,0.0,0.0,0.0,1.0
-1.0663795206641233,1.6860909659499899,-1.1326900883688034,0.0,1.0,0.0,0.0,1.0,0.0,0.0,0.0,0.0,1.0
1.1834275477593954,-0.20124989577397487,-0.38406437818936595,1.0,0.0,1.0,0.0,0.0,0.0,0.0,1.0,0.0,0.0
-0.05033761879543743,-0.30779333151645727,-1.6389549571232438,1.0,0.0,0.0,0.0,1.0,0.0,0.0,1.0,0.0,0.0
-1.7195493147225642,0.1640418839145334,-1.4773810628399118,0.0,1.0,0.0,0.0,1.0,0.0,0.0,0.0,1.0,0.0
1.6188740771316892,1.7165319475906995,-0.8364712821826948,1.0,0.0,0.0,0.0,0.0,1.0,0.0,0.0,0.0,1.0
-1.2841027853502702,-1.487381370093936,-0.12016035085992348,0.0,1.0,1.0,0.0,0.0,0.0,0.0,0.0,1.0,0.0
0.022236802766611552,-0.7948490377678038,1.409405848355619,0.0,1.0,0.0,0.0,1.0,0.0,0.0,1.0,0.0,0.0
1.0382787046352975,0.3542980191689654,1.6786956721611723,1.0,0.0,0.0,0.0,1.0,0.0,0.0,1.0,0.0,0.0
1.5462996555696402,0.11077016604329327,-1.515081638172689,0.0,1.0,0.0,0.0,1.0,0.0,0.0,1.0,0.0,0.0
1.6914484986937381,-0.18602940495362116,0.9623847408384001,1.0,0.0,0.0,0.0,1.0,0.0,0.0,0.0,1.0,0.0
-0.9938050991020743,-0.04904498757042922,1.6948530615895054,1.0,0.0,0.0,1.0,0.0,0.0,0.0,0.0,0.0,1.0
-1.3566772069123192,-1.3199559710700366,0.7684960676984022,1.0,0.0,0.0,0.0,1.0,0.0,0.0,0.0,1.0,0.0
0.5302577537009545,-0.6578646203846118,-1.0249741588465822,1.0,0.0,0.0,0.0,0.0,1.0,0.0,1.0,0.0,0.0
0.09481122432866054,-0.977494927612059,1.3717052730228414,0.0,1.0,1.0,0.0,0.0,0.0,0.0,1.0,0.0,0.0
-0.05033761879543743,0.9174561795220848,-0.6802831843754744,1.0,0.0,0.0,1.0,0.0,0.0,0.0,0.0,1.0,0.0
0.8931298615111994,-0.4447777488996492,1.3555478835945085,0.0,1.0,1.0,0.0,0.0,0.0,0.0,0.0,1.0,0.0
-0.7035074128538783,0.0042267303008108855,0.8762119972206234,0.0,1.0,1.0,0.0,0.0,0.0,0.0,0.0,1.0,0.0
0.8931298615111994,1.2066455051088223,1.7110104510178383,0.0,1.0,1.0,0.0,0.0,0.0,0.0,1.0,0.0,0.0
0.16738564589070953,1.4653938490548482,-0.8095422998021395,0.0,1.0,0.0,0.0,1.0,0.0,0.0,0.0,1.0,0.0
-0.12291204035748642,1.4501733582344944,0.6823233240806255,0.0,1.0,0.0,0.0,0.0,1.0,0.0,1.0,0.0,0.0
-0.48578414816773136,-0.8861719826899302,-1.1811622566538034,1.0,0.0,0.0,0.0,0.0,1.0,0.0,0.0,1.0,0.0
-1.7195493147225642,0.10315992063311642,0.33224655313340623,0.0,1.0,0.0,0.0,0.0,0.0,1.0,1.0,0.0,0.0
-0.48578414816773136,-0.9851051730222358,0.15990106589785202,0.0,1.0,0.0,0.0,1.0,0.0,0.0,1.0,0.0,0.0
0.6754065968250524,1.275137713800416,1.4363348307361743,0.0,1.0,0.0,0.0,0.0,1.0,0.0,0.0,0.0,1.0
-0.9938050991020743,0.24014433801630622,0.1545152694217405,1.0,0.0,0.0,0.0,0.0,1.0,0.0,0.0,1.0,0.0
-1.2115283637882213,1.4273426220039618,1.5655939461628394,0.0,1.0,0.0,0.0,0.0,0.0,1.0,0.0,1.0,0.0
-0.19548646191953542,1.5567167939769768,-1.186548053129914,1.0,0.0,0.0,0.0,1.0,0.0,0.0,1.0,0.0,0.0
-0.4132097266056824,-0.3915060310284069,1.7110104510178383,1.0,0.0,0.0,0.0,0.0,0.0,1.0,0.0,1.0,0.0
-0.4132097266056824,-1.2514637623784408,0.7954250500789575,1.0,0.0,0.0,1.0,0.0,0.0,0.0,0.0,0.0,1.0
-0.8486562559779763,-0.3001830861062804,1.5171217778778403,1.0,0.0,0.0,0.0,1.0,0.0,0.0,1.0,0.0,0.0
-0.2680608834815844,-0.018604005929721827,0.6715517311284032,1.0,0.0,0.0,0.0,0.0,1.0,0.0,0.0,1.0,0.0
-1.3566772069123192,-1.0764281179443624,-1.4396804875071343,0.0,1.0,0.0,0.0,0.0,1.0,0.0,1.0,0.0,0.0
0.3125344890148075,-1.0764281179443624,1.4901927954972851,1.0,0.0,0.0,0.0,0.0,1.0,0.0,0.0,1.0,0.0
-0.8486562559779763,-0.13275768708238106,-0.6371968125665853,0.0,1.0,1.0,0.0,0.0,0.0,0.0,1.0,0.0,0.0
0.4576833321389055,-0.7111363382558541,0.7523386782700691,1.0,0.0,1.0,0.0,0.0,0.0,0.0,0.0,1.0,0.0
0.23996006745275852,1.2599172229800624,-1.235020221414914,1.0,0.0,1.0,0.0,0.0,0.0,0.0,1.0,0.0,0.0
-0.5583585697297804,-1.6624170145280144,1.2101313787395096,1.0,0.0,0.0,0.0,1.0,0.0,0.0,1.0,0.0,0.0
0.6754065968250524,0.772861516728716,0.8546688113161789,1.0,0.0,0.0,0.0,0.0,1.0,0.0,1.0,0.0,0.0
1.4011508124455423,0.5445541544233975,1.0000853161711778,1.0,0.0,0.0,1.0,0.0,0.0,0.0,0.0,0.0,1.0
1.6188740771316892,0.6891488172167664,1.4794212025450628,1.0,0.0,1.0,0.0,0.0,0.0,0.0,1.0,0.0,0.0
1.3285763908834933,-0.9470539459713494,0.9300699619817341,0.0,1.0,0.0,0.0,0.0,1.0,0.0,0.0,0.0,1.0
-0.6309329912918293,0.027057466531343596,0.8277398289356235,0.0,1.0,1.0,0.0,0.0,0.0,0.0,0.0,1.0,0.0
0.23996006745275852,-0.5817621662828389,-0.7072121667560298,1.0,0.0,0.0,0.0,0.0,0.0,1.0,1.0,0.0,0.0
0.3125344890148075,-0.018604005929721827,0.7792676606506244,1.0,0.0,0.0,0.0,0.0,1.0,0.0,0.0,0.0,1.0
-0.6309329912918293,1.5414963031566211,-0.8849434504676947,0.0,1.0,0.0,1.0,0.0,0.0,0.0,0.0,1.0,0.0
-0.6309329912918293,1.6556499843092802,-1.434294691031023,1.0,0.0,0.0,0.0,0.0,1.0,0.0,0.0,0.0,1.0
-0.9938050991020743,0.31624679211807905,-1.7574424795976868,1.0,0.0,0.0,1.0,0.0,0.0,0.0,1.0,0.0,0.0
1.2560019693214444,-1.5102121063244687,0.8923693866489565,1.0,0.0,0.0,0.0,0.0,1.0,0.0,0.0,0.0,1.0
-0.9938050991020743,-0.18602940495362116,-0.841857078658806,1.0,0.0,0.0,0.0,1.0,0.0,0.0,0.0,0.0,1.0
1.4737252340075913,-0.33062406774699,0.17605845532618505,1.0,0.0,0.0,0.0,0.0,1.0,0.0,0.0,1.0,0.0
-1.2115283637882213,1.6175987572583939,0.7307954923656246,1.0,0.0,0.0,1.0,0.0,0.0,0.0,0.0,1.0,0.0
-0.7035074128538783,-0.3915060310284069,1.4686496095928405,0.0,1.0,1.0,0.0,0.0,0.0,0.0,1.0,0.0,0.0
-1.1389539422261723,-0.24691136823504028,-1.595868585314355,1.0,0.0,0.0,0.0,1.0,0.0,0.0,1.0,0.0,0.0
-1.0663795206641233,1.10010206936634,-0.11477455438381272,0.0,1.0,0.0,1.0,0.0,0.0,0.0,1.0,0.0,0.0
0.7479810183871014,0.49128243655215736,-0.02860181076603523,1.0,0.0,0.0,0.0,1.0,0.0,0.0,1.0,0.0,0.0
-0.4132097266056824,-0.38389578561823007,0.34301814608562775,1.0,0.0,1.0,0.0,0.0,0.0,0.0,0.0,1.0,0.0
1.0382787046352975,-0.3762855402080532,1.123958635121732,1.0,0.0,0.0,0.0,0.0,1.0,0.0,0.0,0.0,1.0
0.3125344890148075,0.25536482883666206,0.2783885883722956,1.0,0.0,0.0,0.0,0.0,1.0,0.0,0.0,1.0,0.0
0.8205554399491504,1.6708704751296362,-0.30327743104769994,0.0,1.0,1.0,0.0,0.0,0.0,0.0,0.0,0.0,1.0
-0.12291204035748642,-0.787238792357627,1.1185728386456213,1.0,0.0,0.0,0.0,0.0,1.0,0.0,0.0,1.0,0.0
-0.7760818344159273,1.2827479592105953,0.9623847408384001,1.0,0.0,1.0,0.0,0.0,0.0,0.0,0.0,0.0,1.0
1.2560019693214444,-1.2590740077886176,-0.7287553526604735,1.0,0.0,0.0,0.0,0.0,0.0,1.0,0.0,1.0,0.0
1.1834275477593954,-0.7644080561270942,-1.1057611059882482,1.0,0.0,0.0,0.0,0.0,1.0,0.0,0.0,1.0,0.0
0.6754065968250524,1.5034450761057347,-0.30327743104769994,1.0,0.0,0.0,0.0,0.0,0.0,1.0,0.0,1.0,0.0
-1.7195493147225642,1.3892913949530754,-0.9980451764660268,0.0,1.0,1.0,0.0,0.0,0.0,0.0,0.0,0.0,1.0
-0.3406353050436334,0.894625443291552,-1.4504520804593566,0.0,1.0,0.0,0.0,0.0,0.0,1.0,0.0,1.0,0.0
-1.3566772069123192,0.19448286555524294,-0.11477455438381272,0.0,1.0,0.0,1.0,0.0,0.0,0.0,0.0,0.0,1.0
0.5302577537009545,1.5947680210278634,-0.4271507499982543,1.0,0.0,0.0,1.0,0.0,0.0,0.0,0.0,1.0,0.0
-0.6309329912918293,-0.8557310010492228,-1.0357457517988045,1.0,0.0,0.0,0.0,0.0,1.0,0.0,0.0,0.0,1.0
-0.9212306775400253,-0.787238792357627,0.22453062361118495,0.0,1.0,0.0,0.0,0.0,0.0,1.0,0.0,0.0,1.0
1.4737252340075913,-1.548263333375355,-1.2565634073193581,1.0,0.0,0.0,0.0,0.0,0.0,1.0,0.0,1.0,0.0
1.4011508124455423,-1.3199559710700366,-0.8310854857065841,0.0,1.0,0.0,1.0,0.0,0.0,0.0,1.0,0.0,0.0
1.1108531261973464,-0.5665416754624852,-0.594110440757697,1.0,0.0,0.0,1.0,0.0,0.0,0.0,1.0,0.0,0.0
1.4737252340075913,-0.18602940495362116,-0.023216014289924473,1.0,0.0,0.0,1.0,0.0,0.0,0.0,0.0,0.0,1.0
1.4737252340075913,0.34668777375878856,0.9192983690295118,1.0,0.0,0.0,0.0,0.0,1.0,0.0,0.0,1.0,0.0
1.5462996555696402,-0.3762855402080532,-0.6264252196143638,1.0,0.0,0.0,1.0,0.0,0.0,0.0,0.0,0.0,1.0
-1.2115283637882213,0.5521643998335743,0.3484039425617393,0.0,1.0,0.0,1.0,0.0,0.0,0.0,0.0,1.0,0.0
-0.48578414816773136,1.5034450761057347,0.7900392536028467,0.0,1.0,0.0,0.0,0.0,0.0,1.0,1.0,0.0,0.0
0.16738564589070953,-1.297125234839504,-1.008816769418249,1.0,0.0,1.0,0.0,0.0,0.0,0.0,0.0,0.0,1.0
-1.574400471598466,0.453231209501271,0.45611987208396054,1.0,0.0,0.0,0.0,1.0,0.0,0.0,0.0,1.0,0.0
0.3851089105768565,-0.8709514918695765,-1.251177610843247,0.0,1.0,1.0,0.0,0.0,0.0,0.0,0.0,1.0,0.0
1.5462996555696402,-1.2666842531987943,-0.5725672548532532,0.0,1.0,0.0,0.0,0.0,0.0,1.0,0.0,0.0,1.0
-0.9938050991020743,-0.05665523298060824,-0.4648513253310319,0.0,1.0,0.0,0.0,1.0,0.0,0.0,0.0,1.0,0.0
-1.2841027853502702,1.678480720539813,0.7577244747461799,1.0,0.0,0.0,0.0,1.0,0.0,0.0,0.0,1.0,0.0
-1.4292516284743682,-0.9242232097408167,0.3968761108467384,1.0,0.0,0.0,0.0,0.0,0.0,1.0,1.0,0.0,0.0
-1.646974893160515,-0.8329002648186902,-1.251177610843247,0.0,1.0,0.0,1.0,0.0,0.0,0.0,0.0,0.0,1.0
1.6914484986937381,-1.3123457256598599,1.2963041223572862,1.0,0.0,0.0,1.0,0.0,0.0,0.0,0.0,1.0,0.0
0.7479810183871014,1.0163893698543902,-1.4666094698876895,0.0,1.0,0.0,0.0,0.0,0.0,1.0,1.0,0.0,0.0
0.09481122432866054,1.6937012113601666,0.49382044741673814,1.0,0.0,0.0,0.0,0.0,0.0,1.0,0.0,1.0,0.0
1.5462996555696402,0.4227902278605614,1.3393904941661747,0.0,1.0,0.0,0.0,1.0,0.0,0.0,1.0,0.0,0.0
0.3851089105768565,-1.5787043150160647,-0.7826133174215842,1.0,0.0,0.0,0.0,0.0,0.0,1.0,0.0,0.0,1.0
-0.9212306775400253,0.011836975710987735,1.6733098756850608,1.0,0.0,0.0,0.0,1.0,0.0,0.0,1.0,0.0,0.0
1.1834275477593954,1.5414963031566211,-0.7933849103738065,1.0,0.0,0.0,0.0,1.0,0.0,0.0,0.0,0.0,1.0
-1.1389539422261723,0.19448286555524294,1.0916438562650659,1.0,0.0,0.0,1.0,0.0,0.0,0.0,1.0,0.0,0.0
-0.2680608834815844,1.290358204620772,-0.3302064134282553,0.0,1.0,0.0,0.0,1.0,0.0,0.0,1.0,0.0,0.0
-1.2115283637882213,-0.1175371962620252,0.3645613319900723,1.0,0.0,1.0,0.0,0.0,0.0,0.0,1.0,0.0,0.0
0.9657042830732484,0.7956922529592487,-0.6910547773276959,0.0,1.0,0.0,1.0,0.0,0.0,0.0,1.0,0.0,0.0
1.6914484986937381,-1.4569403884532264,0.5045920403689597,0.0,1.0,0.0,0.0,0.0,1.0,0.0,0.0,1.0,0.0
-0.12291204035748642,-1.5406530879651783,0.2676169954200733,1.0,0.0,0.0,0.0,1.0,0.0,0.0,0.0,1.0,0.0
-0.6309329912918293,-1.1144793449952488,-1.3750509297938014,1.0,0.0,0.0,0.0,0.0,0.0,1.0,0.0,1.0,0.0
0.4576833321389055,-0.7491875653067405,1.66792407920895,0.0,1.0,0.0,0.0,1.0,0.0,0.0,0.0,1.0,0.0
1.6914484986937381,0.9935586336238575,0.7792676606506244,1.0,0.0,0.0,0.0,0.0,1.0,0.0,0.0,1.0,0.0
-1.1389539422261723,-1.609145296656772,-1.5312390276010224,0.0,1.0,0.0,0.0,1.0,0.0,0.0,0.0,1.0,0.0
0.6754065968250524,0.772861516728716,1.608680317971728,0.0,1.0,0.0,0.0,1.0,0.0,0.0,0.0,0.0,1.0
0.8205554399491504,-0.6806953566151446,1.3824768659750637,1.0,0.0,0.0,1.0,0.0,0.0,0.0,0.0,1.0,0.0
0.16738564589070953,1.0087791244442113,0.1706726588500743,0.0,1.0,0.0,0.0,0.0,1.0,0.0,0.0,1.0,0.0
-0.48578414816773136,-1.297125234839504,-1.5635538064576886,1.0,0.0,0.0,0.0,0.0,1.0,0.0,1.0,0.0,0.0
-1.646974893160515,-0.7339670744863847,-0.33559220990436606,0.0,1.0,0.0,0.0,1.0,0.0,0.0,0.0,0.0,1.0
0.8205554399491504,1.1305430510070495,1.4686496095928405,0.0,1.0,0.0,1.0,0.0,0.0,0.0,1.0,0.0,0.0
1.1834275477593954,0.37712875539949814,0.9031409796011788,0.0,1.0,0.0,0.0,0.0,0.0,1.0,0.0,0.0,1.0
-1.2841027853502702,0.5293336636030438,0.6661659346522916,0.0,1.0,1.0,0.0,0.0,0.0,0.0,0.0,1.0,0.0
0.8205554399491504,-0.13275768708238106,-1.2134770355104694,1.0,0.0,0.0,1.0,0.0,0.0,0.0,1.0,0.0,0.0
1.6914484986937381,0.9250664249322617,1.5655939461628394,0.0,1.0,0.0,0.0,0.0,0.0,1.0,0.0,0.0,1.0
0.23996006745275852,-0.2240806320045076,0.6069221734150702,1.0,0.0,0.0,0.0,1.0,0.0,0.0,0.0,0.0,1.0
-1.646974893160515,1.297968450030949,1.1778165998828427,0.0,1.0,0.0,0.0,0.0,0.0,1.0,1.0,0.0,0.0
-1.7195493147225642,-1.1905817990970216,-1.5366248240771332,1.0,0.0,0.0,0.0,0.0,0.0,1.0,0.0,1.0,0.0
0.8931298615111994,0.453231209501271,-0.23864787333436704,1.0,0.0,0.0,0.0,0.0,1.0,0.0,0.0,1.0,0.0
-0.9938050991020743,-0.9927154184324126,1.2101313787395096,1.0,0.0,0.0,0.0,0.0,0.0,1.0,0.0,0.0,1.0
1.2560019693214444,0.7956922529592487,-1.4127515051265789,1.0,0.0,0.0,0.0,0.0,1.0,0.0,1.0,0.0,0.0
-0.5583585697297804,1.0544405969052768,1.7056246545417275,0.0,1.0,1.0,0.0,0.0,0.0,0.0,0.0,0.0,1.0
-0.2680608834815844,-1.6395862782974817,-1.0142025658943603,0.0,1.0,0.0,0.0,1.0,0.0,0.0,1.0,0.0,0.0
0.7479810183871014,1.2142557505189993,-0.9064866363721389,0.0,1.0,0.0,1.0,0.0,0.0,0.0,1.0,0.0,0.0
-1.4292516284743682,-0.8557310010492228,-1.2080912390343586,1.0,0.0,0.0,0.0,0.0,1.0,0.0,1.0,0.0,0.0
0.6028321752630035,-0.41433676725893964,0.5584500051300704,0.0,1.0,0.0,0.0,0.0,0.0,1.0,0.0,1.0,0.0
0.3851089105768565,-1.0916486087647181,0.5907647839867372,1.0,0.0,0.0,0.0,0.0,0.0,1.0,0.0,1.0,0.0
-0.3406353050436334,1.4577836036446714,0.44534827913173824,1.0,0.0,0.0,0.0,0.0,0.0,1.0,1.0,0.0,0.0
-1.1389539422261723,1.15337378723758,-0.01783021781381295,1.0,0.0,0.0,0.0,1.0,0.0,0.0,1.0,0.0,0.0
1.6914484986937381,-1.1525305720461352,0.22453062361118495,1.0,0.0,0.0,1.0,0.0,0.0,0.0,1.0,0.0,0.0
0.9657042830732484,-0.8785617372797534,-1.6174117712187992,0.0,1.0,0.0,0.0,0.0,0.0,1.0,0.0,0.0,1.0
0.8205554399491504,-0.6806953566151446,1.1293444315978436,1.0,0.0,0.0,0.0,0.0,0.0,1.0,0.0,0.0,1.0
0.7479810183871014,-0.4599982397200029,-1.6389549571232438,0.0,1.0,0.0,0.0,1.0,0.0,0.0,0.0,1.0,0.0
1.2560019693214444,1.419732376593785,1.123958635121732,0.0,1.0,0.0,0.0,0.0,1.0,0.0,1.0,0.0,0.0
0.6754065968250524,-0.018604005929721827,-1.5904827888382438,1.0,0.0,0.0,0.0,1.0,0.0,0.0,0.0,1.0,0.0
-0.8486562559779763,-0.29257284069610356,1.6948530615895054,1.0,0.0,0.0,1.0,0.0,0.0,0.0,0.0,0.0,1.0
-0.9938050991020743,1.4273426220039618,0.8546688113161789,1.0,0.0,0.0,0.0,0.0,1.0,0.0,1.0,0.0,0.0
-0.12291204035748642,-1.494991615504113,-1.1596190707493588,1.0,0.0,0.0,0.0,0.0,0.0,1.0,0.0,1.0,0.0
-1.3566772069123192,-1.3884481797616326,0.3268607566572947,0.0,1.0,1.0,0.0,0.0,0.0,0.0,0.0,0.0,1.0
0.8931298615111994,0.8641844616508446,1.0539432809322884,1.0,0.0,0.0,1.0,0.0,0.0,0.0,0.0,0.0,1.0
-1.2115283637882213,0.0042267303008108855,0.8869835901728457,0.0,1.0,0.0,0.0,1.0,0.0,0.0,0.0,1.0,0.0
-0.5583585697297804,0.6130463631149935,-1.3373503544610241,1.0,0.0,1.0,0.0,0.0,0.0,0.0,0.0,0.0,1.0
-1.574400471598466,1.4349528674141407,1.4955785919733957,0.0,1.0,1.0,0.0,0.0,0.0,0.0,0.0,0.0,1.0
-0.7760818344159273,0.4684517003216247,-0.3786785817132544,0.0,1.0,0.0,0.0,1.0,0.0,0.0,1.0,0.0,0.0
1.6914484986937381,-0.772018301537271,-0.02860181076603523,1.0,0.0,1.0,0.0,0.0,0.0,0.0,1.0,0.0,0.0
1.2560019693214444,-1.2819047440191502,0.9192983690295118,1.0,0.0,0.0,0.0,1.0,0.0,0.0,0.0,1.0,0.0
-1.1389539422261723,0.5902156268844607,-0.5994962372338085,0.0,1.0,0.0,0.0,0.0,1.0,0.0,0.0,0.0,1.0
-0.2680608834815844,0.7652512713185391,-1.175776460177692,1.0,0.0,1.0,0.0,0.0,0.0,0.0,0.0,0.0,1.0
1.1834275477593954,0.06510869358223001,-0.16863251914492336,0.0,1.0,0.0,0.0,0.0,1.0,0.0,1.0,0.0,0.0
-1.5018260500364171,0.31624679211807905,-0.9388014152288054,1.0,0.0,0.0,0.0,1.0,0.0,0.0,0.0,1.0,0.0
-1.1389539422261723,1.6328192480787498,1.608680317971728,0.0,1.0,1.0,0.0,0.0,0.0,0.0,1.0,0.0,0.0
1.3285763908834933,0.8717947070610215,-0.2925058380954777,1.0,0.0,0.0,0.0,1.0,0.0,0.0,1.0,0.0,0.0
0.8205554399491504,-1.0155461546629454,1.1455018210261767,0.0,1.0,0.0,0.0,0.0,0.0,1.0,0.0,0.0,1.0
0.6028321752630035,0.6130463631149935,-0.33559220990436606,0.0,1.0,1.0,0.0,0.0,0.0,0.0,0.0,1.0,0.0
0.8205554399491504,-0.08709621462131564,0.2514596059917403,0.0,1.0,0.0,0.0,1.0,0.0,0.0,0.0,0.0,1.0
-0.19548646191953542,0.04988820276187415,-0.9441872117049162,0.0,1.0,1.0,0.0,0.0,0.0,0.0,0.0,0.0,1.0
-0.19548646191953542,0.8109127437796024,0.5261352262734043,1.0,0.0,1.0,0.0,0.0,0.0,0.0,0.0,0.0,1.0
-0.12291204035748642,-1.4417198976328727,-0.5833388478054747,0.0,1.0,0.0,1.0,0.0,0.0,0.0,0.0,1.0,0.0
0.9657042830732484,-0.5817621662828389,1.172430803406732,1.0,0.0,0.0,0.0,0.0,0.0,1.0,1.0,0.0,0.0
-0.5583585697297804,-0.4447777488996492,0.24068801303951798,0.0,1.0,0.0,1.0,0.0,0.0,0.0,0.0,0.0,1.0
1.4737252340075913,1.488224585285381,-1.3696651333176906,0.0,1.0,0.0,0.0,0.0,1.0,0.0,0.0,0.0,1.0
-0.05033761879543743,-1.1144793449952488,1.409405848355619,1.0,0.0,1.0,0.0,0.0,0.0,0.0,0.0,1.0,0.0
0.5302577537009545,0.574995136064107,1.2963041223572862,1.0,0.0,1.0,0.0,0.0,0.0,0.0,1.0,0.0,0.0
0.6754065968250524,-1.5863145604262416,-1.434294691031023,1.0,0.0,0.0,0.0,0.0,1.0,0.0,0.0,1.0,0.0
0.5302577537009545,1.0772713331358073,-0.7502985385649181,0.0,1.0,0.0,0.0,0.0,1.0,0.0,1.0,0.0,0.0
-1.4292516284743682,0.9174561795220848,-0.5348666795204756,1.0,0.0,0.0,0.0,0.0,0.0,1.0,0.0,0.0,1.0
0.16738564589070953,0.17926237473488923,-1.0572889377032486,0.0,1.0,0.0,1.0,0.0,0.0,0.0,0.0,1.0,0.0
-0.19548646191953542,1.343629922492012,-0.9280298222765831,1.0,0.0,0.0,0.0,1.0,0.0,0.0,0.0,1.0,0.0
-0.9212306775400253,0.3999594916300287,1.4740354060689513,0.0,1.0,0.0,0.0,0.0,1.0,0.0,0.0,0.0,1.0
0.9657042830732484,1.480614339875204,1.2424461575961756,1.0,0.0,1.0,0.0,0.0,0.0,0.0,0.0,1.0,0.0
-0.48578414816773136,1.1153225601866936,-1.0519031412271374,1.0,0.0,0.0,0.0,0.0,1.0,0.0,0.0,0.0,1.0
0.9657042830732484,0.3542980191689654,-1.4612236734115784,0.0,1.0,0.0,0.0,0.0,0.0,1.0,0.0,1.0,0.0
-0.7035074128538783,1.1990352596986433,0.35378973903785005,0.0,1.0,0.0,0.0,1.0,0.0,0.0,1.0,0.0,0.0
0.5302577537009545,0.909845934111908,-0.6318110160904746,1.0,0.0,0.0,0.0,0.0,1.0,0.0,0.0,1.0,0.0
1.4737252340075913,0.5217234181928669,1.5602081496867288,0.0,1.0,0.0,1.0,0.0,0.0,0.0,0.0,1.0,0.0
1.6188740771316892,-1.4417198976328727,0.8923693866489565,1.0,0.0,1.0,0.0,0.0,0.0,0.0,0.0,0.0,1.0
-1.2841027853502702,1.1914250142884666,-0.22249048390603401,1.0,0.0,0.0,0.0,0.0,0.0,1.0,0.0,1.0,0.0
1.6188740771316892,-0.20124989577397487,-1.0842179200838038,1.0,0.0,0.0,1.0,0.0,0.0,0.0,0.0,0.0,1.0
0.23996006745275852,-1.616755542066951,-0.29789163457158846,1.0,0.0,0.0,0.0,0.0,1.0,0.0,0.0,1.0,0.0
0.022236802766611552,-0.1784191595434443,-0.22249048390603401,1.0,0.0,1.0,0.0,0.0,0.0,0.0,1.0,0.0,0.0
0.8205554399491504,-1.5254325971448224,1.4363348307361743,1.0,0.0,0.0,0.0,0.0,1.0,0.0,0.0,1.0,0.0
0.8205554399491504,-0.5132699575912452,-1.2296344249388027,1.0,0.0,0.0,0.0,0.0,0.0,1.0,0.0,0.0,1.0
0.5302577537009545,0.841353725420312,0.9893137232189555,1.0,0.0,0.0,0.0,1.0,0.0,0.0,0.0,1.0,0.0
1.4737252340075913,-1.5254325971448224,0.25684540246785104,0.0,1.0,0.0,1.0,0.0,0.0,0.0,0.0,0.0,1.0
-0.6309329912918293,0.47606194573180155,-1.175776460177692,1.0,0.0,1.0,0.0,0.0,0.0,0.0,1.0,0.0,0.0
-1.2841027853502702,-0.04143474216025238,-0.9172582293243609,0.0,1.0,0.0,1.0,0.0,0.0,0.0,1.0,0.0,0.0
-0.9938050991020743,1.229476241339353,1.6356093003522831,1.0,0.0,0.0,1.0,0.0,0.0,0.0,1.0,0.0,0.0
-0.4132097266056824,-1.5178223517346456,0.8008108465550682,0.0,1.0,0.0,0.0,0.0,0.0,1.0,0.0,1.0,0.0
0.23996006745275852,-1.236243271558087,-0.8849434504676947,1.0,0.0,1.0,0.0,0.0,0.0,0.0,0.0,1.0,0.0
-1.2115283637882213,-0.3915060310284069,-0.31404902399992146,1.0,0.0,0.0,1.0,0.0,0.0,0.0,0.0,0.0,1.0
-1.0663795206641233,-1.3351764618903903,-1.0626747341793596,1.0,0.0,0.0,0.0,1.0,0.0,0.0,0.0,0.0,1.0
-0.05033761879543743,1.1153225601866936,1.360933680070619,1.0,0.0,1.0,0.0,0.0,0.0,0.0,1.0,0.0,0.0
1.4737252340075913,-0.4904392213607125,0.45611987208396054,1.0,0.0,0.0,0.0,1.0,0.0,0.0,0.0,0.0,1.0
-1.3566772069123192,1.1762045234681129,-1.1111469024643592,0.0,1.0,0.0,0.0,0.0,1.0,0.0,0.0,1.0,0.0
1.2560019693214444,-0.3001830861062804,0.18683004827840735,1.0,0.0,1.0,0.0,0.0,0.0,0.0,1.0,0.0,0.0
-0.5583585697297804,-0.45238799430982607,1.4201774413078405,1.0,0.0,0.0,0.0,0.0,1.0,0.0,0.0,1.0,0.0
-0.12291204035748642,-1.3656174435311,0.11142889761285213,0.0,1.0,0.0,0.0,1.0,0.0,0.0,0.0,1.0,0.0
0.7479810183871014,-1.228633026147908,0.5476784121778489,0.0,1.0,1.0,0.0,0.0,0.0,0.0,1.0,0.0,0.0
-0.19548646191953542,-0.9470539459713494,0.08988571170840834,0.0,1.0,1.0,0.0,0.0,0.0,0.0,1.0,0.0,0.0
0.5302577537009545,1.0924918239561632,-0.17940411209714488,1.0,0.0,0.0,0.0,0.0,1.0,0.0,0.0,0.0,1.0
0.16738564589070953,-0.6883056020253214,0.21375903065896265,0.0,1.0,1.0,0.0,0.0,0.0,0.0,0.0,0.0,1.0
1.2560019693214444,-0.018604005929721827,0.5045920403689597,0.0,1.0,0.0,0.0,0.0,0.0,1.0,0.0,1.0,0.0
-0.7760818344159273,-0.07948596921113879,1.4201774413078405,1.0,0.0,0.0,0.0,0.0,0.0,1.0,1.0,0.0,0.0
-0.2680608834815844,-0.9546641913815263,-0.48639451123547567,1.0,0.0,1.0,0.0,0.0,0.0,0.0,0.0,0.0,1.0
0.022236802766611552,0.9707278973933249,-1.5635538064576886,1.0,0.0,0.0,0.0,0.0,1.0,0.0,0.0,0.0,1.0
-0.9212306775400253,-1.045987136303655,-0.9980451764660268,0.0,1.0,0.0,0.0,1.0,0.0,0.0,1.0,0.0,0.0
1.2560019693214444,0.25536482883666206,0.4238050932272937,0.0,1.0,0.0,0.0,1.0,0.0,0.0,0.0,1.0,0.0
1.0382787046352975,-1.3199559710700366,0.48843465094062666,1.0,0.0,0.0,0.0,0.0,1.0,0.0,1.0,0.0,0.0
1.1108531261973464,-0.33823431315716684,1.1185728386456213,1.0,0.0,0.0,1.0,0.0,0.0,0.0,0.0,1.0,0.0
0.8205554399491504,1.3816811495428987,0.42919088970340524,0.0,1.0,0.0,0.0,1.0,0.0,0.0,0.0,1.0,0.0
-1.646974893160515,0.7500307804981854,0.5746073945584041,1.0,0.0,1.0,0.0,0.0,0.0,0.0,0.0,0.0,1.0
-0.3406353050436334,1.5947680210278634,0.6823233240806255,1.0,0.0,0.0,0.0,1.0,0.0,0.0,0.0,1.0,0.0
-1.1389539422261723,0.14121114768400284,-1.6281833641710215,0.0,1.0,0.0,1.0,0.0,0.0,0.0,0.0,0.0,1.0
0.09481122432866054,-0.8024592831779807,-0.08245977552714587,0.0,1.0,0.0,1.0,0.0,0.0,0.0,0.0,0.0,1.0
-0.8486562559779763,-1.6852477507585448,-1.5473964170293555,1.0,0.0,0.0,1.0,0.0,0.0,0.0,1.0,0.0,0.0
-1.5018260500364171,-0.7644080561270942,-1.6551123465515767,0.0,1.0,0.0,0.0,0.0,0.0,1.0,1.0,0.0,0.0
-0.7760818344159273,-0.7263568290762078,-0.9549588046571384,0.0,1.0,0.0,0.0,1.0,0.0,0.0,0.0,0.0,1.0
-1.646974893160515,-0.29257284069610356,-0.8903292469438056,0.0,1.0,0.0,0.0,1.0,0.0,0.0,1.0,0.0,0.0
-1.2841027853502702,-0.9546641913815263,0.994699519695067,0.0,1.0,1.0,0.0,0.0,0.0,0.0,0.0,1.0,0.0
1.6188740771316892,-1.2514637623784408,1.5225075743539511,0.0,1.0,0.0,0.0,0.0,0.0,1.0,0.0,1.0,0.0
-1.1389539422261723,0.07271893899240686,0.10604310113674137,0.0,1.0,0.0,0.0,0.0,1.0,0.0,0.0,1.0,0.0
-0.9938050991020743,1.3055786954411257,0.6823233240806255,1.0,0.0,0.0,0.0,1.0,0.0,0.0,1.0,0.0,0.0
-1.574400471598466,0.5065029273725111,1.188588192835065,0.0,1.0,0.0,0.0,0.0,1.0,0.0,1.0,0.0,0.0
1.6188740771316892,1.1153225601866936,0.7307954923656246,0.0,1.0,0.0,0.0,0.0,1.0,0.0,0.0,1.0,0.0
-1.574400471598466,0.0955496752229374,1.1347302280739544,0.0,1.0,0.0,0.0,0.0,0.0,1.0,0.0,1.0,0.0
0.3851089105768565,1.5795475302075075,1.36631947654673,1.0,0.0,0.0,0.0,0.0,1.0,0.0,1.0,0.0,0.0
-0.3406353050436334,-1.167751062866491,1.41479164483173,1.0,0.0,1.0,0.0,0.0,0.0,0.0,0.0,0.0,1.0
0.4576833321389055,1.0011688790340345,-1.6443407535993546,1.0,0.0,0.0,0.0,0.0,0.0,1.0,0.0,0.0,1.0
-1.4292516284743682,1.160984032647757,1.1670450069306213,0.0,1.0,0.0,0.0,0.0,1.0,0.0,0.0,0.0,1.0
1.1834275477593954,-0.6122031479235486,0.9085267760772895,0.0,1.0,1.0,0.0,0.0,0.0,0.0,1.0,0.0,0.0
1.4737252340075913,-1.228633026147908,1.41479164483173,1.0,0.0,0.0,1.0,0.0,0.0,0.0,1.0,0.0,0.0
0.4576833321389055,-0.23169087741468444,0.35917553551396153,0.0,1.0,0.0,1.0,0.0,0.0,0.0,0.0,1.0,0.0
1.5462996555696402,-1.426499406812519,1.7163962474939491,0.0,1.0,0.0,1.0,0.0,0.0,0.0,1.0,0.0,0.0
-1.1389539422261723,1.10010206936634,0.8600546077922904,0.0,1.0,0.0,1.0,0.0,0.0,0.0,1.0,0.0,0.0
1.6914484986937381,-1.3199559710700366,-1.7358992936932427,0.0,1.0,0.0,0.0,0.0,1.0,0.0,1.0,0.0,0.0
0.09481122432866054,-0.24691136823504028,0.5692215980822926,1.0,0.0,0.0,0.0,1.0,0.0,0.0,0.0,0.0,1.0
0.9657042830732484,0.963117651983148,-1.3050355756043577,1.0,0.0,0.0,1.0,0.0,0.0,0.0,0.0,0.0,1.0
0.16738564589070953,-0.8861719826899302,-1.2942639826521354,1.0,0.0,0.0,0.0,0.0,1.0,0.0,0.0,0.0,1.0
-0.6309329912918293,0.772861516728716,1.1024154492172882,1.0,0.0,0.0,1.0,0.0,0.0,0.0,0.0,0.0,1.0
1.0382787046352975,-0.2393011228248613,-1.2027054425582475,1.0,0.0,1.0,0.0,0.0,0.0,0.0,0.0,1.0,0.0
1.4737252340075913,-1.1525305720461352,-1.6066401782665773,1.0,0.0,0.0,0.0,0.0,0.0,1.0,0.0,0.0,1.0
-1.5018260500364171,0.5597746452437533,0.6446227487478478,0.0,1.0,1.0,0.0,0.0,0.0,0.0,1.0,0.0,0.0
0.5302577537009545,-1.4797711246837593,1.5817513355911725,1.0,0.0,0.0,0.0,1.0,0.0,0.0,1.0,0.0,0.0
0.6754065968250524,-0.9622744367917031,1.156273413978399,1.0,0.0,0.0,1.0,0.0,0.0,0.0,0.0,0.0,1.0
1.3285763908834933,1.15337378723758,1.1616592104545096,1.0,0.0,0.0,0.0,0.0,1.0,0.0,0.0,0.0,1.0
-0.8486562559779763,-1.3808379343514536,-1.7305134972171317,0.0,1.0,1.0,0.0,0.0,0.0,0.0,0.0,0.0,1.0
1.0382787046352975,0.7652512713185391,1.1293444315978436,1.0,0.0,0.0,0.0,0.0,1.0,0.0,1.0,0.0,0.0
0.8931298615111994,-0.262131859055394,1.5440507602583957,1.0,0.0,1.0,0.0,0.0,0.0,0.0,0.0,0.0,1.0
-1.3566772069123192,1.5643270393871538,-0.29789163457158846,0.0,1.0,1.0,0.0,0.0,0.0,0.0,0.0,1.0,0.0
-0.7035074128538783,0.20970335637559664,-0.8849434504676947,0.0,1.0,0.0,0.0,0.0,1.0,0.0,0.0,1.0,0.0
0.09481122432866054,1.6099885118482171,1.360933680070619,1.0,0.0,0.0,0.0,0.0,0.0,1.0,1.0,0.0,0.0
1.4737252340075913,-0.6578646203846118,1.2316745646439533,0.0,1.0,1.0,0.0,0.0,0.0,0.0,0.0,0.0,1.0
-1.3566772069123192,0.06510869358223001,-0.744912742088807,1.0,0.0,0.0,0.0,1.0,0.0,0.0,0.0,0.0,1.0
-0.05033761879543743,-0.21647038659433074,-1.5581680099815778,1.0,0.0,1.0,0.0,0.0,0.0,0.0,0.0,0.0,1.0
-1.2115283637882213,-0.4447777488996492,1.4955785919733957,0.0,1.0,1.0,0.0,0.0,0.0,0.0,0.0,1.0,0.0
1.4011508124455423,-1.4721608792735823,-0.825699689230473,1.0,0.0,0.0,0.0,0.0,1.0,0.0,0.0,0.0,1.0
-0.19548646191953542,-0.3762855402080532,-0.8741718575154724,0.0,1.0,0.0,0.0,0.0,0.0,1.0,0.0,0.0,1.0
0.7479810183871014,0.6054361177048166,0.03602774694729769,1.0,0.0,0.0,0.0,0.0,0.0,1.0,0.0,0.0,1.0
-1.7195493147225642,-1.045987136303655,-0.8310854857065841,0.0,1.0,0.0,0.0,0.0,0.0,1.0,1.0,0.0,0.0
-0.6309329912918293,-0.9698846822018822,-1.6443407535993546,1.0,0.0,0.0,0.0,0.0,0.0,1.0,0.0,0.0,1.0
0.6754065968250524,0.6054361177048166,-1.2942639826521354,1.0,0.0,0.0,0.0,1.0,0.0,0.0,1.0,0.0,0.0
0.3851089105768565,1.2827479592105953,0.12220049056507441,0.0,1.0,0.0,0.0,1.0,0.0,0.0,1.0,0.0,0.0
-0.05033761879543743,0.772861516728716,0.3861045178945169,0.0,1.0,0.0,0.0,0.0,1.0,0.0,1.0,0.0,0.0
0.8931298615111994,-1.7004682415789008,-1.4827668593160226,1.0,0.0,0.0,0.0,0.0,1.0,0.0,0.0,0.0,1.0
-0.2680608834815844,-0.3001830861062804,0.0952715081845191,1.0,0.0,0.0,0.0,0.0,0.0,1.0,0.0,0.0,1.0
0.3851089105768565,-0.7035260928456772,-0.529480883044364,1.0,0.0,0.0,0.0,0.0,0.0,1.0,1.0,0.0,0.0
0.4576833321389055,-0.5665416754624852,0.7038665099850692,0.0,1.0,1.0,0.0,0.0,0.0,0.0,0.0,0.0,1.0
1.5462996555696402,-0.07948596921113879,1.2155171752156204,1.0,0.0,0.0,0.0,0.0,1.0,0.0,1.0,0.0,0.0
1.5462996555696402,0.33907752834861177,-1.0142025658943603,0.0,1.0,0.0,1.0,0.0,0.0,0.0,1.0,0.0,0.0
0.16738564589070953,-0.9394437005611725,-1.073446327131582,1.0,0.0,0.0,0.0,0.0,1.0,0.0,0.0,1.0,0.0
1.4737252340075913,0.23253409260612937,-0.8580144680871394,1.0,0.0,0.0,0.0,0.0,0.0,1.0,0.0,1.0,0.0
-0.3406353050436334,1.6023782664380402,-1.4181373016026901,0.0,1.0,0.0,1.0,0.0,0.0,0.0,0.0,0.0,1.0
-1.646974893160515,-0.8633412464593997,-0.3679069887610321,1.0,0.0,1.0,0.0,0.0,0.0,0.0,1.0,0.0,0.0
-1.2841027853502702,0.8261332345999582,1.0539432809322884,0.0,1.0,1.0,0.0,0.0,0.0,0.0,0.0,1.0,0.0
0.8205554399491504,0.711979553447299,-0.6533542019949191,1.0,0.0,0.0,0.0,0.0,1.0,0.0,1.0,0.0,0.0
-0.9938050991020743,1.1305430510070495,-0.2817342451432554,0.0,1.0,0.0,0.0,1.0,0.0,0.0,1.0,0.0,0.0
1.6188740771316892,1.6480397388991035,0.46689146503618284,1.0,0.0,0.0,1.0,0.0,0.0,0.0,0.0,0.0,1.0
-1.574400471598466,-1.4112789159921633,-1.3211929650326906,1.0,0.0,0.0,0.0,0.0,0.0,1.0,1.0,0.0,0.0
1.4737252340075913,-0.2849625952859267,-0.9064866363721389,1.0,0.0,0.0,1.0,0.0,0.0,0.0,0.0,0.0,1.0
-1.7195493147225642,1.2370864867495297,1.4848069990211736,0.0,1.0,1.0,0.0,0.0,0.0,0.0,0.0,1.0,0.0
0.6028321752630035,-1.5634838241957087,1.3824768659750637,1.0,0.0,0.0,0.0,0.0,0.0,1.0,0.0,0.0,1.0
-1.1389539422261723,-0.9318334551509957,0.1329720835172967,1.0,0.0,0.0,0.0,1.0,0.0,0.0,0.0,0.0,1.0
1.4737252340075913,1.221865995929176,0.7307954923656246,1.0,0.0,0.0,0.0,0.0,0.0,1.0,1.0,0.0,0.0
-1.0663795206641233,-1.1373100812257815,0.49382044741673814,0.0,1.0,0.0,0.0,1.0,0.0,0.0,0.0,1.0,0.0
1.4011508124455423,-0.16319866872308847,-0.40022176761769895,1.0,0.0,0.0,1.0,0.0,0.0,0.0,1.0,0.0,0.0
-0.8486562559779763,-0.13275768708238106,-1.3804367262699124,0.0,1.0,0.0,1.0,0.0,0.0,0.0,1.0,0.0,0.0
1.1108531261973464,0.9250664249322617,-0.41099336056992125,1.0,0.0,0.0,0.0,1.0,0.0,0.0,0.0,1.0,0.0
1.6914484986937381,0.3542980191689654,0.5746073945584041,1.0,0.0,0.0,1.0,0.0,0.0,0.0,0.0,1.0,0.0
-0.9938050991020743,-1.3199559710700366,-0.61026783018603,0.0,1.0,0.0,1.0,0.0,0.0,0.0,0.0,1.0,0.0
1.3285763908834933,0.43040047327073827,0.3160891637050724,0.0,1.0,0.0,0.0,0.0,1.0,0.0,1.0,0.0,0.0
-0.19548646191953542,-0.9318334551509957,-1.6712697359799098,1.0,0.0,0.0,0.0,0.0,1.0,0.0,0.0,0.0,1.0
0.022236802766611552,-1.167751062866491,-0.9549588046571384,1.0,0.0,0.0,0.0,0.0,1.0,0.0,1.0,0.0,0.0
-1.4292516284743682,0.49128243655215736,-0.7772275209454734,1.0,0.0,1.0,0.0,0.0,0.0,0.0,0.0,1.0,0.0
-1.7195493147225642,1.0620508423154535,1.247831954072287,1.0,0.0,0.0,1.0,0.0,0.0,0.0,1.0,0.0,0.0
-1.5018260500364171,0.10315992063311642,0.11142889761285213,1.0,0.0,0.0,0.0,1.0,0.0,0.0,0.0,0.0,1.0
-1.0663795206641233,0.841353725420312,1.1293444315978436,0.0,1.0,0.0,1.0,0.0,0.0,0.0,0.0,0.0,1.0
1.3285763908834933,0.21731360178577566,-1.2188628319865804,0.0,1.0,0.0,0.0,1.0,0.0,0.0,0.0,0.0,1.0
-0.8486562559779763,-0.43716750348947236,-0.8687860610393613,1.0,0.0,0.0,1.0,0.0,0.0,0.0,1.0,0.0,0.0
1.1834275477593954,0.14121114768400284,-1.0626747341793596,1.0,0.0,0.0,0.0,0.0,0.0,1.0,0.0,0.0,1.0
-0.12291204035748642,0.711979553447299,1.5171217778778403,0.0,1.0,1.0,0.0,0.0,0.0,0.0,0.0,1.0,0.0
0.16738564589070953,0.17926237473488923,0.897755183125068,1.0,0.0,0.0,0.0,0.0,0.0,1.0,0.0,1.0,0.0
-1.2115283637882213,1.6632602297194594,0.9354557584578448,1.0,0.0,1.0,0.0,0.0,0.0,0.0,1.0,0.0,0.0
0.8205554399491504,0.6054361177048166,0.0952715081845191,1.0,0.0,1.0,0.0,0.0,0.0,0.0,1.0,0.0,0.0
0.09481122432866054,0.643487344755703,-1.6227975676949102,1.0,0.0,0.0,0.0,0.0,1.0,0.0,0.0,0.0,1.0
-0.05033761879543743,-0.4980494667708893,0.42919088970340524,0.0,1.0,0.0,0.0,0.0,1.0,0.0,1.0,0.0,0.0
1.6914484986937381,-1.2895149894293272,-0.8041565033260288,1.0,0.0,0.0,1.0,0.0,0.0,0.0,0.0,1.0,0.0
-1.4292516284743682,-1.494991615504113,-0.45946552885492037,1.0,0.0,0.0,0.0,0.0,1.0,0.0,1.0,0.0,0.0
-1.574400471598466,1.229476241339353,-0.9603446011332496,1.0,0.0,0.0,0.0,1.0,0.0,0.0,0.0,0.0,1.0
-0.6309329912918293,-1.2666842531987943,0.6661659346522916,1.0,0.0,0.0,0.0,0.0,0.0,1.0,1.0,0.0,0.0
-0.7760818344159273,-0.6959158474354983,-0.6479684055188076,0.0,1.0,1.0,0.0,0.0,0.0,0.0,0.0,1.0,0.0
0.8205554399491504,-1.5254325971448224,-1.3104213720804687,1.0,0.0,0.0,0.0,0.0,0.0,1.0,0.0,1.0,0.0
-1.1389539422261723,-1.5178223517346456,1.5548223532106171,0.0,1.0,0.0,0.0,1.0,0.0,0.0,1.0,0.0,0.0
-1.3566772069123192,1.366460658722545,1.1939739893111765,1.0,0.0,0.0,0.0,0.0,1.0,0.0,1.0,0.0,0.0
0.16738564589070953,0.7576410259083622,-1.5204674346488003,1.0,0.0,0.0,0.0,1.0,0.0,0.0,1.0,0.0,0.0
0.3125344890148075,-0.39911627643858594,-0.7718417244693623,0.0,1.0,0.0,0.0,0.0,1.0,0.0,1.0,0.0,0.0
1.4011508124455423,1.031609860674744,-1.1326900883688034,1.0,0.0,0.0,0.0,0.0,1.0,0.0,1.0,0.0,0.0
0.8205554399491504,-0.05665523298060824,-0.08784557200325739,1.0,0.0,1.0,0.0,0.0,0.0,0.0,1.0,0.0,0.0
1.3285763908834933,-1.3199559710700366,0.9408415549339564,1.0,0.0,0.0,1.0,0.0,0.0,0.0,0.0,1.0,0.0
0.5302577537009545,1.1914250142884666,0.8923693866489565,0.0,1.0,0.0,1.0,0.0,0.0,0.0,0.0,0.0,1.0
-0.5583585697297804,0.6282668539353472,-0.023216014289924473,0.0,1.0,0.0,0.0,0.0,0.0,1.0,0.0,1.0,0.0
-0.12291204035748642,1.6480397388991035,-1.008816769418249,0.0,1.0,0.0,1.0,0.0,0.0,0.0,0.0,0.0,1.0
0.5302577537009545,-1.1829715536868448,-1.0842179200838038,0.0,1.0,0.0,0.0,1.0,0.0,0.0,0.0,1.0,0.0
1.3285763908834933,0.6358770993455262,-1.2834923896999135,0.0,1.0,0.0,1.0,0.0,0.0,0.0,0.0,1.0,0.0
0.3851089105768565,-0.26974210446557084,-1.2834923896999135,1.0,0.0,1.0,0.0,0.0,0.0,0.0,0.0,0.0,1.0
-1.7195493147225642,0.4684517003216247,0.994699519695067,0.0,1.0,0.0,0.0,0.0,0.0,1.0,0.0,0.0,1.0
1.1834275477593954,0.7348102896778296,1.0593290774083999,1.0,0.0,0.0,0.0,0.0,0.0,1.0,0.0,1.0,0.0
-1.2115283637882213,1.6708704751296362,0.9623847408384001,0.0,1.0,0.0,0.0,0.0,0.0,1.0,0.0,1.0,0.0
-1.574400471598466,-1.0383768908934758,-0.8526286716110283,0.0,1.0,0.0,0.0,0.0,0.0,1.0,1.0,0.0,0.0
-0.9938050991020743,1.031609860674744,-1.665883939503799,1.0,0.0,0.0,0.0,0.0,1.0,0.0,0.0,1.0,0.0
0.16738564589070953,0.6054361177048166,-1.0142025658943603,0.0,1.0,1.0,0.0,0.0,0.0,0.0,1.0,0.0,0.0
1.4011508124455423,-0.19363965036379802,-0.5564098654249193,0.0,1.0,0.0,0.0,0.0,0.0,1.0,0.0,1.0,0.0
-0.9938050991020743,0.34668777375878856,0.531521022749515,1.0,0.0,0.0,0.0,1.0,0.0,0.0,0.0,1.0,0.0
0.6754065968250524,-1.5863145604262416,1.66792407920895,1.0,0.0,0.0,0.0,1.0,0.0,0.0,1.0,0.0,0.0
0.9657042830732484,0.7880820075490719,0.019870357518963887,0.0,1.0,1.0,0.0,0.0,0.0,0.0,0.0,0.0,1.0
0.3125344890148075,-0.9394437005611725,1.3824768659750637,1.0,0.0,0.0,0.0,1.0,0.0,0.0,0.0,1.0,0.0
-0.7035074128538783,-0.5437109392319526,1.2586035470245087,0.0,1.0,0.0,0.0,0.0,1.0,0.0,1.0,0.0,0.0
0.9657042830732484,0.2020931109654198,0.04141354342340845,0.0,1.0,1.0,0.0,0.0,0.0,0.0,0.0,1.0,0.0
1.2560019693214444,-0.4447777488996492,-1.7305134972171317,0.0,1.0,0.0,0.0,1.0,0.0,0.0,1.0,0.0,0.0
1.4011508124455423,-0.589372411693018,0.06295672932785301,1.0,0.0,0.0,1.0,0.0,0.0,0.0,1.0,0.0,0.0
1.2560019693214444,-0.8252900194085133,0.7200238994134023,0.0,1.0,0.0,0.0,0.0,0.0,1.0,1.0,0.0,0.0
1.6914484986937381,-1.0840383633545414,-1.2888781861760246,0.0,1.0,0.0,0.0,1.0,0.0,0.0,0.0,0.0,1.0
1.4011508124455423,0.5445541544233975,1.0216285020756224,1.0,0.0,0.0,1.0,0.0,0.0,0.0,0.0,0.0,1.0
0.6754065968250524,0.46084145491144785,-1.4881526557921336,1.0,0.0,0.0,1.0,0.0,0.0,0.0,0.0,0.0,1.0
0.9657042830732484,-1.236243271558087,-0.9711161940854715,0.0,1.0,0.0,0.0,0.0,0.0,1.0,0.0,1.0,0.0
-0.5583585697297804,-1.1144793449952488,-1.3912083192221347,1.0,0.0,0.0,0.0,0.0,0.0,1.0,1.0,0.0,0.0
-1.5018260500364171,0.7880820075490719,-1.6227975676949102,1.0,0.0,0.0,0.0,0.0,0.0,1.0,1.0,0.0,0.0
-1.3566772069123192,0.8717947070610215,1.3986342554033968,1.0,0.0,0.0,0.0,0.0,0.0,1.0,1.0,0.0,0.0
0.16738564589070953,1.168594278057936,-0.03937340371825751,0.0,1.0,0.0,0.0,0.0,0.0,1.0,1.0,0.0,0.0
1.4011508124455423,-0.10992695085184835,1.0701006703606215,1.0,0.0,0.0,0.0,0.0,0.0,1.0,0.0,0.0,1.0
0.022236802766611552,-0.8176797739983365,1.1347302280739544,1.0,0.0,0.0,1.0,0.0,0.0,0.0,1.0,0.0,0.0
-0.9938050991020743,0.4684517003216247,-0.7502985385649181,0.0,1.0,0.0,0.0,1.0,0.0,0.0,1.0,0.0,0.0
-0.5583585697297804,0.5521643998335743,0.531521022749515,1.0,0.0,0.0,1.0,0.0,0.0,0.0,0.0,1.0,0.0
0.6754065968250524,1.0772713331358073,0.9623847408384001,0.0,1.0,0.0,0.0,0.0,1.0,0.0,1.0,0.0,0.0
-0.5583585697297804,-0.3762855402080532,-1.1057611059882482,1.0,0.0,1.0,0.0,0.0,0.0,0.0,1.0,0.0,0.0
0.5302577537009545,0.8489639708304888,1.527893370830062,1.0,0.0,0.0,1.0,0.0,0.0,0.0,1.0,0.0,0.0
-0.7760818344159273,-1.434109652222696,1.3770910694989522,0.0,1.0,1.0,0.0,0.0,0.0,0.0,0.0,0.0,1.0
-1.2115283637882213,-1.1144793449952488,-0.9011008398960278,1.0,0.0,0.0,1.0,0.0,0.0,0.0,1.0,0.0,0.0
-0.7035074128538783,0.1640418839145334,0.08988571170840834,1.0,0.0,0.0,0.0,0.0,0.0,1.0,0.0,0.0,1.0
0.9657042830732484,-0.2773523498757477,-0.2817342451432554,0.0,1.0,0.0,0.0,0.0,0.0,1.0,0.0,0.0,1.0
-0.2680608834815844,-0.5665416754624852,0.41841929675118295,0.0,1.0,0.0,0.0,0.0,1.0,0.0,0.0,0.0,1.0
-0.9938050991020743,-0.8100695285881575,-1.6497265500754656,1.0,0.0,0.0,1.0,0.0,0.0,0.0,1.0,0.0,0.0
1.3285763908834933,-0.8329002648186902,0.5853789875106257,0.0,1.0,0.0,0.0,0.0,0.0,1.0,0.0,1.0,0.0
-1.4292516284743682,1.6860909659499899,-0.44869393590269807,0.0,1.0,0.0,1.0,0.0,0.0,0.0,0.0,0.0,1.0
0.3851089105768565,0.08793942981276055,1.527893370830062,0.0,1.0,1.0,0.0,0.0,0.0,0.0,0.0,0.0,1.0
0.09481122432866054,-1.0003256638425895,-0.5456382724726979,0.0,1.0,1.0,0.0,0.0,0.0,0.0,1.0,0.0,0.0
0.8931298615111994,-0.6806953566151446,-1.1434616813210257,0.0,1.0,1.0,0.0,0.0,0.0,0.0,1.0,0.0,0.0
1.4737252340075913,-0.3762855402080532,-0.31404902399992146,1.0,0.0,0.0,1.0,0.0,0.0,0.0,0.0,0.0,1.0
0.3851089105768565,1.6556499843092802,0.8438972183639574,1.0,0.0,0.0,0.0,0.0,1.0,0.0,1.0,0.0,0.0
-0.5583585697297804,-1.6395862782974817,1.0970296527411767,1.0,0.0,1.0,0.0,0.0,0.0,0.0,0.0,0.0,1.0
0.7479810183871014,1.5871577756176865,1.0108569091234,1.0,0.0,0.0,0.0,0.0,1.0,0.0,0.0,0.0,1.0
1.5462996555696402,0.6891488172167664,0.8223540324595128,1.0,0.0,0.0,1.0,0.0,0.0,0.0,0.0,0.0,1.0
-0.7035074128538783,-1.0688178725341855,-0.5079376971399202,0.0,1.0,0.0,1.0,0.0,0.0,0.0,1.0,0.0,0.0
-1.4292516284743682,-1.6852477507585448,1.608680317971728,1.0,0.0,0.0,0.0,1.0,0.0,0.0,0.0,0.0,1.0
-1.646974893160515,-0.8176797739983365,0.897755183125068,0.0,1.0,1.0,0.0,0.0,0.0,0.0,0.0,0.0,1.0
-1.2115283637882213,0.8109127437796024,-0.9334156187526943,0.0,1.0,0.0,0.0,1.0,0.0,0.0,1.0,0.0,0.0
-0.3406353050436334,1.7013114567703458,0.11142889761285213,0.0,1.0,1.0,0.0,0.0,0.0,0.0,1.0,0.0,0.0
-0.6309329912918293,0.8109127437796024,-0.40022176761769895,1.0,0.0,0.0,0.0,0.0,0.0,1.0,0.0,0.0,1.0
-0.4132097266056824,-0.48282897595053564,1.075486466836733,0.0,1.0,0.0,1.0,0.0,0.0,0.0,0.0,0.0,1.0
1.5462996555696402,1.358850413312368,1.5386649637822842,0.0,1.0,1.0,0.0,0.0,0.0,0.0,0.0,1.0,0.0
-0.2680608834815844,0.06510869358223001,1.3717052730228414,1.0,0.0,1.0,0.0,0.0,0.0,0.0,0.0,1.0,0.0
1.3285763908834933,0.5293336636030438,0.009098764566742372,1.0,0.0,0.0,1.0,0.0,0.0,0.0,0.0,1.0,0.0
-0.6309329912918293,1.290358204620772,-0.6048820337099192,0.0,1.0,1.0,0.0,0.0,0.0,0.0,1.0,0.0,0.0
1.3285763908834933,-0.5513211846421316,-1.6335691606471325,0.0,1.0,0.0,0.0,1.0,0.0,0.0,0.0,0.0,1.0
-0.8486562559779763,-0.23169087741468444,0.7792676606506244,1.0,0.0,0.0,0.0,0.0,1.0,0.0,0.0,0.0,1.0
-0.8486562559779763,0.20970335637559664,-1.6335691606471325,1.0,0.0,1.0,0.0,0.0,0.0,0.0,0.0,0.0,1.0
-1.2115283637882213,-0.30779333151645727,-0.5510240689488086,1.0,0.0,0.0,0.0,0.0,0.0,1.0,0.0,1.0,0.0
-1.4292516284743682,-0.33823431315716684,-1.4235230980788012,1.0,0.0,0.0,0.0,0.0,0.0,1.0,0.0,1.0,0.0
-1.3566772069123192,-0.1175371962620252,-1.0572889377032486,1.0,0.0,1.0,0.0,0.0,0.0,0.0,1.0,0.0,0.0
0.16738564589070953,-1.624365787477128,-0.9172582293243609,1.0,0.0,0.0,0.0,0.0,0.0,1.0,1.0,0.0,0.0
-1.4292516284743682,0.8109127437796024,-0.023216014289924473,0.0,1.0,0.0,0.0,0.0,1.0,0.0,1.0,0.0,0.0
0.7479810183871014,-0.4219470126691165,0.2514596059917403,0.0,1.0,0.0,0.0,0.0,0.0,1.0,0.0,0.0,1.0
-1.2115283637882213,-0.9546641913815263,-1.0842179200838038,1.0,0.0,0.0,1.0,0.0,0.0,0.0,0.0,0.0,1.0
1.4011508124455423,1.3892913949530754,1.1616592104545096,1.0,0.0,0.0,0.0,1.0,0.0,0.0,0.0,0.0,1.0
0.16738564589070953,1.5947680210278634,0.1329720835172967,0.0,1.0,0.0,0.0,0.0,0.0,1.0,0.0,1.0,0.0
0.8931298615111994,-0.6730851112049677,1.2747609364528425,1.0,0.0,1.0,0.0,0.0,0.0,0.0,0.0,1.0,0.0
0.3851089105768565,-0.8861719826899302,-0.4540797323788096,0.0,1.0,0.0,1.0,0.0,0.0,0.0,0.0,1.0,0.0
1.6914484986937381,-0.589372411693018,0.2783885883722956,0.0,1.0,1.0,0.0,0.0,0.0,0.0,0.0,1.0,0.0
-1.646974893160515,0.8565742162406657,-0.28712004161936616,1.0,0.0,0.0,0.0,1.0,0.0,0.0,1.0,0.0,0.0
1.1834275477593954,0.841353725420312,-0.4756229182832534,0.0,1.0,0.0,0.0,1.0,0.0,0.0,0.0,0.0,1.0
-0.05033761879543743,0.41517998245038457,0.5799931910345149,0.0,1.0,0.0,0.0,1.0,0.0,0.0,0.0,1.0,0.0
-0.9938050991020743,-1.1905817990970216,-0.7125979632321405,1.0,0.0,1.0,0.0,0.0,0.0,0.0,0.0,0.0,1.0
1.4737252340075913,0.011836975710987735,-0.15247512971658955,0.0,1.0,1.0,0.0,0.0,0.0,0.0,0.0,0.0,1.0
0.022236802766611552,0.0955496752229374,-0.023216014289924473,0.0,1.0,0.0,0.0,0.0,0.0,1.0,1.0,0.0,0.0
0.16738564589070953,0.41517998245038457,1.6894672651133937,0.0,1.0,0.0,0.0,0.0,0.0,1.0,0.0,1.0,0.0
0.9657042830732484,1.4653938490548482,1.4848069990211736,0.0,1.0,0.0,0.0,1.0,0.0,0.0,0.0,0.0,1.0
0.6754065968250524,-1.6319760328873048,-0.7610701315171401,1.0,0.0,0.0,1.0,0.0,0.0,0.0,0.0,0.0,1.0
0.9657042830732484,-1.236243271558087,0.6338511557956256,0.0,1.0,0.0,0.0,0.0,1.0,0.0,0.0,1.0,0.0
-1.646974893160515,-0.840510510228867,1.3770910694989522,0.0,1.0,0.0,0.0,0.0,0.0,1.0,0.0,1.0,0.0
1.6914484986937381,1.1762045234681129,1.2801467329289533,0.0,1.0,0.0,1.0,0.0,0.0,0.0,0.0,0.0,1.0
-0.19548646191953542,-0.8557310010492228,0.5692215980822926,1.0,0.0,1.0,0.0,0.0,0.0,0.0,0.0,0.0,1.0
-0.8486562559779763,1.2446967321597089,0.8277398289356235,0.0,1.0,0.0,1.0,0.0,0.0,0.0,1.0,0.0,0.0
-0.2680608834815844,1.0468303514950976,1.441720627212285,0.0,1.0,1.0,0.0,0.0,0.0,0.0,0.0,1.0,0.0
0.7479810183871014,1.221865995929176,-1.3265787615088018,1.0,0.0,1.0,0.0,0.0,0.0,0.0,0.0,1.0,0.0
0.6754065968250524,0.28580581047736947,-1.5473964170293555,0.0,1.0,0.0,1.0,0.0,0.0,0.0,1.0,0.0,0.0
-0.7035074128538783,-1.373227688941277,0.1922158447545181,1.0,0.0,0.0,0.0,1.0,0.0,0.0,1.0,0.0,0.0
-0.48578414816773136,-1.4493301430430496,1.6625382827328385,1.0,0.0,1.0,0.0,0.0,0.0,0.0,0.0,1.0,0.0
0.09481122432866054,-0.1023167054416715,-1.5204674346488003,0.0,1.0,0.0,1.0,0.0,0.0,0.0,0.0,1.0,0.0
1.1108531261973464,0.41517998245038457,0.8438972183639574,0.0,1.0,0.0,0.0,1.0,0.0,0.0,1.0,0.0,0.0
1.1834275477593954,1.290358204620772,1.0808722633128438,0.0,1.0,0.0,1.0,0.0,0.0,0.0,0.0,0.0,1.0
-0.6309329912918293,-1.167751062866491,-1.4719952663638007,0.0,1.0,0.0,1.0,0.0,0.0,0.0,0.0,0.0,1.0
-0.12291204035748642,0.4075697370402077,1.4632638131167297,0.0,1.0,1.0,0.0,0.0,0.0,0.0,0.0,1.0,0.0
1.6188740771316892,0.574995136064107,-0.1093887579077012,1.0,0.0,0.0,0.0,1.0,0.0,0.0,0.0,1.0,0.0
1.4737252340075913,-0.6883056020253214,0.8492830148400681,1.0,0.0,1.0,0.0,0.0,0.0,0.0,0.0,0.0,1.0
0.23996006745275852,-1.2514637623784408,1.0054711126472893,0.0,1.0,0.0,0.0,0.0,0.0,1.0,1.0,0.0,0.0
1.5462996555696402,-0.6578646203846118,1.6140661144478394,1.0,0.0,0.0,0.0,1.0,0.0,0.0,1.0,0.0,0.0
-0.7035074128538783,0.042277957351697294,1.5117359814017288,1.0,0.0,0.0,1.0,0.0,0.0,0.0,1.0,0.0,0.0
-1.646974893160515,-1.624365787477128,1.043171687980066,1.0,0.0,0.0,0.0,1.0,0.0,0.0,1.0,0.0,0.0
0.9657042830732484,0.453231209501271,1.608680317971728,0.0,1.0,0.0,0.0,0.0,0.0,1.0,0.0,0.0,1.0
1.1834275477593954,1.5414963031566211,1.253217750548398,1.0,0.0,0.0,1.0,0.0,0.0,0.0,0.0,0.0,1.0
0.9657042830732484,0.1488213930941797,0.3160891637050724,1.0,0.0,0.0,0.0,1.0,0.0,0.0,0.0,0.0,1.0
1.4011508124455423,-0.6045929025133717,-1.1811622566538034,1.0,0.0,0.0,0.0,0.0,1.0,0.0,0.0,0.0,1.0
1.2560019693214444,0.9478971611627943,1.2747609364528425,1.0,0.0,0.0,0.0,0.0,0.0,1.0,0.0,0.0,1.0
-1.4292516284743682,1.4425631128243177,-0.26557685571492234,0.0,1.0,1.0,0.0,0.0,0.0,0.0,0.0,1.0,0.0
-0.5583585697297804,1.0772713331358073,-1.003430972942138,0.0,1.0,0.0,1.0,0.0,0.0,0.0,1.0,0.0,0.0
1.4737252340075913,0.574995136064107,-0.012444421337702192,1.0,0.0,0.0,0.0,0.0,0.0,1.0,0.0,1.0,0.0
1.5462996555696402,0.2934160558875485,-0.3679069887610321,1.0,0.0,0.0,0.0,1.0,0.0,0.0,0.0,0.0,1.0
-0.5583585697297804,-1.6548067691178376,-0.5456382724726979,1.0,0.0,0.0,0.0,1.0,0.0,0.0,0.0,1.0,0.0
1.6914484986937381,-1.4721608792735823,1.6733098756850608,0.0,1.0,0.0,1.0,0.0,0.0,0.0,0.0,1.0,0.0
-0.2680608834815844,-1.3656174435311,-0.23864787333436704,1.0,0.0,0.0,0.0,0.0,1.0,0.0,1.0,0.0,0.0
-1.4292516284743682,1.3740709041327217,1.4201774413078405,0.0,1.0,0.0,0.0,0.0,1.0,0.0,0.0,1.0,0.0
0.3851089105768565,-1.1905817990970216,-0.6264252196143638,1.0,0.0,0.0,0.0,0.0,0.0,1.0,1.0,0.0,0.0
0.3851089105768565,1.3969016403632544,1.0862580597889553,1.0,0.0,1.0,0.0,0.0,0.0,0.0,1.0,0.0,0.0
-0.05033761879543743,-0.1784191595434443,-1.1057611059882482,0.0,1.0,0.0,0.0,0.0,0.0,1.0,0.0,0.0,1.0
1.1108531261973464,-1.3275662164802136,1.188588192835065,1.0,0.0,0.0,0.0,1.0,0.0,0.0,0.0,0.0,1.0
0.6754065968250524,1.4653938490548482,-1.3588935403654683,0.0,1.0,0.0,0.0,0.0,0.0,1.0,1.0,0.0,0.0
-0.8486562559779763,-1.4417198976328727,-0.3086632275238107,1.0,0.0,1.0,0.0,0.0,0.0,0.0,0.0,1.0,0.0
-1.4292516284743682,-1.1981920445072005,0.0037129680906308484,1.0,0.0,0.0,1.0,0.0,0.0,0.0,0.0,1.0,0.0
0.6028321752630035,-0.6654748657947909,0.2622311989439618,1.0,0.0,0.0,0.0,0.0,1.0,0.0,1.0,0.0,0.0
0.3125344890148075,-0.04904498757042922,0.04141354342340845,1.0,0.0,0.0,0.0,0.0,0.0,1.0,1.0,0.0,0.0
-1.0663795206641233,1.3892913949530754,-0.2925058380954777,1.0,0.0,0.0,0.0,0.0,1.0,0.0,1.0,0.0,0.0
-0.19548646191953542,-0.7035260928456772,1.6625382827328385,1.0,0.0,0.0,0.0,1.0,0.0,0.0,1.0,0.0,0.0
0.6028321752630035,0.3999594916300287,0.5261352262734043,1.0,0.0,0.0,1.0,0.0,0.0,0.0,1.0,0.0,0.0
0.6028321752630035,-0.3610650493876995,1.0808722633128438,1.0,0.0,0.0,0.0,1.0,0.0,0.0,0.0,1.0,0.0
1.1834275477593954,-0.9851051730222358,0.03064195047118617,1.0,0.0,0.0,0.0,0.0,0.0,1.0,0.0,1.0,0.0
1.0382787046352975,-1.1373100812257815,0.3107033672289617,1.0,0.0,0.0,1.0,0.0,0.0,0.0,0.0,0.0,1.0
-1.2841027853502702,0.6206566085251704,-1.595868585314355,0.0,1.0,0.0,0.0,1.0,0.0,0.0,0.0,0.0,1.0
-1.1389539422261723,0.3999594916300287,1.6948530615895054,1.0,0.0,0.0,0.0,0.0,1.0,0.0,0.0,0.0,1.0
-0.2680608834815844,0.1868726201450661,-1.6281833641710215,1.0,0.0,0.0,1.0,0.0,0.0,0.0,0.0,0.0,1.0
1.5462996555696402,1.2370864867495297,0.6015363769389594,0.0,1.0,0.0,0.0,0.0,0.0,1.0,0.0,0.0,1.0
-0.8486562559779763,-1.6548067691178376,-0.6425826090426968,0.0,1.0,1.0,0.0,0.0,0.0,0.0,0.0,1.0,0.0
-1.7195493147225642,-1.494991615504113,-1.4558378769354672,1.0,0.0,1.0,0.0,0.0,0.0,0.0,0.0,0.0,1.0
1.2560019693214444,-1.6624170145280144,-0.6318110160904746,0.0,1.0,0.0,0.0,0.0,1.0,0.0,0.0,0.0,1.0
-0.48578414816773136,0.8261332345999582,-0.23864787333436704,0.0,1.0,0.0,0.0,0.0,0.0,1.0,1.0,0.0,0.0
-1.7195493147225642,0.8794049524711983,1.5009643884495065,0.0,1.0,0.0,0.0,0.0,1.0,0.0,0.0,1.0,0.0
1.1108531261973464,-0.3915060310284069,1.220902971691732,1.0,0.0,0.0,0.0,0.0,0.0,1.0,0.0,0.0,1.0
-1.7195493147225642,0.25536482883666206,-1.068060530655471,1.0,0.0,1.0,0.0,0.0,0.0,0.0,0.0,0.0,1.0
-1.5018260500364171,0.8489639708304888,0.531521022749515,1.0,0.0,0.0,0.0,0.0,1.0,0.0,0.0,1.0,0.0
-1.4292516284743682,1.6175987572583939,1.409405848355619,1.0,0.0,1.0,0.0,0.0,0.0,0.0,1.0,0.0,0.0
-0.05033761879543743,-0.7644080561270942,1.6356093003522831,0.0,1.0,1.0,0.0,0.0,0.0,0.0,0.0,1.0,0.0
-0.48578414816773136,-0.1708089141332675,1.2586035470245087,1.0,0.0,0.0,0.0,1.0,0.0,0.0,1.0,0.0,0.0
1.6188740771316892,0.3999594916300287,-1.5258532311249113,1.0,0.0,0.0,0.0,1.0,0.0,0.0,0.0,1.0,0.0
-0.05033761879543743,0.4227902278605614,0.4992062438928489,1.0,0.0,1.0,0.0,0.0,0.0,0.0,1.0,0.0,0.0
-1.2115283637882213,-1.7080784869890777,-0.5725672548532532,0.0,1.0,0.0,0.0,0.0,1.0,0.0,0.0,0.0,1.0
0.8931298615111994,-1.4417198976328727,0.5584500051300704,0.0,1.0,0.0,0.0,0.0,1.0,0.0,1.0,0.0,0.0
-0.9938050991020743,0.6967590626269431,0.22453062361118495,1.0,0.0,0.0,0.0,1.0,0.0,0.0,0.0,0.0,1.0
-0.7035074128538783,0.9022356887017311,-1.1596190707493588,1.0,0.0,0.0,1.0,0.0,0.0,0.0,1.0,0.0,0.0
-0.9212306775400253,0.9935586336238575,-0.4271507499982543,1.0,0.0,0.0,1.0,0.0,0.0,0.0,1.0,0.0,0.0
-1.0663795206641233,-1.297125234839504,0.30531757075285093,0.0,1.0,0.0,1.0,0.0,0.0,0.0,0.0,1.0,0.0
0.8205554399491504,-1.6624170145280144,-0.02860181076603523,0.0,1.0,0.0,0.0,1.0,0.0,0.0,0.0,0.0,1.0
0.9657042830732484,0.23253409260612937,1.6356093003522831,0.0,1.0,0.0,0.0,0.0,1.0,0.0,1.0,0.0,0.0
-0.48578414816773136,-0.05665523298060824,-1.682041328932132,1.0,0.0,0.0,0.0,1.0,0.0,0.0,0.0,1.0,0.0
1.5462996555696402,0.6587078355760567,0.39149031437062765,0.0,1.0,0.0,1.0,0.0,0.0,0.0,1.0,0.0,0.0
1.0382787046352975,-0.14797817790273476,-1.4558378769354672,1.0,0.0,0.0,1.0,0.0,0.0,0.0,0.0,1.0,0.0
-0.5583585697297804,1.160984032647757,-0.9818877870376937,1.0,0.0,1.0,0.0,0.0,0.0,0.0,1.0,0.0,0.0
1.1834275477593954,0.9783381428035038,-1.2457918143671358,1.0,0.0,0.0,1.0,0.0,0.0,0.0,0.0,0.0,1.0
-0.7035074128538783,-0.1784191595434443,-0.21710468742992248,1.0,0.0,0.0,0.0,1.0,0.0,0.0,0.0,0.0,1.0
0.3851089105768565,-1.4036686705819863,-0.9980451764660268,1.0,0.0,1.0,0.0,0.0,0.0,0.0,0.0,1.0,0.0
-0.48578414816773136,0.2781955650671926,-1.1434616813210257,0.0,1.0,0.0,0.0,0.0,1.0,0.0,0.0,1.0,0.0
-0.8486562559779763,0.574995136064107,-0.9549588046571384,1.0,0.0,0.0,1.0,0.0,0.0,0.0,0.0,1.0,0.0
-1.2115283637882213,0.9859483882136807,-1.3804367262699124,1.0,0.0,0.0,0.0,0.0,0.0,1.0,0.0,0.0,1.0
0.5302577537009545,-1.4645506338634056,0.8762119972206234,0.0,1.0,0.0,0.0,0.0,0.0,1.0,0.0,0.0,1.0
0.9657042830732484,-0.04904498757042922,-1.741285090169354,1.0,0.0,0.0,0.0,0.0,1.0,0.0,0.0,1.0,0.0
-0.12291204035748642,1.419732376593785,1.107801245693399,1.0,0.0,0.0,0.0,0.0,0.0,1.0,0.0,1.0,0.0
0.3851089105768565,-0.9242232097408167,1.4040200518795076,1.0,0.0,0.0,0.0,0.0,1.0,0.0,0.0,1.0,0.0
0.5302577537009545,0.23253409260612937,0.21375903065896265,1.0,0.0,0.0,0.0,0.0,1.0,0.0,1.0,0.0,0.0
1.5462996555696402,0.5978258722946398,1.1024154492172882,1.0,0.0,0.0,0.0,1.0,0.0,0.0,1.0,0.0,0.0
-1.2115283637882213,1.15337378723758,-0.8095422998021395,1.0,0.0,0.0,0.0,1.0,0.0,0.0,0.0,0.0,1.0
1.6914484986937381,-0.25452161364521714,0.20298743770674038,1.0,0.0,0.0,0.0,0.0,0.0,1.0,1.0,0.0,0.0
1.4011508124455423,-0.14797817790273476,-1.676655532456021,1.0,0.0,0.0,0.0,1.0,0.0,0.0,0.0,1.0,0.0
-1.4292516284743682,-0.23169087741468444,0.7900392536028467,0.0,1.0,0.0,0.0,0.0,0.0,1.0,0.0,1.0,0.0
0.6754065968250524,0.3238570375282559,-0.7233695561843628,0.0,1.0,0.0,0.0,1.0,0.0,0.0,1.0,0.0,0.0
-0.7760818344159273,-0.5361006938217757,-1.1811622566538034,1.0,0.0,0.0,0.0,0.0,0.0,1.0,0.0,1.0,0.0
1.1834275477593954,-0.9318334551509957,1.4309490342600628,1.0,0.0,0.0,0.0,0.0,0.0,1.0,1.0,0.0,0.0
0.23996006745275852,-0.4067265218487628,1.0324000950278447,0.0,1.0,0.0,0.0,0.0,1.0,0.0,0.0,1.0,0.0
-1.574400471598466,1.2675274683902393,-0.33559220990436606,1.0,0.0,0.0,0.0,1.0,0.0,0.0,0.0,0.0,1.0
0.022236802766611552,-0.7796285469474501,0.38071872141840535,0.0,1.0,0.0,0.0,0.0,0.0,1.0,0.0,0.0,1.0
1.0382787046352975,-1.1068690995850718,0.5692215980822926,0.0,1.0,0.0,0.0,0.0,0.0,1.0,0.0,0.0,1.0
1.5462996555696402,-1.3960584251718096,-0.42176495352214277,1.0,0.0,0.0,0.0,0.0,1.0,0.0,0.0,0.0,1.0
0.3125344890148075,1.5643270393871538,0.9085267760772895,1.0,0.0,0.0,0.0,0.0,0.0,1.0,0.0,0.0,1.0
-1.646974893160515,-0.9394437005611725,-0.4540797323788096,0.0,1.0,0.0,0.0,0.0,0.0,1.0,1.0,0.0,0.0
-0.12291204035748642,0.7576410259083622,0.7038665099850692,0.0,1.0,0.0,0.0,0.0,0.0,1.0,1.0,0.0,0.0
0.022236802766611552,-1.502601860914292,-0.7879991138976954,1.0,0.0,0.0,0.0,0.0,0.0,1.0,0.0,1.0,0.0
-1.5018260500364171,-1.616755542066951,-0.41099336056992125,1.0,0.0,1.0,0.0,0.0,0.0,0.0,1.0,0.0,0.0
-1.5018260500364171,0.643487344755703,1.1131870421695105,0.0,1.0,0.0,0.0,1.0,0.0,0.0,0.0,0.0,1.0
-0.48578414816773136,1.6480397388991035,-0.8903292469438056,1.0,0.0,0.0,0.0,1.0,0.0,0.0,1.0,0.0,0.0
-0.6309329912918293,-0.787238792357627,0.6446227487478478,1.0,0.0,0.0,0.0,1.0,0.0,0.0,0.0,1.0,0.0
1.1108531261973464,-1.0916486087647181,1.4955785919733957,1.0,0.0,0.0,0.0,1.0,0.0,0.0,1.0,0.0,0.0
-1.1389539422261723,-0.7415773198965636,1.5171217778778403,1.0,0.0,0.0,0.0,1.0,0.0,0.0,0.0,1.0,0.0
-1.646974893160515,-0.24691136823504028,1.2586035470245087,0.0,1.0,0.0,0.0,0.0,0.0,1.0,0.0,0.0,1.0
1.4011508124455423,0.36190826457914227,0.4830488544645159,0.0,1.0,0.0,0.0,0.0,1.0,0.0,0.0,0.0,1.0
-1.5018260500364171,1.5186655669260904,-0.06091658962270208,0.0,1.0,0.0,0.0,1.0,0.0,0.0,0.0,0.0,1.0
0.8931298615111994,-1.5102121063244687,1.1024154492172882,0.0,1.0,0.0,0.0,1.0,0.0,0.0,0.0,1.0,0.0
0.23996006745275852,-0.10992695085184835,0.9300699619817341,1.0,0.0,0.0,0.0,1.0,0.0,0.0,0.0,0.0,1.0
-0.9212306775400253,-0.8785617372797534,-1.235020221414914,0.0,1.0,0.0,1.0,0.0,0.0,0.0,1.0,0.0,0.0
0.7479810183871014,1.343629922492012,-0.8203138927543618,1.0,0.0,0.0,0.0,0.0,0.0,1.0,0.0,1.0,0.0
0.23996006745275852,-0.29257284069610356,-1.1380758848449146,1.0,0.0,1.0,0.0,0.0,0.0,0.0,1.0,0.0,0.0
1.1108531261973464,-1.426499406812519,0.9031409796011788,1.0,0.0,0.0,0.0,0.0,0.0,1.0,0.0,0.0,1.0
0.3851089105768565,1.229476241339353,-0.6318110160904746,0.0,1.0,0.0,0.0,1.0,0.0,0.0,0.0,1.0,0.0
-0.7760818344159273,1.6328192480787498,1.269375139976731,1.0,0.0,0.0,0.0,0.0,1.0,0.0,0.0,0.0,1.0
1.1108531261973464,-1.5406530879651783,-0.513323493616031,1.0,0.0,0.0,0.0,1.0,0.0,0.0,1.0,0.0,0.0
1.1834275477593954,0.057498448172051,1.5386649637822842,0.0,1.0,0.0,0.0,1.0,0.0,0.0,0.0,0.0,1.0
0.16738564589070953,0.46084145491144785,-1.186548053129914,0.0,1.0,0.0,0.0,1.0,0.0,0.0,0.0,1.0,0.0
1.4737252340075913,-1.236243271558087,-0.6371968125665853,1.0,0.0,0.0,1.0,0.0,0.0,0.0,1.0,0.0,0.0
-1.7195493147225642,1.4045118857734313,0.9893137232189555,0.0,1.0,0.0,1.0,0.0,0.0,0.0,1.0,0.0,0.0
-0.05033761879543743,1.2675274683902393,1.0162427055995107,1.0,0.0,0.0,0.0,0.0,0.0,1.0,0.0,0.0,1.0
-0.4132097266056824,1.4653938490548482,1.4848069990211736,1.0,0.0,0.0,0.0,0.0,0.0,1.0,0.0,1.0,0.0
-1.574400471598466,0.9783381428035038,1.7163962474939491,1.0,0.0,1.0,0.0,0.0,0.0,0.0,0.0,1.0,0.0
1.6188740771316892,-0.7567978107169173,0.3968761108467384,1.0,0.0,1.0,0.0,0.0,0.0,0.0,1.0,0.0,0.0
-1.7195493147225642,-0.20886014118415389,-0.39483597114158747,0.0,1.0,0.0,0.0,0.0,1.0,0.0,1.0,0.0,0.0
-0.48578414816773136,-1.3656174435311,-0.5671814583771416,1.0,0.0,0.0,0.0,1.0,0.0,0.0,0.0,1.0,0.0
-0.05033761879543743,1.3131889408513027,-0.529480883044364,0.0,1.0,0.0,1.0,0.0,0.0,0.0,0.0,0.0,1.0
-1.5018260500364171,0.43040047327073827,0.11681469408896365,1.0,0.0,0.0,0.0,1.0,0.0,0.0,1.0,0.0,0.0
-1.646974893160515,1.1077123147765169,-0.40022176761769895,0.0,1.0,1.0,0.0,0.0,0.0,0.0,1.0,0.0,0.0
1.6914484986937381,-1.426499406812519,1.3178473082617308,0.0,1.0,0.0,0.0,1.0,0.0,0.0,0.0,0.0,1.0
-1.4292516284743682,-1.6471965237076585,1.3070757153095085,1.0,0.0,1.0,0.0,0.0,0.0,0.0,0.0,0.0,1.0
0.23996006745275852,1.4958348306955578,-0.32482061695214376,1.0,0.0,0.0,0.0,0.0,0.0,1.0,1.0,0.0,0.0
0.9657042830732484,1.4425631128243177,-1.4558378769354672,1.0,0.0,0.0,0.0,0.0,0.0,1.0,0.0,1.0,0.0
1.5462996555696402,-1.548263333375355,-0.7772275209454734,0.0,1.0,0.0,0.0,0.0,0.0,1.0,1.0,0.0,0.0
-1.2115283637882213,1.419732376593785,1.269375139976731,1.0,0.0,0.0,0.0,0.0,0.0,1.0,1.0,0.0,0.0
-1.0663795206641233,-1.548263333375355,-1.509695841696578,0.0,1.0,0.0,0.0,1.0,0.0,0.0,1.0,0.0,0.0
1.4737252340075913,0.8641844616508446,-1.5204674346488003,1.0,0.0,0.0,0.0,1.0,0.0,0.0,0.0,1.0,0.0
-0.4132097266056824,-1.3351764618903903,-1.579711195886022,0.0,1.0,0.0,0.0,1.0,0.0,0.0,0.0,0.0,1.0
0.23996006745275852,-1.2895149894293272,-0.4271507499982543,1.0,0.0,1.0,0.0,0.0,0.0,0.0,1.0,0.0,0.0
-0.7760818344159273,-1.4645506338634056,0.6015363769389594,0.0,1.0,0.0,0.0,1.0,0.0,0.0,1.0,0.0,0.0
0.16738564589070953,1.2523069775698856,1.5117359814017288,0.0,1.0,1.0,0.0,0.0,0.0,0.0,1.0,0.0,0.0
0.23996006745275852,-0.12514744167220204,1.7163962474939491,1.0,0.0,0.0,1.0,0.0,0.0,0.0,0.0,1.0,0.0
0.8931298615111994,0.0042267303008108855,0.5099778368450711,1.0,0.0,1.0,0.0,0.0,0.0,0.0,1.0,0.0,0.0
-1.3566772069123192,0.6663180809862336,1.6302235038761723,0.0,1.0,0.0,0.0,0.0,0.0,1.0,0.0,1.0,0.0
0.8931298615111994,0.7652512713185391,0.1922158447545181,1.0,0.0,0.0,0.0,0.0,0.0,1.0,0.0,0.0,1.0
-0.3406353050436334,1.4653938490548482,-0.6048820337099192,1.0,0.0,0.0,0.0,0.0,1.0,0.0,0.0,0.0,1.0
1.6188740771316892,-1.2210227807377312,-0.8741718575154724,1.0,0.0,0.0,0.0,1.0,0.0,0.0,0.0,0.0,1.0
0.6028321752630035,-1.0764281179443624,-0.03398760724214676,0.0,1.0,0.0,0.0,1.0,0.0,0.0,0.0,0.0,1.0
1.6914484986937381,1.678480720539813,-1.4504520804593566,1.0,0.0,0.0,0.0,1.0,0.0,0.0,0.0,0.0,1.0
-0.12291204035748642,1.6404294934889265,-1.089603716559915,1.0,0.0,0.0,0.0,1.0,0.0,0.0,1.0,0.0,0.0
-1.5018260500364171,0.711979553447299,0.7361812888417361,1.0,0.0,0.0,0.0,1.0,0.0,0.0,0.0,1.0,0.0
1.1108531261973464,-0.39911627643858594,-0.5348666795204756,1.0,0.0,0.0,0.0,1.0,0.0,0.0,1.0,0.0,0.0
0.7479810183871014,-0.5589314300523085,-0.7664559279932512,1.0,0.0,0.0,0.0,1.0,0.0,0.0,0.0,1.0,0.0
1.5462996555696402,-0.8937822281001093,0.3484039425617393,0.0,1.0,0.0,0.0,0.0,0.0,1.0,0.0,0.0,1.0
0.23996006745275852,0.24775458342648304,-0.8526286716110283,0.0,1.0,1.0,0.0,0.0,0.0,0.0,1.0,0.0,0.0
1.4011508124455423,-1.5863145604262416,1.4632638131167297,1.0,0.0,0.0,1.0,0.0,0.0,0.0,0.0,0.0,1.0
-0.8486562559779763,1.5567167939769768,-0.0716881825749236,1.0,0.0,0.0,0.0,0.0,1.0,0.0,1.0,0.0,0.0
-0.3406353050436334,0.06510869358223001,1.5440507602583957,1.0,0.0,0.0,0.0,1.0,0.0,0.0,1.0,0.0,0.0
-0.12291204035748642,1.6480397388991035,-1.0842179200838038,0.0,1.0,0.0,1.0,0.0,0.0,0.0,1.0,0.0,0.0
-1.646974893160515,0.17926237473488923,-0.3409780063804768,1.0,0.0,1.0,0.0,0.0,0.0,0.0,0.0,1.0,0.0
1.2560019693214444,0.772861516728716,-0.3302064134282553,1.0,0.0,0.0,0.0,0.0,1.0,0.0,1.0,0.0,0.0
0.022236802766611552,0.48367219114198057,0.18683004827840735,0.0,1.0,1.0,0.0,0.0,0.0,0.0,0.0,1.0,0.0
0.7479810183871014,1.6099885118482171,-0.9172582293243609,1.0,0.0,0.0,0.0,1.0,0.0,0.0,0.0,0.0,1.0
-0.2680608834815844,-1.616755542066951,0.019870357518963887,0.0,1.0,0.0,0.0,0.0,0.0,1.0,0.0,1.0,0.0
-1.2115283637882213,-0.30779333151645727,0.15990106589785202,0.0,1.0,0.0,0.0,1.0,0.0,0.0,1.0,0.0,0.0
-0.7035074128538783,0.14121114768400284,-0.7933849103738065,0.0,1.0,0.0,0.0,0.0,0.0,1.0,0.0,1.0,0.0
0.09481122432866054,-0.5437109392319526,-0.7233695561843628,1.0,0.0,0.0,0.0,0.0,0.0,1.0,1.0,0.0,0.0
1.4011508124455423,-1.0079359092527684,0.9462273514100671,1.0,0.0,0.0,0.0,0.0,0.0,1.0,0.0,0.0,1.0
-1.5018260500364171,-0.650254374974435,0.8331256254117351,1.0,0.0,0.0,0.0,1.0,0.0,0.0,0.0,1.0,0.0
-0.48578414816773136,0.14121114768400284,1.4363348307361743,0.0,1.0,0.0,0.0,0.0,1.0,0.0,0.0,0.0,1.0
-1.5018260500364171,-1.3884481797616326,-0.7341411491365851,0.0,1.0,0.0,0.0,1.0,0.0,0.0,0.0,0.0,1.0
-0.9212306775400253,0.4380107186809151,0.6230795628434033,1.0,0.0,0.0,1.0,0.0,0.0,0.0,0.0,1.0,0.0
0.6754065968250524,0.9555074065729712,-0.5833388478054747,1.0,0.0,0.0,0.0,0.0,0.0,1.0,0.0,1.0,0.0
-1.646974893160515,-1.5330428425549993,-1.3965941156982458,1.0,0.0,0.0,0.0,0.0,0.0,1.0,0.0,1.0,0.0
0.6028321752630035,-1.692857996168724,1.587137132067284,1.0,0.0,0.0,0.0,0.0,1.0,0.0,1.0,0.0,0.0
1.6914484986937381,-1.0688178725341855,-1.3104213720804687,1.0,0.0,1.0,0.0,0.0,0.0,0.0,1.0,0.0,0.0
-1.7195493147225642,-0.5284904484115989,1.4901927954972851,1.0,0.0,0.0,0.0,1.0,0.0,0.0,0.0,0.0,1.0
0.9657042830732484,-1.4645506338634056,1.0701006703606215,1.0,0.0,1.0,0.0,0.0,0.0,0.0,0.0,0.0,1.0
-1.4292516284743682,0.3314672829384349,-1.660498143027688,1.0,0.0,0.0,0.0,1.0,0.0,0.0,0.0,1.0,0.0
1.0382787046352975,-0.08709621462131564,1.3770910694989522,0.0,1.0,0.0,0.0,0.0,0.0,1.0,0.0,0.0,1.0
1.6188740771316892,0.1868726201450661,-1.2996497791282464,0.0,1.0,0.0,1.0,0.0,0.0,0.0,1.0,0.0,0.0
-1.5018260500364171,-0.2393011228248613,-1.434294691031023,1.0,0.0,0.0,0.0,1.0,0.0,0.0,0.0,1.0,0.0
1.6188740771316892,-0.7111363382558541,-0.8364712821826948,0.0,1.0,0.0,0.0,1.0,0.0,0.0,0.0,0.0,1.0
0.022236802766611552,1.6252090026685728,-0.7395269456126958,1.0,0.0,1.0,0.0,0.0,0.0,0.0,1.0,0.0,0.0
-1.0663795206641233,0.963117651983148,0.41841929675118295,0.0,1.0,0.0,0.0,0.0,1.0,0.0,1.0,0.0,0.0
0.3125344890148075,0.9783381428035038,0.43996248265562754,0.0,1.0,0.0,0.0,0.0,1.0,0.0,1.0,0.0,0.0
-1.646974893160515,0.643487344755703,0.2783885883722956,1.0,0.0,0.0,1.0,0.0,0.0,0.0,1.0,0.0,0.0
-0.5583585697297804,0.12599065686364697,-0.6533542019949191,0.0,1.0,0.0,0.0,1.0,0.0,0.0,0.0,1.0,0.0
0.5302577537009545,-0.4752187305403588,-1.0357457517988045,0.0,1.0,1.0,0.0,0.0,0.0,0.0,0.0,1.0,0.0
-0.5583585697297804,0.8109127437796024,1.4794212025450628,0.0,1.0,1.0,0.0,0.0,0.0,0.0,1.0,0.0,0.0
-1.5018260500364171,1.4273426220039618,0.41841929675118295,0.0,1.0,0.0,1.0,0.0,0.0,0.0,0.0,0.0,1.0
-0.05033761879543743,-0.25452161364521714,1.7217820439700606,0.0,1.0,1.0,0.0,0.0,0.0,0.0,0.0,0.0,1.0
-0.6309329912918293,1.2370864867495297,-0.023216014289924473,1.0,0.0,1.0,0.0,0.0,0.0,0.0,0.0,1.0,0.0
-0.05033761879543743,1.0620508423154535,-1.0788321236076928,0.0,1.0,0.0,0.0,1.0,0.0,0.0,0.0,1.0,0.0
1.5462996555696402,1.2675274683902393,-1.2242486284626917,0.0,1.0,0.0,0.0,0.0,0.0,1.0,0.0,1.0,0.0
-1.4292516284743682,-1.0231564000731221,0.11142889761285213,0.0,1.0,0.0,0.0,0.0,1.0,0.0,1.0,0.0,0.0
-1.4292516284743682,0.8641844616508446,-0.2709626521910331,0.0,1.0,0.0,0.0,0.0,0.0,1.0,0.0,0.0,1.0
-0.7760818344159273,0.6587078355760567,0.41841929675118295,1.0,0.0,0.0,0.0,0.0,1.0,0.0,1.0,0.0,0.0
-0.6309329912918293,-1.3808379343514536,-0.8364712821826948,1.0,0.0,0.0,0.0,1.0,0.0,0.0,0.0,1.0,0.0
1.3285763908834933,0.07271893899240686,1.447106423688396,1.0,0.0,1.0,0.0,0.0,0.0,0.0,0.0,0.0,1.0
-0.9212306775400253,1.6860909659499899,0.0952715081845191,0.0,1.0,0.0,0.0,1.0,0.0,0.0,0.0,0.0,1.0
1.0382787046352975,-0.33823431315716684,0.2999317742767394,1.0,0.0,0.0,0.0,1.0,0.0,0.0,0.0,1.0,0.0
1.6914484986937381,1.4958348306955578,-0.26557685571492234,1.0,0.0,0.0,0.0,0.0,0.0,1.0,0.0,0.0,1.0
1.4737252340075913,-0.6959158474354983,0.4722772615122936,1.0,0.0,0.0,0.0,0.0,1.0,0.0,0.0,1.0,0.0
-0.3406353050436334,-0.8252900194085133,1.1293444315978436,1.0,0.0,1.0,0.0,0.0,0.0,0.0,1.0,0.0,0.0
-0.4132097266056824,-1.3960584251718096,-0.27634844866714464,1.0,0.0,0.0,0.0,0.0,0.0,1.0,0.0,1.0,0.0
-0.8486562559779763,1.5491065485668,0.9677705373145117,1.0,0.0,1.0,0.0,0.0,0.0,0.0,0.0,1.0,0.0
1.1834275477593954,-0.3762855402080532,0.4022619073228499,0.0,1.0,0.0,1.0,0.0,0.0,0.0,0.0,1.0,0.0
0.7479810183871014,0.8109127437796024,-0.5240950865682533,1.0,0.0,0.0,0.0,0.0,1.0,0.0,0.0,1.0,0.0
1.1108531261973464,0.5445541544233975,-0.319434820476033,1.0,0.0,0.0,1.0,0.0,0.0,0.0,0.0,0.0,1.0
-1.1389539422261723,1.3816811495428987,-1.2404060178910248,0.0,1.0,0.0,0.0,0.0,0.0,1.0,1.0,0.0,0.0
0.022236802766611552,-0.9394437005611725,0.8061966430311798,0.0,1.0,0.0,0.0,0.0,1.0,0.0,1.0,0.0,0.0
-1.4292516284743682,0.5597746452437533,-0.49716610418769797,1.0,0.0,0.0,0.0,0.0,0.0,1.0,0.0,1.0,0.0
-0.19548646191953542,1.3969016403632544,0.40764770379896065,1.0,0.0,1.0,0.0,0.0,0.0,0.0,0.0,0.0,1.0
1.4011508124455423,1.1457635418274033,-0.47023712180714267,0.0,1.0,0.0,1.0,0.0,0.0,0.0,1.0,0.0,0.0
1.6188740771316892,-1.4797711246837593,-0.08784557200325739,0.0,1.0,0.0,0.0,1.0,0.0,0.0,0.0,1.0,0.0
0.8205554399491504,-0.4447777488996492,-1.4396804875071343,0.0,1.0,0.0,0.0,1.0,0.0,0.0,0.0,1.0,0.0
1.1834275477593954,-0.9166129643306399,-0.5671814583771416,1.0,0.0,0.0,0.0,0.0,1.0,0.0,1.0,0.0,0.0
-1.646974893160515,1.3816811495428987,-1.1434616813210257,0.0,1.0,0.0,0.0,0.0,1.0,0.0,0.0,0.0,1.0
-0.9212306775400253,0.6510975901658799,0.13835787999340746,1.0,0.0,0.0,0.0,0.0,0.0,1.0,0.0,0.0,1.0
0.8931298615111994,1.4273426220039618,0.978542130266734,1.0,0.0,0.0,1.0,0.0,0.0,0.0,0.0,1.0,0.0
-0.9212306775400253,1.6099885118482171,-0.20094729800158945,0.0,1.0,0.0,1.0,0.0,0.0,0.0,1.0,0.0,0.0
0.3851089105768565,0.8794049524711983,0.8762119972206234,0.0,1.0,0.0,0.0,0.0,0.0,1.0,0.0,0.0,1.0
-1.2115283637882213,1.5034450761057347,0.6984807135089585,0.0,1.0,0.0,0.0,0.0,0.0,1.0,0.0,0.0,1.0
0.8931298615111994,0.8261332345999582,1.41479164483173,1.0,0.0,0.0,0.0,0.0,0.0,1.0,1.0,0.0,0.0
-0.2680608834815844,1.6252090026685728,-0.7287553526604735,0.0,1.0,0.0,0.0,0.0,0.0,1.0,1.0,0.0,0.0
-0.9938050991020743,0.963117651983148,0.17605845532618505,1.0,0.0,0.0,0.0,1.0,0.0,0.0,0.0,0.0,1.0
0.9657042830732484,-1.4721608792735823,-0.8957150434199167,1.0,0.0,0.0,0.0,1.0,0.0,0.0,1.0,0.0,0.0
-1.2841027853502702,0.37712875539949814,-1.4719952663638007,0.0,1.0,0.0,0.0,0.0,1.0,0.0,0.0,0.0,1.0
0.6028321752630035,-1.373227688941277,-1.089603716559915,0.0,1.0,0.0,0.0,0.0,1.0,0.0,0.0,0.0,1.0
-1.4292516284743682,-0.7796285469474501,1.360933680070619,1.0,0.0,0.0,1.0,0.0,0.0,0.0,1.0,0.0,0.0
1.6914484986937381,0.9402869157526175,0.5799931910345149,0.0,1.0,0.0,1.0,0.0,0.0,0.0,1.0,0.0,0.0
1.1108531261973464,-1.2210227807377312,-0.12016035085992348,0.0,1.0,0.0,0.0,0.0,0.0,1.0,1.0,0.0,0.0
-0.5583585697297804,0.4227902278605614,-1.186548053129914,0.0,1.0,0.0,0.0,1.0,0.0,0.0,0.0,1.0,0.0
-0.19548646191953542,-1.609145296656772,0.515363633321182,1.0,0.0,0.0,0.0,0.0,1.0,0.0,0.0,1.0,0.0
0.4576833321389055,-0.6578646203846118,-0.7718417244693623,1.0,0.0,0.0,1.0,0.0,0.0,0.0,0.0,1.0,0.0
0.8205554399491504,0.5065029273725111,1.3986342554033968,0.0,1.0,0.0,1.0,0.0,0.0,0.0,0.0,0.0,1.0
1.1108531261973464,-0.7415773198965636,1.7163962474939491,1.0,0.0,0.0,0.0,1.0,0.0,0.0,0.0,1.0,0.0
1.6914484986937381,0.5521643998335743,1.5332791673061734,1.0,0.0,0.0,0.0,0.0,0.0,1.0,0.0,0.0,1.0
-1.1389539422261723,0.6739283263964126,0.12220049056507441,0.0,1.0,1.0,0.0,0.0,0.0,0.0,1.0,0.0,0.0
0.9657042830732484,1.3969016403632544,0.3160891637050724,1.0,0.0,0.0,0.0,0.0,0.0,1.0,0.0,1.0,0.0
0.6028321752630035,-1.1449203266359582,0.2622311989439618,0.0,1.0,0.0,0.0,0.0,0.0,1.0,0.0,0.0,1.0
0.6754065968250524,0.5673848906539302,-1.2619492037954692,0.0,1.0,0.0,0.0,0.0,1.0,0.0,1.0,0.0,0.0
1.5462996555696402,-0.6426441295642581,-0.13093194381214576,0.0,1.0,0.0,1.0,0.0,0.0,0.0,0.0,0.0,1.0
-1.3566772069123192,1.5643270393871538,-1.6389549571232438,1.0,0.0,0.0,0.0,1.0,0.0,0.0,1.0,0.0,0.0
1.1108531261973464,0.3999594916300287,-1.515081638172689,0.0,1.0,0.0,0.0,0.0,0.0,1.0,0.0,0.0,1.0
0.9657042830732484,-1.3123457256598599,1.651766689780617,0.0,1.0,0.0,1.0,0.0,0.0,0.0,0.0,0.0,1.0
0.6754065968250524,0.5369439090132206,-1.515081638172689,0.0,1.0,0.0,0.0,1.0,0.0,0.0,1.0,0.0,0.0
-1.2115283637882213,-0.018604005929721827,1.732553636922283,0.0,1.0,0.0,0.0,0.0,1.0,0.0,0.0,1.0,0.0
-0.4132097266056824,0.8641844616508446,-0.1093887579077012,0.0,1.0,0.0,1.0,0.0,0.0,0.0,0.0,1.0,0.0
-0.19548646191953542,-1.6700272599381913,-1.0411315482749155,1.0,0.0,0.0,0.0,1.0,0.0,0.0,0.0,0.0,1.0
1.1108531261973464,0.8870151978813752,0.5853789875106257,0.0,1.0,0.0,0.0,0.0,0.0,1.0,0.0,1.0,0.0
0.8205554399491504,-1.3884481797616326,-0.7610701315171401,1.0,0.0,0.0,1.0,0.0,0.0,0.0,0.0,1.0,0.0
-0.05033761879543743,0.5978258722946398,0.22453062361118495,1.0,0.0,0.0,0.0,0.0,1.0,0.0,0.0,1.0,0.0
-0.12291204035748642,0.9935586336238575,1.66792407920895,1.0,0.0,0.0,0.0,0.0,0.0,1.0,0.0,1.0,0.0
-0.8486562559779763,1.6023782664380402,-1.1003753095121374,1.0,0.0,1.0,0.0,0.0,0.0,0.0,0.0,0.0,1.0
0.7479810183871014,0.7348102896778296,-1.2888781861760246,0.0,1.0,0.0,0.0,0.0,0.0,1.0,1.0,0.0,0.0
0.022236802766611552,1.0772713331358073,-0.3409780063804768,1.0,0.0,0.0,0.0,0.0,1.0,0.0,0.0,0.0,1.0
-0.48578414816773136,-0.6045929025133717,-0.055530793146590554,0.0,1.0,0.0,0.0,0.0,0.0,1.0,1.0,0.0,0.0
0.7479810183871014,0.8717947070610215,1.1293444315978436,1.0,0.0,0.0,1.0,0.0,0.0,0.0,0.0,1.0,0.0
1.1108531261973464,-1.0840383633545414,-0.34636380285658835,1.0,0.0,0.0,0.0,0.0,1.0,0.0,0.0,0.0,1.0
0.3851089105768565,1.4501733582344944,0.5045920403689597,0.0,1.0,0.0,1.0,0.0,0.0,0.0,0.0,0.0,1.0
1.0382787046352975,1.3969016403632544,-1.4019799121743566,1.0,0.0,0.0,0.0,1.0,0.0,0.0,1.0,0.0,0.0
1.5462996555696402,-1.548263333375355,-0.5348666795204756,1.0,0.0,1.0,0.0,0.0,0.0,0.0,1.0,0.0,0.0
0.8205554399491504,0.5597746452437533,0.05757093285174149,1.0,0.0,0.0,0.0,0.0,1.0,0.0,0.0,1.0,0.0
-0.7035074128538783,1.678480720539813,0.5853789875106257,1.0,0.0,1.0,0.0,0.0,0.0,0.0,1.0,0.0,0.0
-1.574400471598466,-0.7415773198965636,-1.601254381790466,1.0,0.0,0.0,1.0,0.0,0.0,0.0,0.0,0.0,1.0
-0.7035074128538783,-0.0033835151093659648,0.1706726588500743,1.0,0.0,0.0,0.0,0.0,1.0,0.0,1.0,0.0,0.0
0.16738564589070953,1.6480397388991035,-1.4827668593160226,0.0,1.0,0.0,0.0,0.0,1.0,0.0,1.0,0.0,0.0
1.6914484986937381,0.36190826457914227,0.8492830148400681,1.0,0.0,0.0,0.0,0.0,0.0,1.0,0.0,1.0,0.0
-0.3406353050436334,-1.1144793449952488,-1.1811622566538034,0.0,1.0,0.0,0.0,0.0,0.0,1.0,1.0,0.0,0.0
-1.2841027853502702,0.06510869358223001,-0.5456382724726979,0.0,1.0,1.0,0.0,0.0,0.0,0.0,1.0,0.0,0.0
-0.19548646191953542,0.643487344755703,1.4794212025450628,1.0,0.0,0.0,0.0,0.0,0.0,1.0,1.0,0.0,0.0
-0.2680608834815844,-1.297125234839504,0.337632349609517,0.0,1.0,1.0,0.0,0.0,0.0,0.0,0.0,0.0,1.0
0.8931298615111994,0.963117651983148,0.3107033672289617,0.0,1.0,0.0,0.0,0.0,0.0,1.0,0.0,1.0,0.0
0.8205554399491504,1.6556499843092802,-1.2942639826521354,1.0,0.0,0.0,0.0,0.0,1.0,0.0,1.0,0.0,0.0
1.5462996555696402,-1.616755542066951,-0.5079376971399202,0.0,1.0,0.0,0.0,0.0,1.0,0.0,0.0,0.0,1.0
0.6028321752630035,-1.1373100812257815,-1.2727207967476912,1.0,0.0,1.0,0.0,0.0,0.0,0.0,0.0,0.0,1.0
0.3851089105768565,0.8641844616508446,0.3968761108467384,0.0,1.0,0.0,0.0,1.0,0.0,0.0,0.0,1.0,0.0
1.4011508124455423,-0.33823431315716684,1.1347302280739544,1.0,0.0,0.0,0.0,0.0,1.0,0.0,0.0,1.0,0.0
1.6914484986937381,1.5491065485668,0.6715517311284032,1.0,0.0,0.0,0.0,0.0,1.0,0.0,0.0,0.0,1.0
0.23996006745275852,-1.5330428425549993,0.8492830148400681,1.0,0.0,0.0,1.0,0.0,0.0,0.0,1.0,0.0,0.0
0.3851089105768565,0.30102630129772534,0.39149031437062765,1.0,0.0,0.0,1.0,0.0,0.0,0.0,0.0,1.0,0.0
-1.646974893160515,-0.0033835151093659648,1.5494365567345065,1.0,0.0,0.0,0.0,1.0,0.0,0.0,0.0,1.0,0.0
1.2560019693214444,0.514113172782688,-1.251177610843247,1.0,0.0,1.0,0.0,0.0,0.0,0.0,1.0,0.0,0.0
-0.9212306775400253,0.3086365467079022,0.34301814608562775,0.0,1.0,0.0,0.0,1.0,0.0,0.0,0.0,1.0,0.0
-1.646974893160515,-1.616755542066951,-1.2942639826521354,1.0,0.0,0.0,1.0,0.0,0.0,0.0,0.0,1.0,0.0
-0.6309329912918293,0.39234924621985184,1.6625382827328385,0.0,1.0,0.0,0.0,1.0,0.0,0.0,0.0,0.0,1.0
-1.4292516284743682,0.9935586336238575,-1.660498143027688,1.0,0.0,1.0,0.0,0.0,0.0,0.0,0.0,0.0,1.0
1.4011508124455423,-0.5741519208726621,1.5009643884495065,0.0,1.0,1.0,0.0,0.0,0.0,0.0,1.0,0.0,0.0
-1.574400471598466,1.5262758123362674,0.5907647839867372,1.0,0.0,0.0,1.0,0.0,0.0,0.0,0.0,0.0,1.0
-1.7195493147225642,0.44562096409109414,0.41841929675118295,1.0,0.0,1.0,0.0,0.0,0.0,0.0,1.0,0.0,0.0
1.3285763908834933,-1.1449203266359582,-1.7035845148365762,0.0,1.0,0.0,0.0,1.0,0.0,0.0,0.0,1.0,0.0
0.09481122432866054,-1.4417198976328727,-1.1111469024643592,1.0,0.0,0.0,1.0,0.0,0.0,0.0,0.0,1.0,0.0
1.4737252340075913,0.8794049524711983,0.7523386782700691,0.0,1.0,1.0,0.0,0.0,0.0,0.0,1.0,0.0,0.0
0.9657042830732484,-0.24691136823504028,-0.7933849103738065,1.0,0.0,0.0,0.0,0.0,1.0,0.0,0.0,0.0,1.0
0.6754065968250524,-0.5741519208726621,0.10604310113674137,0.0,1.0,0.0,0.0,1.0,0.0,0.0,0.0,0.0,1.0
0.022236802766611552,0.6358770993455262,0.5853789875106257,0.0,1.0,1.0,0.0,0.0,0.0,0.0,0.0,0.0,1.0
-0.5583585697297804,0.47606194573180155,1.7217820439700606,0.0,1.0,0.0,1.0,0.0,0.0,0.0,0.0,0.0,1.0
-0.9938050991020743,-1.5102121063244687,-0.8957150434199167,1.0,0.0,0.0,0.0,0.0,0.0,1.0,1.0,0.0,0.0
0.23996006745275852,1.6175987572583939,0.2299164200872957,0.0,1.0,0.0,1.0,0.0,0.0,0.0,1.0,0.0,0.0
1.5462996555696402,0.7195897988574759,-0.8849434504676947,0.0,1.0,1.0,0.0,0.0,0.0,0.0,0.0,0.0,1.0
-1.7195493147225642,-1.3656174435311,0.9569989443622894,1.0,0.0,0.0,0.0,0.0,0.0,1.0,1.0,0.0,0.0
0.7479810183871014,0.4227902278605614,-1.515081638172689,0.0,1.0,0.0,0.0,0.0,1.0,0.0,0.0,0.0,1.0
-1.574400471598466,-0.3762855402080532,-1.2996497791282464,0.0,1.0,0.0,0.0,0.0,1.0,0.0,0.0,0.0,1.0
0.4576833321389055,-1.304735480249681,1.0485574844561776,1.0,0.0,1.0,0.0,0.0,0.0,0.0,0.0,1.0,0.0
0.7479810183871014,-0.5969826571031949,0.9677705373145117,0.0,1.0,0.0,0.0,0.0,1.0,0.0,0.0,0.0,1.0
-0.6309329912918293,-1.677637505348368,0.06834252580396377,1.0,0.0,0.0,0.0,1.0,0.0,0.0,0.0,0.0,1.0
-0.7760818344159273,0.46084145491144785,0.7092523064611808,0.0,1.0,0.0,1.0,0.0,0.0,0.0,0.0,0.0,1.0
0.16738564589070953,-1.1144793449952488,0.8061966430311798,0.0,1.0,1.0,0.0,0.0,0.0,0.0,1.0,0.0,0.0
-1.5018260500364171,-0.840510510228867,-0.5079376971399202,0.0,1.0,0.0,0.0,1.0,0.0,0.0,0.0,0.0,1.0
0.09481122432866054,0.6510975901658799,-0.23864787333436704,1.0,0.0,0.0,0.0,0.0,0.0,1.0,1.0,0.0,0.0
1.6188740771316892,-0.4676084851301798,-0.2063330944777002,1.0,0.0,0.0,1.0,0.0,0.0,0.0,0.0,1.0,0.0
0.8205554399491504,-0.6959158474354983,-0.12554614733603423,1.0,0.0,0.0,0.0,0.0,0.0,1.0,0.0,0.0,1.0
-1.2841027853502702,0.6206566085251704,1.6140661144478394,1.0,0.0,1.0,0.0,0.0,0.0,0.0,1.0,0.0,0.0
0.022236802766611552,1.0392201060849209,1.3986342554033968,1.0,0.0,1.0,0.0,0.0,0.0,0.0,0.0,0.0,1.0
0.6028321752630035,0.9707278973933249,0.7200238994134023,0.0,1.0,0.0,0.0,1.0,0.0,0.0,0.0,0.0,1.0
-0.12291204035748642,-0.6730851112049677,1.732553636922283,0.0,1.0,0.0,0.0,0.0,0.0,1.0,0.0,1.0,0.0
-0.9212306775400253,-1.1601408174563141,1.2909183258811756,1.0,0.0,0.0,0.0,1.0,0.0,0.0,0.0,0.0,1.0
0.09481122432866054,-1.2895149894293272,-1.6497265500754656,0.0,1.0,1.0,0.0,0.0,0.0,0.0,0.0,1.0,0.0
0.6754065968250524,-1.304735480249681,-0.513323493616031,0.0,1.0,0.0,0.0,1.0,0.0,0.0,0.0,1.0,0.0
0.8931298615111994,0.5369439090132206,-0.15247512971658955,1.0,0.0,0.0,0.0,0.0,1.0,0.0,0.0,1.0,0.0
0.23996006745275852,1.0772713331358073,-0.8687860610393613,1.0,0.0,0.0,0.0,0.0,0.0,1.0,1.0,0.0,0.0
0.8931298615111994,1.031609860674744,1.4363348307361743,1.0,0.0,0.0,0.0,0.0,0.0,1.0,1.0,0.0,0.0
1.1834275477593954,0.3238570375282559,-1.7251277007410204,0.0,1.0,0.0,0.0,0.0,0.0,1.0,0.0,0.0,1.0
-1.5018260500364171,1.1457635418274033,-0.28712004161936616,0.0,1.0,0.0,0.0,0.0,0.0,1.0,0.0,1.0,0.0
-0.12291204035748642,1.290358204620772,1.5440507602583957,0.0,1.0,0.0,1.0,0.0,0.0,0.0,1.0,0.0,0.0
0.3125344890148075,-0.718746583666031,1.4686496095928405,0.0,1.0,0.0,1.0,0.0,0.0,0.0,1.0,0.0,0.0
1.2560019693214444,1.7165319475906995,0.7792676606506244,1.0,0.0,0.0,0.0,0.0,0.0,1.0,0.0,0.0,1.0
-1.5018260500364171,1.480614339875204,0.22453062361118495,1.0,0.0,0.0,1.0,0.0,0.0,0.0,0.0,0.0,1.0
-1.1389539422261723,-0.6198133933337254,-1.2781065932238023,1.0,0.0,0.0,0.0,0.0,0.0,1.0,0.0,0.0,1.0
-1.574400471598466,-1.1981920445072005,0.3268607566572947,1.0,0.0,0.0,0.0,0.0,1.0,0.0,1.0,0.0,0.0
1.5462996555696402,0.711979553447299,-1.2834923896999135,1.0,0.0,0.0,1.0,0.0,0.0,0.0,0.0,1.0,0.0
0.3851089105768565,-0.9698846822018822,0.7146381029372915,0.0,1.0,0.0,0.0,1.0,0.0,0.0,0.0,0.0,1.0
1.4011508124455423,-1.228633026147908,0.12220049056507441,1.0,0.0,0.0,0.0,1.0,0.0,0.0,0.0,0.0,1.0
0.3851089105768565,-0.5817621662828389,-0.10400296143159043,1.0,0.0,0.0,0.0,0.0,1.0,0.0,0.0,0.0,1.0
0.8205554399491504,-0.1784191595434443,-0.6910547773276959,0.0,1.0,0.0,0.0,1.0,0.0,0.0,0.0,0.0,1.0
0.3125344890148075,0.8033024983694256,-0.6264252196143638,1.0,0.0,1.0,0.0,0.0,0.0,0.0,0.0,0.0,1.0
-0.6309329912918293,0.6358770993455262,-0.22249048390603401,1.0,0.0,0.0,1.0,0.0,0.0,0.0,0.0,1.0,0.0
-0.12291204035748642,-0.14797817790273476,-1.5904827888382438,1.0,0.0,0.0,0.0,0.0,0.0,1.0,0.0,1.0,0.0
0.3851089105768565,0.9326766703424385,-0.3786785817132544,0.0,1.0,0.0,0.0,0.0,0.0,1.0,0.0,1.0,0.0
0.3125344890148075,-1.2742944986089735,1.107801245693399,1.0,0.0,0.0,0.0,0.0,1.0,0.0,0.0,1.0,0.0
0.09481122432866054,0.5217234181928669,1.2101313787395096,0.0,1.0,0.0,0.0,0.0,0.0,1.0,0.0,0.0,1.0
1.5462996555696402,1.2523069775698856,1.587137132067284,1.0,0.0,0.0,0.0,0.0,1.0,0.0,0.0,0.0,1.0
-0.4132097266056824,-0.38389578561823007,1.41479164483173,1.0,0.0,0.0,1.0,0.0,0.0,0.0,0.0,1.0,0.0
1.3285763908834933,-1.236243271558087,0.4830488544645159,0.0,1.0,1.0,0.0,0.0,0.0,0.0,0.0,1.0,0.0
-1.7195493147225642,0.643487344755703,-1.6443407535993546,1.0,0.0,0.0,0.0,0.0,0.0,1.0,0.0,0.0,1.0
1.4737252340075913,1.5491065485668,1.0000853161711778,1.0,0.0,0.0,0.0,0.0,0.0,1.0,0.0,0.0,1.0
-1.7195493147225642,1.3816811495428987,-0.3894501746654767,1.0,0.0,1.0,0.0,0.0,0.0,0.0,0.0,1.0,0.0
-0.9938050991020743,0.9478971611627943,0.48843465094062666,1.0,0.0,0.0,0.0,0.0,0.0,1.0,0.0,1.0,0.0
1.6914484986937381,0.08793942981276055,1.027014298551733,0.0,1.0,0.0,1.0,0.0,0.0,0.0,1.0,0.0,0.0
0.23996006745275852,0.574995136064107,-1.0519031412271374,1.0,0.0,0.0,0.0,1.0,0.0,0.0,1.0,0.0,0.0
0.6028321752630035,-0.8785617372797534,-0.7879991138976954,1.0,0.0,0.0,0.0,1.0,0.0,0.0,0.0,0.0,1.0
0.4576833321389055,1.7013114567703458,1.328618901213953,1.0,0.0,0.0,0.0,0.0,1.0,0.0,0.0,0.0,1.0
1.4737252340075913,0.06510869358223001,0.1329720835172967,1.0,0.0,0.0,0.0,0.0,0.0,1.0,0.0,0.0,1.0
0.09481122432866054,0.7500307804981854,0.17605845532618505,1.0,0.0,0.0,0.0,0.0,1.0,0.0,1.0,0.0,0.0
-0.05033761879543743,-0.5132699575912452,1.1993597857872873,0.0,1.0,0.0,1.0,0.0,0.0,0.0,1.0,0.0,0.0
-0.19548646191953542,-0.5437109392319526,0.16528686237396278,1.0,0.0,1.0,0.0,0.0,0.0,0.0,0.0,0.0,1.0
-1.0663795206641233,0.11838041145347013,0.27300279189618404,0.0,1.0,0.0,0.0,0.0,0.0,1.0,0.0,1.0,0.0
-0.5583585697297804,-0.8861719826899302,0.2783885883722956,1.0,0.0,0.0,0.0,0.0,0.0,1.0,1.0,0.0,0.0
-0.8486562559779763,-1.4036686705819863,-0.5564098654249193,0.0,1.0,0.0,1.0,0.0,0.0,0.0,0.0,0.0,1.0
0.23996006745275852,-0.5741519208726621,0.3268607566572947,1.0,0.0,0.0,1.0,0.0,0.0,0.0,0.0,0.0,1.0
1.1108531261973464,-0.026214251339898676,-0.9657303976093607,1.0,0.0,0.0,0.0,0.0,1.0,0.0,0.0,0.0,1.0
-0.48578414816773136,1.351240167902189,1.0216285020756224,0.0,1.0,1.0,0.0,0.0,0.0,0.0,0.0,1.0,0.0
-0.8486562559779763,0.8033024983694256,0.8115824395072905,1.0,0.0,0.0,0.0,0.0,1.0,0.0,0.0,1.0,0.0
-1.2115283637882213,0.2020931109654198,-0.4056075640938097,0.0,1.0,1.0,0.0,0.0,0.0,0.0,0.0,0.0,1.0
1.0382787046352975,-0.2849625952859267,-1.4504520804593566,1.0,0.0,0.0,1.0,0.0,0.0,0.0,0.0,0.0,1.0
0.7479810183871014,0.8717947070610215,0.41841929675118295,1.0,0.0,0.0,0.0,1.0,0.0,0.0,0.0,1.0,0.0
-1.0663795206641233,-1.0155461546629454,1.6248377074000617,0.0,1.0,0.0,0.0,0.0,0.0,1.0,0.0,0.0,1.0
-0.12291204035748642,-1.434109652222696,-1.3965941156982458,1.0,0.0,0.0,0.0,0.0,0.0,1.0,0.0,0.0,1.0
0.9657042830732484,1.678480720539813,0.8438972183639574,1.0,0.0,0.0,1.0,0.0,0.0,0.0,0.0,0.0,1.0
0.4576833321389055,1.412122131183608,0.7684960676984022,0.0,1.0,1.0,0.0,0.0,0.0,0.0,0.0,0.0,1.0
-1.574400471598466,0.5217234181928669,-0.2440336698104778,0.0,1.0,0.0,1.0,0.0,0.0,0.0,0.0,0.0,1.0
1.4737252340075913,-1.0079359092527684,0.6284653593195147,1.0,0.0,0.0,0.0,0.0,0.0,1.0,0.0,0.0,1.0
0.8931298615111994,1.5947680210278634,0.7577244747461799,1.0,0.0,0.0,0.0,0.0,1.0,0.0,1.0,0.0,0.0
-1.0663795206641233,1.5643270393871538,0.12220049056507441,1.0,0.0,0.0,1.0,0.0,0.0,0.0,0.0,0.0,1.0
1.4011508124455423,-0.38389578561823007,-0.2709626521910331,1.0,0.0,0.0,0.0,1.0,0.0,0.0,0.0,1.0,0.0
-1.4292516284743682,0.23253409260612937,-0.2440336698104778,0.0,1.0,0.0,0.0,0.0,0.0,1.0,1.0,0.0,0.0
-0.05033761879543743,-0.3001830861062804,-0.02860181076603523,0.0,1.0,1.0,0.0,0.0,0.0,0.0,0.0,1.0,0.0
1.3285763908834933,-1.5863145604262416,1.2424461575961756,1.0,0.0,1.0,0.0,0.0,0.0,0.0,0.0,1.0,0.0
-0.05033761879543743,1.1153225601866936,0.9677705373145117,1.0,0.0,0.0,0.0,0.0,1.0,0.0,0.0,1.0,0.0
-1.5018260500364171,-0.13275768708238106,-1.251177610843247,0.0,1.0,0.0,0.0,0.0,0.0,1.0,0.0,1.0,0.0
-1.574400471598466,-0.9927154184324126,0.9031409796011788,1.0,0.0,0.0,1.0,0.0,0.0,0.0,0.0,1.0,0.0
0.16738564589070953,-1.099258854174895,1.1185728386456213,0.0,1.0,0.0,0.0,1.0,0.0,0.0,0.0,1.0,0.0
-1.2841027853502702,0.1868726201450661,0.816968235983402,0.0,1.0,0.0,0.0,0.0,0.0,1.0,0.0,1.0,0.0
-1.0663795206641233,0.8565742162406657,-0.922644025800472,1.0,0.0,1.0,0.0,0.0,0.0,0.0,0.0,1.0,0.0
0.09481122432866054,1.6099885118482171,0.9569989443622894,1.0,0.0,0.0,0.0,0.0,1.0,0.0,1.0,0.0,0.0
-0.8486562559779763,-1.3808379343514536,-0.992659379989916,0.0,1.0,0.0,1.0,0.0,0.0,0.0,1.0,0.0,0.0
0.8205554399491504,1.5871577756176865,-1.148847477797137,1.0,0.0,0.0,0.0,0.0,1.0,0.0,0.0,1.0,0.0
0.3851089105768565,0.08793942981276055,-1.5258532311249113,1.0,0.0,0.0,0.0,0.0,1.0,0.0,0.0,0.0,1.0
0.7479810183871014,-1.548263333375355,0.7307954923656246,1.0,0.0,0.0,0.0,0.0,1.0,0.0,1.0,0.0,0.0
0.022236802766611552,1.3816811495428987,0.10604310113674137,0.0,1.0,0.0,0.0,0.0,0.0,1.0,1.0,0.0,0.0
-0.48578414816773136,-1.0231564000731221,1.107801245693399,1.0,0.0,0.0,0.0,0.0,0.0,1.0,1.0,0.0,0.0
-0.9938050991020743,-0.8100695285881575,-1.3750509297938014,0.0,1.0,1.0,0.0,0.0,0.0,0.0,1.0,0.0,0.0
-0.6309329912918293,-0.9394437005611725,1.247831954072287,0.0,1.0,0.0,0.0,0.0,0.0,1.0,1.0,0.0,0.0
0.8205554399491504,-1.6395862782974817,-1.170390663701581,0.0,1.0,1.0,0.0,0.0,0.0,0.0,0.0,1.0,0.0
0.7479810183871014,1.1229328055968706,0.9839279267428447,1.0,0.0,0.0,0.0,1.0,0.0,0.0,1.0,0.0,0.0
0.3125344890148075,-0.4219470126691165,-1.3588935403654683,1.0,0.0,1.0,0.0,0.0,0.0,0.0,1.0,0.0,0.0
-0.9212306775400253,-0.9242232097408167,-1.1811622566538034,0.0,1.0,1.0,0.0,0.0,0.0,0.0,0.0,1.0,0.0
1.3285763908834933,1.2142557505189993,0.6338511557956256,0.0,1.0,0.0,1.0,0.0,0.0,0.0,1.0,0.0,0.0
0.8205554399491504,-1.5178223517346456,-1.515081638172689,1.0,0.0,0.0,1.0,0.0,0.0,0.0,0.0,1.0,0.0
-0.9938050991020743,-1.228633026147908,-0.14170353676436803,1.0,0.0,0.0,0.0,0.0,0.0,1.0,0.0,0.0,1.0
-0.7035074128538783,0.08032918440258371,0.04141354342340845,0.0,1.0,0.0,1.0,0.0,0.0,0.0,0.0,0.0,1.0
-1.574400471598466,0.019447221121164586,0.6769375276045139,0.0,1.0,1.0,0.0,0.0,0.0,0.0,0.0,1.0,0.0
1.6914484986937381,0.9707278973933249,-0.09323136847936815,1.0,0.0,0.0,0.0,1.0,0.0,0.0,0.0,0.0,1.0
0.9657042830732484,0.2781955650671926,0.8331256254117351,1.0,0.0,1.0,0.0,0.0,0.0,0.0,0.0,0.0,1.0
-1.7195493147225642,1.3740709041327217,-0.07707397905103512,0.0,1.0,0.0,0.0,0.0,1.0,0.0,0.0,1.0,0.0
-0.3406353050436334,0.057498448172051,-0.319434820476033,1.0,0.0,1.0,0.0,0.0,0.0,0.0,1.0,0.0,0.0
-1.1389539422261723,-0.840510510228867,0.6769375276045139,0.0,1.0,0.0,0.0,0.0,0.0,1.0,0.0,0.0,1.0
1.4737252340075913,1.0087791244442113,-0.03398760724214676,0.0,1.0,1.0,0.0,0.0,0.0,0.0,0.0,1.0,0.0
-0.7035074128538783,0.04988820276187415,0.7792676606506244,0.0,1.0,0.0,0.0,1.0,0.0,0.0,1.0,0.0,0.0
-1.646974893160515,-1.2514637623784408,-0.26019105923881086,1.0,0.0,1.0,0.0,0.0,0.0,0.0,0.0,1.0,0.0
-0.9212306775400253,-0.909002718920463,-0.36252119228492136,0.0,1.0,1.0,0.0,0.0,0.0,0.0,0.0,0.0,1.0
-0.8486562559779763,-0.05665523298060824,-1.2404060178910248,0.0,1.0,0.0,1.0,0.0,0.0,0.0,0.0,1.0,0.0
0.9657042830732484,1.5871577756176865,-1.4612236734115784,0.0,1.0,0.0,0.0,1.0,0.0,0.0,0.0,1.0,0.0
0.16738564589070953,-1.3884481797616326,-1.5850969923621332,1.0,0.0,1.0,0.0,0.0,0.0,0.0,0.0,0.0,1.0
0.3125344890148075,-1.3656174435311,0.014484561042853129,1.0,0.0,0.0,0.0,1.0,0.0,0.0,1.0,0.0,0.0
-1.2841027853502702,-0.589372411693018,0.7361812888417361,1.0,0.0,0.0,0.0,0.0,1.0,0.0,0.0,1.0,0.0
-1.5018260500364171,0.4380107186809151,-1.1165326989404705,1.0,0.0,0.0,0.0,1.0,0.0,0.0,0.0,0.0,1.0
0.4576833321389055,1.0468303514950976,-0.8041565033260288,1.0,0.0,0.0,1.0,0.0,0.0,0.0,1.0,0.0,0.0
1.0382787046352975,-1.692857996168724,1.5009643884495065,0.0,1.0,0.0,1.0,0.0,0.0,0.0,0.0,1.0,0.0
0.16738564589070953,1.0239996152645672,-0.1470893332404788,1.0,0.0,0.0,0.0,0.0,0.0,1.0,1.0,0.0,0.0
1.0382787046352975,-1.6015350512465953,-0.9872735835138049,0.0,1.0,0.0,0.0,1.0,0.0,0.0,1.0,0.0,0.0
-1.2115283637882213,-0.8557310010492228,-1.4019799121743566,1.0,0.0,1.0,0.0,0.0,0.0,0.0,1.0,0.0,0.0
-0.3406353050436334,0.1868726201450661,-1.1596190707493588,0.0,1.0,0.0,1.0,0.0,0.0,0.0,0.0,1.0,0.0
-1.5018260500364171,0.17165212932471025,-1.0842179200838038,0.0,1.0,0.0,0.0,0.0,0.0,1.0,0.0,0.0,1.0
-0.2680608834815844,-1.3656174435311,1.6786956721611723,1.0,0.0,0.0,0.0,1.0,0.0,0.0,0.0,1.0,0.0
0.3851089105768565,-0.20886014118415389,-0.5079376971399202,0.0,1.0,0.0,0.0,1.0,0.0,0.0,0.0,1.0,0.0
-0.2680608834815844,1.5034450761057347,-0.43792234295047655,0.0,1.0,0.0,1.0,0.0,0.0,0.0,0.0,0.0,1.0
-1.574400471598466,-0.8709514918695765,1.0808722633128438,1.0,0.0,0.0,0.0,0.0,0.0,1.0,0.0,1.0,0.0
-0.7760818344159273,-0.48282897595053564,0.28377438484840634,1.0,0.0,0.0,1.0,0.0,0.0,0.0,0.0,0.0,1.0
-1.1389539422261723,-1.2058022899173775,1.1670450069306213,1.0,0.0,1.0,0.0,0.0,0.0,0.0,0.0,0.0,1.0
1.3285763908834933,-0.04143474216025238,-0.08245977552714587,0.0,1.0,1.0,0.0,0.0,0.0,0.0,1.0,0.0,0.0
1.4737252340075913,1.2599172229800624,0.7900392536028467,1.0,0.0,0.0,1.0,0.0,0.0,0.0,0.0,0.0,1.0
-1.1389539422261723,-0.8937822281001093,0.20837323418285114,1.0,0.0,1.0,0.0,0.0,0.0,0.0,0.0,0.0,1.0
0.8931298615111994,0.30102630129772534,-0.6425826090426968,1.0,0.0,0.0,0.0,1.0,0.0,0.0,1.0,0.0,0.0
-0.9212306775400253,-0.6806953566151446,1.6248377074000617,0.0,1.0,0.0,0.0,1.0,0.0,0.0,0.0,1.0,0.0
-0.3406353050436334,-1.304735480249681,-0.23864787333436704,1.0,0.0,0.0,1.0,0.0,0.0,0.0,1.0,0.0,0.0
-0.05033761879543743,-1.6700272599381913,0.3753329249422946,0.0,1.0,1.0,0.0,0.0,0.0,0.0,1.0,0.0,0.0
0.16738564589070953,1.0087791244442113,-1.2888781861760246,1.0,0.0,0.0,0.0,0.0,1.0,0.0,1.0,0.0,0.0
1.1108531261973464,-0.21647038659433074,-1.31580716855658,0.0,1.0,0.0,0.0,1.0,0.0,0.0,1.0,0.0,0.0
1.5462996555696402,0.04988820276187415,0.531521022749515,0.0,1.0,0.0,0.0,0.0,0.0,1.0,1.0,0.0,0.0
-1.3566772069123192,-1.1144793449952488,-1.5635538064576886,1.0,0.0,1.0,0.0,0.0,0.0,0.0,0.0,0.0,1.0
0.5302577537009545,-0.07187572380096194,-0.30327743104769994,1.0,0.0,0.0,1.0,0.0,0.0,0.0,1.0,0.0,0.0
0.6028321752630035,-1.228633026147908,0.19760164123062962,1.0,0.0,0.0,0.0,1.0,0.0,0.0,1.0,0.0,0.0
-0.7035074128538783,-1.6471965237076585,0.1329720835172967,0.0,1.0,0.0,0.0,0.0,0.0,1.0,1.0,0.0,0.0
-1.646974893160515,0.384739000809675,0.14374367646951897,1.0,0.0,0.0,0.0,0.0,0.0,1.0,0.0,0.0,1.0
-0.19548646191953542,0.31624679211807905,-1.5527822135054667,0.0,1.0,0.0,0.0,0.0,0.0,1.0,0.0,1.0,0.0
1.5462996555696402,1.2599172229800624,-0.9711161940854715,1.0,0.0,0.0,0.0,1.0,0.0,0.0,0.0,0.0,1.0
-0.7760818344159273,1.290358204620772,1.6140661144478394,0.0,1.0,0.0,1.0,0.0,0.0,0.0,0.0,0.0,1.0
1.6914484986937381,0.9174561795220848,-0.8472428751349171,1.0,0.0,0.0,0.0,0.0,1.0,0.0,0.0,1.0,0.0
-0.48578414816773136,-0.262131859055394,0.7361812888417361,0.0,1.0,0.0,0.0,0.0,1.0,0.0,0.0,1.0,0.0
0.6754065968250524,0.15643163850435654,-0.4056075640938097,1.0,0.0,0.0,0.0,1.0,0.0,0.0,1.0,0.0,0.0
-1.4292516284743682,-0.3458445585673437,0.33224655313340623,1.0,0.0,0.0,0.0,0.0,0.0,1.0,0.0,0.0,1.0
0.6754065968250524,0.7500307804981854,-0.9334156187526943,1.0,0.0,0.0,0.0,0.0,1.0,0.0,1.0,0.0,0.0
0.3851089105768565,-0.2240806320045076,0.44534827913173824,1.0,0.0,0.0,0.0,0.0,1.0,0.0,0.0,0.0,1.0
0.6754065968250524,-0.3762855402080532,-0.48100871475936496,0.0,1.0,0.0,0.0,1.0,0.0,0.0,1.0,0.0,0.0
-1.5018260500364171,-1.4036686705819863,-0.9388014152288054,0.0,1.0,0.0,0.0,1.0,0.0,0.0,0.0,0.0,1.0
-1.0663795206641233,0.47606194573180155,-0.4648513253310319,1.0,0.0,0.0,0.0,0.0,0.0,1.0,0.0,0.0,1.0
-0.05033761879543743,-0.8861719826899302,1.188588192835065,0.0,1.0,0.0,1.0,0.0,0.0,0.0,0.0,0.0,1.0
0.7479810183871014,-1.3199559710700366,0.4615056685600713,0.0,1.0,1.0,0.0,0.0,0.0,0.0,0.0,0.0,1.0
1.1834275477593954,0.30102630129772534,0.7684960676984022,1.0,0.0,0.0,0.0,1.0,0.0,0.0,1.0,0.0,0.0
0.5302577537009545,-0.41433676725893964,0.36994712846618305,0.0,1.0,0.0,1.0,0.0,0.0,0.0,1.0,0.0,0.0
0.16738564589070953,0.8489639708304888,0.42919088970340524,1.0,0.0,0.0,1.0,0.0,0.0,0.0,1.0,0.0,0.0
-1.2115283637882213,1.221865995929176,-1.4719952663638007,0.0,1.0,0.0,1.0,0.0,0.0,0.0,1.0,0.0,0.0
-1.3566772069123192,0.027057466531343596,-0.4756229182832534,0.0,1.0,0.0,0.0,0.0,0.0,1.0,0.0,1.0,0.0
-1.3566772069123192,-0.20886014118415389,-1.601254381790466,1.0,0.0,0.0,0.0,0.0,1.0,0.0,1.0,0.0,0.0
1.4737252340075913,0.4075697370402077,0.5638358016061819,1.0,0.0,0.0,0.0,1.0,0.0,0.0,1.0,0.0,0.0
-1.1389539422261723,1.229476241339353,0.7684960676984022,0.0,1.0,0.0,0.0,0.0,0.0,1.0,0.0,1.0,0.0
1.6188740771316892,0.5369439090132206,0.05757093285174149,1.0,0.0,0.0,1.0,0.0,0.0,0.0,0.0,0.0,1.0
-1.4292516284743682,1.5262758123362674,-0.922644025800472,1.0,0.0,0.0,1.0,0.0,0.0,0.0,0.0,1.0,0.0
0.6028321752630035,-0.6578646203846118,-1.2027054425582475,0.0,1.0,0.0,0.0,0.0,1.0,0.0,0.0,0.0,1.0
1.2560019693214444,-0.772018301537271,-1.2296344249388027,0.0,1.0,1.0,0.0,0.0,0.0,0.0,1.0,0.0,0.0
-1.2841027853502702,-0.1708089141332675,0.8762119972206234,1.0,0.0,0.0,0.0,1.0,0.0,0.0,1.0,0.0,0.0
1.6914484986937381,-1.3808379343514536,0.5746073945584041,1.0,0.0,0.0,0.0,1.0,0.0,0.0,1.0,0.0,0.0
-1.2841027853502702,-1.0003256638425895,0.7146381029372915,0.0,1.0,0.0,1.0,0.0,0.0,0.0,0.0,0.0,1.0
0.8931298615111994,1.5567167939769768,1.7056246545417275,1.0,0.0,0.0,1.0,0.0,0.0,0.0,1.0,0.0,0.0
-0.5583585697297804,-0.6806953566151446,1.41479164483173,0.0,1.0,0.0,0.0,1.0,0.0,0.0,0.0,0.0,1.0
0.022236802766611552,1.6480397388991035,0.5584500051300704,0.0,1.0,0.0,1.0,0.0,0.0,0.0,0.0,1.0,0.0
-0.19548646191953542,-1.1905817990970216,0.4238050932272937,0.0,1.0,0.0,0.0,0.0,1.0,0.0,0.0,0.0,1.0
0.6754065968250524,-0.4980494667708893,1.0647148738845107,0.0,1.0,0.0,0.0,0.0,0.0,1.0,0.0,1.0,0.0
-0.9212306775400253,0.04988820276187415,1.2424461575961756,0.0,1.0,1.0,0.0,0.0,0.0,0.0,1.0,0.0,0.0
-0.12291204035748642,0.9250664249322617,1.700238858065616,1.0,0.0,1.0,0.0,0.0,0.0,0.0,0.0,1.0,0.0
0.3851089105768565,0.47606194573180155,-0.8634002645632501,0.0,1.0,1.0,0.0,0.0,0.0,0.0,1.0,0.0,0.0
-1.574400471598466,0.057498448172051,0.897755183125068,0.0,1.0,0.0,0.0,0.0,0.0,1.0,0.0,0.0,1.0
-1.2841027853502702,-1.487381370093936,1.5440507602583957,1.0,0.0,0.0,0.0,0.0,0.0,1.0,0.0,1.0,0.0
-0.8486562559779763,-1.2210227807377312,-0.7556843350410289,0.0,1.0,1.0,0.0,0.0,0.0,0.0,1.0,0.0,0.0
-0.4132097266056824,0.9250664249322617,-1.2996497791282464,1.0,0.0,0.0,0.0,0.0,0.0,1.0,0.0,0.0,1.0
-1.2115283637882213,0.5369439090132206,0.11681469408896365,1.0,0.0,0.0,0.0,1.0,0.0,0.0,1.0,0.0,0.0
-1.1389539422261723,-0.9470539459713494,1.3878626624511745,1.0,0.0,0.0,1.0,0.0,0.0,0.0,0.0,1.0,0.0
-1.2115283637882213,0.2781955650671926,1.61945191092395,0.0,1.0,0.0,0.0,0.0,0.0,1.0,0.0,1.0,0.0
-1.646974893160515,-0.010993760519542815,-1.3804367262699124,0.0,1.0,0.0,0.0,0.0,0.0,1.0,0.0,1.0,0.0
0.3125344890148075,0.4227902278605614,-0.06091658962270208,0.0,1.0,1.0,0.0,0.0,0.0,0.0,0.0,1.0,0.0
-1.2115283637882213,0.1640418839145334,-0.29789163457158846,1.0,0.0,1.0,0.0,0.0,0.0,0.0,0.0,1.0,0.0
-0.48578414816773136,0.3238570375282559,-0.5456382724726979,1.0,0.0,1.0,0.0,0.0,0.0,0.0,1.0,0.0,0.0
-0.5583585697297804,0.8337434800101351,1.1131870421695105,0.0,1.0,0.0,0.0,0.0,0.0,1.0,0.0,0.0,1.0
0.9657042830732484,-0.650254374974435,0.6015363769389594,0.0,1.0,0.0,0.0,0.0,1.0,0.0,0.0,1.0,0.0
1.1108531261973464,1.1762045234681129,-0.7610701315171401,0.0,1.0,0.0,1.0,0.0,0.0,0.0,0.0,1.0,0.0
-1.3566772069123192,1.4349528674141407,-0.8095422998021395,1.0,0.0,0.0,0.0,0.0,1.0,0.0,1.0,0.0,0.0
0.9657042830732484,-1.5406530879651783,-0.37329278523714365,0.0,1.0,0.0,0.0,0.0,1.0,0.0,0.0,1.0,0.0
1.2560019693214444,1.6937012113601666,0.24068801303951798,0.0,1.0,0.0,0.0,0.0,1.0,0.0,0.0,0.0,1.0
-1.3566772069123192,-1.5178223517346456,1.1832023963589542,1.0,0.0,0.0,1.0,0.0,0.0,0.0,0.0,1.0,0.0
0.5302577537009545,0.0042267303008108855,-1.3965941156982458,1.0,0.0,0.0,1.0,0.0,0.0,0.0,0.0,0.0,1.0
-1.7195493147225642,1.2142557505189993,0.9085267760772895,0.0,1.0,0.0,1.0,0.0,0.0,0.0,1.0,0.0,0.0
0.16738564589070953,-1.6548067691178376,1.2586035470245087,0.0,1.0,0.0,0.0,0.0,0.0,1.0,0.0,0.0,1.0
1.4737252340075913,0.8337434800101351,0.20298743770674038,0.0,1.0,0.0,0.0,1.0,0.0,0.0,0.0,1.0,0.0
0.6028321752630035,-0.1708089141332675,0.3160891637050724,0.0,1.0,0.0,1.0,0.0,0.0,0.0,0.0,1.0,0.0
1.1108531261973464,-0.7796285469474501,-0.9603446011332496,1.0,0.0,1.0,0.0,0.0,0.0,0.0,0.0,1.0,0.0
0.6028321752630035,-1.5102121063244687,-0.5510240689488086,0.0,1.0,0.0,0.0,1.0,0.0,0.0,1.0,0.0,0.0
0.6754065968250524,1.0696610877256305,-0.3409780063804768,1.0,0.0,0.0,1.0,0.0,0.0,0.0,0.0,1.0,0.0
1.4011508124455423,0.3695185099893213,-0.22787628038214477,0.0,1.0,0.0,0.0,0.0,1.0,0.0,0.0,0.0,1.0
-1.0663795206641233,0.514113172782688,1.441720627212285,1.0,0.0,1.0,0.0,0.0,0.0,0.0,0.0,0.0,1.0
-0.9938050991020743,0.9326766703424385,1.3824768659750637,1.0,0.0,0.0,1.0,0.0,0.0,0.0,1.0,0.0,0.0
-1.5018260500364171,0.3314672829384349,0.7631102712222914,0.0,1.0,1.0,0.0,0.0,0.0,0.0,0.0,0.0,1.0
1.1834275477593954,1.4958348306955578,0.8923693866489565,1.0,0.0,0.0,0.0,0.0,0.0,1.0,0.0,1.0,0.0
1.6188740771316892,-1.6471965237076585,-0.6210394231382523,0.0,1.0,0.0,0.0,0.0,1.0,0.0,0.0,1.0,0.0
-0.9938050991020743,0.17165212932471025,0.0952715081845191,1.0,0.0,0.0,0.0,0.0,1.0,0.0,0.0,1.0,0.0
-0.48578414816773136,-1.609145296656772,-0.2548052627627001,1.0,0.0,0.0,0.0,1.0,0.0,0.0,0.0,1.0,0.0
0.9657042830732484,0.24775458342648304,-1.4019799121743566,0.0,1.0,0.0,0.0,0.0,1.0,0.0,0.0,0.0,1.0
-1.7195493147225642,-0.25452161364521714,1.2155171752156204,0.0,1.0,1.0,0.0,0.0,0.0,0.0,1.0,0.0,0.0
0.022236802766611552,0.574995136064107,0.8546688113161789,1.0,0.0,1.0,0.0,0.0,0.0,0.0,0.0,0.0,1.0
-1.0663795206641233,0.6282668539353472,0.65539434170007,1.0,0.0,0.0,0.0,0.0,1.0,0.0,1.0,0.0,0.0
0.6754065968250524,0.48367219114198057,-0.4648513253310319,0.0,1.0,0.0,0.0,0.0,0.0,1.0,1.0,0.0,0.0
0.022236802766611552,-1.6700272599381913,-0.8687860610393613,1.0,0.0,1.0,0.0,0.0,0.0,0.0,0.0,0.0,1.0
0.3851089105768565,0.8489639708304888,0.0952715081845191,0.0,1.0,1.0,0.0,0.0,0.0,0.0,0.0,0.0,1.0
1.6188740771316892,-1.5330428425549993,-0.7933849103738065,0.0,1.0,0.0,0.0,0.0,1.0,0.0,1.0,0.0,0.0
-0.9938050991020743,-1.4417198976328727,1.506350184925618,0.0,1.0,0.0,0.0,0.0,0.0,1.0,1.0,0.0,0.0
-0.9212306775400253,-1.0231564000731221,1.0377858915039553,0.0,1.0,0.0,0.0,0.0,0.0,1.0,1.0,0.0,0.0
0.022236802766611552,0.4075697370402077,-0.6210394231382523,1.0,0.0,0.0,0.0,1.0,0.0,0.0,0.0,1.0,0.0
-1.5018260500364171,-0.589372411693018,0.7792676606506244,0.0,1.0,0.0,0.0,0.0,0.0,1.0,0.0,0.0,1.0
1.1834275477593954,0.43040047327073827,1.247831954072287,1.0,0.0,0.0,1.0,0.0,0.0,0.0,0.0,1.0,0.0
-0.3406353050436334,-1.2666842531987943,0.5746073945584041,0.0,1.0,0.0,0.0,0.0,1.0,0.0,0.0,0.0,1.0
0.09481122432866054,-0.45238799430982607,-1.0842179200838038,1.0,0.0,0.0,0.0,0.0,0.0,1.0,1.0,0.0,0.0
0.6754065968250524,1.15337378723758,-1.094989513036026,1.0,0.0,1.0,0.0,0.0,0.0,0.0,0.0,1.0,0.0
-1.2115283637882213,0.2629750742468389,1.4632638131167297,1.0,0.0,1.0,0.0,0.0,0.0,0.0,0.0,0.0,1.0
0.6754065968250524,-0.6883056020253214,-0.01783021781381295,0.0,1.0,0.0,0.0,1.0,0.0,0.0,0.0,1.0,0.0
0.8931298615111994,-1.4645506338634056,0.22453062361118495,1.0,0.0,0.0,1.0,0.0,0.0,0.0,1.0,0.0,0.0
0.09481122432866054,1.4349528674141407,1.5386649637822842,0.0,1.0,1.0,0.0,0.0,0.0,0.0,0.0,0.0,1.0
-0.5583585697297804,-0.018604005929721827,-0.7556843350410289,1.0,0.0,1.0,0.0,0.0,0.0,0.0,0.0,1.0,0.0
1.5462996555696402,0.7272000442676527,-1.2727207967476912,0.0,1.0,1.0,0.0,0.0,0.0,0.0,1.0,0.0,0.0
-1.2115283637882213,0.027057466531343596,-1.0519031412271374,0.0,1.0,0.0,0.0,1.0,0.0,0.0,0.0,1.0,0.0
-0.9212306775400253,-0.35345480397752055,-1.5204674346488003,1.0,0.0,0.0,1.0,0.0,0.0,0.0,0.0,0.0,1.0
1.5462996555696402,0.7576410259083622,-0.9388014152288054,0.0,1.0,0.0,0.0,1.0,0.0,0.0,0.0,1.0,0.0
-0.9938050991020743,0.9935586336238575,0.2514596059917403,1.0,0.0,0.0,1.0,0.0,0.0,0.0,0.0,1.0,0.0
0.09481122432866054,1.6023782664380402,0.6500085452239586,1.0,0.0,0.0,0.0,1.0,0.0,0.0,1.0,0.0,0.0
-1.2841027853502702,-0.9242232097408167,-0.9495730081810273,0.0,1.0,0.0,0.0,0.0,0.0,1.0,1.0,0.0,0.0
0.3851089105768565,1.6328192480787498,-1.4612236734115784,0.0,1.0,0.0,0.0,0.0,0.0,1.0,1.0,0.0,0.0
-1.7195493147225642,1.0468303514950976,0.43996248265562754,1.0,0.0,0.0,1.0,0.0,0.0,0.0,1.0,0.0,0.0
1.4737252340075913,-0.5437109392319526,-0.5187092900921425,1.0,0.0,0.0,0.0,0.0,0.0,1.0,0.0,1.0,0.0
1.6914484986937381,1.2675274683902393,-1.665883939503799,1.0,0.0,0.0,1.0,0.0,0.0,0.0,1.0,0.0,0.0
-0.3406353050436334,-1.5406530879651783,1.7271678404461714,1.0,0.0,1.0,0.0,0.0,0.0,0.0,0.0,0.0,1.0
1.4011508124455423,1.6632602297194594,-0.5779530513293639,0.0,1.0,0.0,0.0,0.0,1.0,0.0,0.0,1.0,0.0
-0.2680608834815844,-1.3960584251718096,0.06295672932785301,1.0,0.0,0.0,0.0,0.0,0.0,1.0,0.0,1.0,0.0
1.1834275477593954,0.9022356887017311,-0.12554614733603423,1.0,0.0,0.0,0.0,0.0,0.0,1.0,0.0,0.0,1.0
1.6188740771316892,0.643487344755703,1.4632638131167297,0.0,1.0,0.0,0.0,0.0,1.0,0.0,1.0,0.0,0.0
1.1108531261973464,0.15643163850435654,1.328618901213953,1.0,0.0,0.0,0.0,0.0,0.0,1.0,0.0,0.0,1.0
-1.574400471598466,0.44562096409109414,-0.3086632275238107,0.0,1.0,0.0,0.0,1.0,0.0,0.0,0.0,0.0,1.0
-1.646974893160515,-1.5863145604262416,-0.6641257949471406,1.0,0.0,1.0,0.0,0.0,0.0,0.0,0.0,0.0,1.0
0.022236802766611552,1.1381532964172263,-1.0572889377032486,1.0,0.0,0.0,0.0,1.0,0.0,0.0,0.0,0.0,1.0
1.6914484986937381,-0.9927154184324126,0.0037129680906308484,1.0,0.0,0.0,1.0,0.0,0.0,0.0,0.0,0.0,1.0
1.2560019693214444,1.0011688790340345,-0.9657303976093607,1.0,0.0,0.0,0.0,0.0,0.0,1.0,0.0,1.0,0.0
-0.12291204035748642,0.11838041145347013,-1.7251277007410204,1.0,0.0,0.0,0.0,1.0,0.0,0.0,0.0,0.0,1.0
-1.7195493147225642,-1.1829715536868448,-1.3211929650326906,1.0,0.0,1.0,0.0,0.0,0.0,0.0,0.0,0.0,1.0
1.6188740771316892,0.9783381428035038,0.38071872141840535,0.0,1.0,0.0,1.0,0.0,0.0,0.0,0.0,1.0,0.0
0.09481122432866054,-0.772018301537271,-1.154233274273248,0.0,1.0,0.0,0.0,0.0,1.0,0.0,0.0,1.0,0.0
0.23996006745275852,-1.1220895904054278,-0.3302064134282553,0.0,1.0,1.0,0.0,0.0,0.0,0.0,0.0,0.0,1.0
1.4011508124455423,0.4227902278605614,-1.068060530655471,1.0,0.0,0.0,0.0,0.0,1.0,0.0,0.0,0.0,1.0
-0.12291204035748642,-1.297125234839504,-1.498924248744356,1.0,0.0,0.0,0.0,0.0,1.0,0.0,0.0,1.0,0.0
-1.2115283637882213,-1.692857996168724,1.5763655391150617,0.0,1.0,0.0,1.0,0.0,0.0,0.0,1.0,0.0,0.0
-0.2680608834815844,1.0239996152645672,1.2316745646439533,1.0,0.0,1.0,0.0,0.0,0.0,0.0,1.0,0.0,0.0
-0.12291204035748642,-0.33823431315716684,-0.5725672548532532,0.0,1.0,0.0,0.0,0.0,1.0,0.0,0.0,1.0,0.0
0.4576833321389055,0.4227902278605614,1.7217820439700606,0.0,1.0,0.0,0.0,0.0,1.0,0.0,0.0,1.0,0.0
0.23996006745275852,1.5338860577464442,-0.416379157046032,0.0,1.0,1.0,0.0,0.0,0.0,0.0,0.0,0.0,1.0
1.3285763908834933,1.366460658722545,-0.26557685571492234,1.0,0.0,0.0,0.0,1.0,0.0,0.0,0.0,1.0,0.0
-0.8486562559779763,0.019447221121164586,0.9300699619817341,1.0,0.0,0.0,1.0,0.0,0.0,0.0,0.0,0.0,1.0
-0.19548646191953542,0.711979553447299,-0.4917803077115872,0.0,1.0,0.0,0.0,1.0,0.0,0.0,0.0,1.0,0.0
-1.5018260500364171,-0.5969826571031949,-0.8041565033260288,1.0,0.0,1.0,0.0,0.0,0.0,0.0,0.0,1.0,0.0
1.6914484986937381,1.3816811495428987,-0.14170353676436803,1.0,0.0,1.0,0.0,0.0,0.0,0.0,0.0,0.0,1.0
0.16738564589070953,-1.373227688941277,-0.5617956619010309,0.0,1.0,0.0,0.0,0.0,0.0,1.0,0.0,0.0,1.0
0.3125344890148075,-0.6959158474354983,1.043171687980066,1.0,0.0,1.0,0.0,0.0,0.0,0.0,1.0,0.0,0.0
-0.7035074128538783,-0.3610650493876995,-0.1578609261927011,1.0,0.0,0.0,0.0,0.0,0.0,1.0,1.0,0.0,0.0
-1.7195493147225642,1.6404294934889265,-0.529480883044364,1.0,0.0,0.0,0.0,0.0,0.0,1.0,1.0,0.0,0.0
-1.646974893160515,0.3542980191689654,-1.2834923896999135,1.0,0.0,0.0,0.0,1.0,0.0,0.0,0.0,1.0,0.0
0.7479810183871014,0.48367219114198057,1.4524922201645074,1.0,0.0,0.0,1.0,0.0,0.0,0.0,0.0,1.0,0.0
1.0382787046352975,-0.262131859055394,-0.31404902399992146,1.0,0.0,0.0,0.0,0.0,1.0,0.0,1.0,0.0,0.0
0.23996006745275852,-1.434109652222696,-0.9657303976093607,1.0,0.0,0.0,1.0,0.0,0.0,0.0,0.0,0.0,1.0
0.022236802766611552,-1.0079359092527684,1.0000853161711778,0.0,1.0,0.0,0.0,1.0,0.0,0.0,1.0,0.0,0.0
0.7479810183871014,0.8565742162406657,0.42919088970340524,1.0,0.0,0.0,0.0,0.0,0.0,1.0,1.0,0.0,0.0
1.1834275477593954,-1.3199559710700366,0.4992062438928489,1.0,0.0,0.0,0.0,0.0,0.0,1.0,0.0,1.0,0.0
-0.48578414816773136,-1.2666842531987943,0.2676169954200733,0.0,1.0,0.0,1.0,0.0,0.0,0.0,0.0,0.0,1.0
-0.9938050991020743,1.0544405969052768,0.3107033672289617,1.0,0.0,0.0,0.0,1.0,0.0,0.0,0.0,1.0,0.0
0.3851089105768565,1.6404294934889265,-0.31404902399992146,1.0,0.0,0.0,0.0,0.0,1.0,0.0,0.0,0.0,1.0
1.3285763908834933,-1.3351764618903903,0.16528686237396278,0.0,1.0,0.0,0.0,0.0,1.0,0.0,1.0,0.0,0.0
0.4576833321389055,-1.6700272599381913,-1.6335691606471325,1.0,0.0,1.0,0.0,0.0,0.0,0.0,1.0,0.0,0.0
-0.4132097266056824,1.1229328055968706,1.2370603611200648,1.0,0.0,1.0,0.0,0.0,0.0,0.0,1.0,0.0,0.0
0.9657042830732484,-0.4447777488996492,1.6625382827328385,1.0,0.0,0.0,0.0,1.0,0.0,0.0,1.0,0.0,0.0
0.3851089105768565,-0.38389578561823007,-1.0626747341793596,0.0,1.0,0.0,0.0,1.0,0.0,0.0,0.0,1.0,0.0
-0.19548646191953542,-1.3580071981209232,-0.7233695561843628,0.0,1.0,0.0,0.0,0.0,0.0,1.0,0.0,1.0,0.0
-0.4132097266056824,-0.7948490377678038,1.6840814686372831,0.0,1.0,0.0,0.0,0.0,0.0,1.0,0.0,1.0,0.0
-0.9212306775400253,0.6815385718065895,-0.7718417244693623,1.0,0.0,0.0,1.0,0.0,0.0,0.0,1.0,0.0,0.0
1.3285763908834933,-1.548263333375355,1.075486466836733,0.0,1.0,0.0,0.0,1.0,0.0,0.0,0.0,0.0,1.0
-0.12291204035748642,0.019447221121164586,1.6786956721611723,1.0,0.0,0.0,1.0,0.0,0.0,0.0,0.0,1.0,0.0
-0.05033761879543743,0.3695185099893213,-0.49716610418769797,1.0,0.0,1.0,0.0,0.0,0.0,0.0,0.0,0.0,1.0
-1.3566772069123192,-0.18602940495362116,-0.3409780063804768,1.0,0.0,0.0,0.0,1.0,0.0,0.0,1.0,0.0,0.0
1.2560019693214444,-1.2058022899173775,1.220902971691732,0.0,1.0,0.0,0.0,1.0,0.0,0.0,0.0,0.0,1.0
-0.6309329912918293,1.366460658722545,1.1993597857872873,0.0,1.0,0.0,1.0,0.0,0.0,0.0,0.0,1.0,0.0
1.4011508124455423,1.488224585285381,-1.428908894554912,0.0,1.0,0.0,0.0,0.0,1.0,0.0,0.0,0.0,1.0
1.1108531261973464,0.7804717621388928,-0.5725672548532532,1.0,0.0,0.0,0.0,1.0,0.0,0.0,1.0,0.0,0.0
-0.48578414816773136,1.0544405969052768,-1.068060530655471,0.0,1.0,0.0,0.0,0.0,0.0,1.0,0.0,1.0,0.0
0.16738564589070953,-1.5178223517346456,-0.9711161940854715,0.0,1.0,0.0,0.0,1.0,0.0,0.0,0.0,0.0,1.0
0.3851089105768565,-1.5939248058364184,1.350162087118397,1.0,0.0,0.0,0.0,0.0,1.0,0.0,0.0,0.0,1.0
-0.7760818344159273,0.9555074065729712,0.9462273514100671,1.0,0.0,0.0,0.0,0.0,0.0,1.0,0.0,1.0,0.0
0.16738564589070953,-0.5361006938217757,1.253217750548398,1.0,0.0,0.0,0.0,1.0,0.0,0.0,0.0,1.0,0.0
-0.2680608834815844,0.14121114768400284,0.18683004827840735,0.0,1.0,1.0,0.0,0.0,0.0,0.0,0.0,0.0,1.0
-1.574400471598466,-0.018604005929721827,0.10065730466062985,0.0,1.0,1.0,0.0,0.0,0.0,0.0,0.0,0.0,1.0
1.3285763908834933,-0.718746583666031,-0.4648513253310319,0.0,1.0,0.0,1.0,0.0,0.0,0.0,0.0,0.0,1.0
-0.05033761879543743,0.3542980191689654,-0.5025519006638087,1.0,0.0,0.0,0.0,1.0,0.0,0.0,0.0,0.0,1.0
1.3285763908834933,1.7013114567703458,-1.0788321236076928,1.0,0.0,0.0,0.0,1.0,0.0,0.0,1.0,0.0,0.0
1.1834275477593954,1.1305430510070495,-0.2817342451432554,1.0,0.0,1.0,0.0,0.0,0.0,0.0,0.0,1.0,0.0
1.3285763908834933,-0.5361006938217757,-0.6048820337099192,1.0,0.0,0.0,0.0,0.0,1.0,0.0,1.0,0.0,0.0
0.09481122432866054,0.17926237473488923,-0.4271507499982543,1.0,0.0,0.0,0.0,0.0,1.0,0.0,1.0,0.0,0.0
0.8205554399491504,-0.07948596921113879,0.8815977936967342,1.0,0.0,0.0,1.0,0.0,0.0,0.0,0.0,1.0,0.0
-0.4132097266056824,-1.3884481797616326,-0.0716881825749236,1.0,0.0,0.0,0.0,0.0,1.0,0.0,0.0,0.0,1.0
-0.3406353050436334,1.3131889408513027,0.8923693866489565,0.0,1.0,1.0,0.0,0.0,0.0,0.0,0.0,1.0,0.0
1.4737252340075913,0.3314672829384349,-1.2296344249388027,1.0,0.0,0.0,1.0,0.0,0.0,0.0,0.0,0.0,1.0
0.022236802766611552,-0.5665416754624852,-0.5025519006638087,0.0,1.0,0.0,1.0,0.0,0.0,0.0,0.0,1.0,0.0
0.3851089105768565,1.2066455051088223,1.4040200518795076,0.0,1.0,0.0,0.0,0.0,1.0,0.0,0.0,1.0,0.0
1.3285763908834933,-0.5056597121810662,-1.2619492037954692,1.0,0.0,0.0,0.0,0.0,0.0,1.0,0.0,0.0,1.0
1.0382787046352975,0.7652512713185391,0.9300699619817341,0.0,1.0,1.0,0.0,0.0,0.0,0.0,1.0,0.0,0.0
-0.9212306775400253,-0.04143474216025238,-1.1650048672254698,0.0,1.0,0.0,0.0,1.0,0.0,0.0,0.0,0.0,1.0
-0.7035074128538783,-0.2849625952859267,-0.529480883044364,0.0,1.0,0.0,0.0,1.0,0.0,0.0,0.0,0.0,1.0
-0.7760818344159273,0.894625443291552,-1.4235230980788012,0.0,1.0,0.0,1.0,0.0,0.0,0.0,1.0,0.0,0.0
0.5302577537009545,-1.1373100812257815,0.5045920403689597,1.0,0.0,0.0,0.0,0.0,0.0,1.0,0.0,1.0,0.0
0.16738564589070953,-0.840510510228867,0.5530642086539596,1.0,0.0,0.0,0.0,0.0,1.0,0.0,0.0,0.0,1.0
1.5462996555696402,-1.609145296656772,0.8223540324595128,1.0,0.0,0.0,1.0,0.0,0.0,0.0,1.0,0.0,0.0
1.6914484986937381,1.4045118857734313,-1.6227975676949102,1.0,0.0,1.0,0.0,0.0,0.0,0.0,0.0,1.0,0.0
1.5462996555696402,1.6099885118482171,-0.3571353958088106,1.0,0.0,1.0,0.0,0.0,0.0,0.0,1.0,0.0,0.0
0.6028321752630035,-1.692857996168724,0.07911411875618606,0.0,1.0,0.0,0.0,0.0,0.0,1.0,0.0,1.0,0.0
-0.12291204035748642,1.3284094316716584,1.285532529405064,0.0,1.0,0.0,0.0,0.0,1.0,0.0,0.0,1.0,0.0
-1.7195493147225642,0.44562096409109414,-1.0142025658943603,1.0,0.0,0.0,0.0,0.0,1.0,0.0,0.0,0.0,1.0
1.6188740771316892,1.5110553215159137,0.41841929675118295,0.0,1.0,0.0,1.0,0.0,0.0,0.0,0.0,1.0,0.0
-1.2115283637882213,0.8261332345999582,-0.1847899085732564,0.0,1.0,0.0,0.0,0.0,1.0,0.0,0.0,0.0,1.0
0.8931298615111994,0.453231209501271,0.9085267760772895,1.0,0.0,0.0,1.0,0.0,0.0,0.0,1.0,0.0,0.0
-0.05033761879543743,0.8717947070610215,-0.8634002645632501,1.0,0.0,0.0,1.0,0.0,0.0,0.0,0.0,1.0,0.0
0.9657042830732484,1.0696610877256305,1.107801245693399,1.0,0.0,0.0,0.0,0.0,1.0,0.0,0.0,1.0,0.0
0.9657042830732484,0.574995136064107,1.7110104510178383,0.0,1.0,0.0,0.0,0.0,0.0,1.0,1.0,0.0,0.0
0.8205554399491504,-1.5254325971448224,0.6984807135089585,1.0,0.0,0.0,0.0,0.0,0.0,1.0,0.0,0.0,1.0
1.4737252340075913,-0.4904392213607125,-1.509695841696578,0.0,1.0,1.0,0.0,0.0,0.0,0.0,0.0,0.0,1.0
-0.05033761879543743,-1.6852477507585448,-1.595868585314355,0.0,1.0,0.0,1.0,0.0,0.0,0.0,0.0,0.0,1.0
0.23996006745275852,-1.5406530879651783,-1.3319645579849129,0.0,1.0,0.0,0.0,0.0,1.0,0.0,0.0,0.0,1.0
-0.6309329912918293,-1.0916486087647181,0.6930949170328469,1.0,0.0,0.0,1.0,0.0,0.0,0.0,0.0,1.0,0.0
-0.3406353050436334,1.0468303514950976,-1.676655532456021,0.0,1.0,0.0,0.0,0.0,1.0,0.0,0.0,0.0,1.0
1.1108531261973464,1.5186655669260904,0.6284653593195147,0.0,1.0,0.0,1.0,0.0,0.0,0.0,1.0,0.0,0.0
-1.2841027853502702,-1.609145296656772,0.9246841655056233,1.0,0.0,0.0,0.0,0.0,0.0,1.0,0.0,0.0,1.0
1.2560019693214444,-0.04904498757042922,-1.6712697359799098,1.0,0.0,0.0,1.0,0.0,0.0,0.0,1.0,0.0,0.0
1.2560019693214444,-0.8785617372797534,1.123958635121732,0.0,1.0,0.0,0.0,1.0,0.0,0.0,1.0,0.0,0.0
1.3285763908834933,1.5567167939769768,1.4901927954972851,0.0,1.0,0.0,0.0,0.0,0.0,1.0,0.0,1.0,0.0
-0.5583585697297804,-1.0612076271240087,-1.434294691031023,0.0,1.0,0.0,0.0,0.0,0.0,1.0,0.0,1.0,0.0
1.0382787046352975,0.574995136064107,-1.5581680099815778,1.0,0.0,0.0,0.0,0.0,0.0,1.0,0.0,0.0,1.0
0.16738564589070953,-0.4676084851301798,1.0054711126472893,0.0,1.0,0.0,0.0,0.0,1.0,0.0,1.0,0.0,0.0
-0.2680608834815844,1.5034450761057347,-0.4540797323788096,0.0,1.0,0.0,0.0,1.0,0.0,0.0,1.0,0.0,0.0
-0.5583585697297804,-1.2210227807377312,1.1024154492172882,0.0,1.0,0.0,1.0,0.0,0.0,0.0,1.0,0.0,0.0
0.16738564589070953,-0.3915060310284069,-0.2332620768582555,1.0,0.0,1.0,0.0,0.0,0.0,0.0,0.0,1.0,0.0
0.4576833321389055,1.6328192480787498,-0.7718417244693623,0.0,1.0,0.0,0.0,0.0,0.0,1.0,1.0,0.0,0.0
-1.2115283637882213,-1.5787043150160647,0.5476784121778489,0.0,1.0,0.0,0.0,0.0,0.0,1.0,1.0,0.0,0.0
-0.8486562559779763,0.5597746452437533,-1.1596190707493588,0.0,1.0,1.0,0.0,0.0,0.0,0.0,0.0,1.0,0.0
-0.3406353050436334,0.027057466531343596,-0.61026783018603,1.0,0.0,0.0,0.0,0.0,1.0,0.0,0.0,1.0,0.0
0.4576833321389055,-1.099258854174895,-1.1650048672254698,1.0,0.0,0.0,1.0,0.0,0.0,0.0,0.0,1.0,0.0
1.3285763908834933,1.0924918239561632,0.6284653593195147,1.0,0.0,0.0,0.0,0.0,0.0,1.0,1.0,0.0,0.0
-1.0663795206641233,1.4349528674141407,-0.8472428751349171,0.0,1.0,0.0,0.0,0.0,1.0,0.0,1.0,0.0,0.0
-1.3566772069123192,0.6739283263964126,0.2622311989439618,0.0,1.0,0.0,1.0,0.0,0.0,0.0,1.0,0.0,0.0
-0.05033761879543743,1.229476241339353,-0.5187092900921425,0.0,1.0,0.0,0.0,0.0,1.0,0.0,0.0,1.0,0.0
-0.9212306775400253,0.9402869157526175,-1.6497265500754656,1.0,0.0,0.0,0.0,0.0,0.0,1.0,0.0,0.0,1.0
-1.2841027853502702,-0.5132699575912452,1.0701006703606215,0.0,1.0,0.0,0.0,0.0,1.0,0.0,0.0,1.0,0.0
1.4011508124455423,-1.4112789159921633,-0.3302064134282553,0.0,1.0,1.0,0.0,0.0,0.0,0.0,1.0,0.0,0.0
-0.19548646191953542,1.5262758123362674,0.18683004827840735,0.0,1.0,0.0,0.0,0.0,1.0,0.0,0.0,1.0,0.0
1.4737252340075913,-0.7567978107169173,0.36994712846618305,1.0,0.0,0.0,0.0,1.0,0.0,0.0,1.0,0.0,0.0
-0.9212306775400253,1.160984032647757,0.4722772615122936,1.0,0.0,0.0,0.0,1.0,0.0,0.0,1.0,0.0,0.0
0.7479810183871014,-0.033824496750075525,-0.08784557200325739,1.0,0.0,1.0,0.0,0.0,0.0,0.0,0.0,0.0,1.0
-1.2115283637882213,-1.0231564000731221,-1.2565634073193581,1.0,0.0,0.0,0.0,0.0,1.0,0.0,1.0,0.0,0.0
-0.7760818344159273,-1.616755542066951,1.2101313787395096,0.0,1.0,0.0,0.0,0.0,0.0,1.0,0.0,1.0,0.0
-0.5583585697297804,-1.3503969527107462,-0.36252119228492136,1.0,0.0,1.0,0.0,0.0,0.0,0.0,0.0,1.0,0.0
-0.7035074128538783,0.13360090227382382,-1.3050355756043577,1.0,0.0,0.0,0.0,1.0,0.0,0.0,1.0,0.0,0.0
-0.12291204035748642,-1.4417198976328727,0.19760164123062962,1.0,0.0,0.0,0.0,1.0,0.0,0.0,0.0,1.0,0.0
1.6188740771316892,0.453231209501271,1.5548223532106171,1.0,0.0,0.0,0.0,0.0,1.0,0.0,0.0,1.0,0.0
-1.2115283637882213,-0.5969826571031949,-1.2565634073193581,0.0,1.0,0.0,0.0,0.0,1.0,0.0,0.0,0.0,1.0
-0.48578414816773136,1.1153225601866936,0.8923693866489565,0.0,1.0,0.0,0.0,0.0,0.0,1.0,1.0,0.0,0.0
-1.646974893160515,0.11838041145347013,-0.5671814583771416,1.0,0.0,0.0,0.0,0.0,0.0,1.0,0.0,1.0,0.0
0.09481122432866054,1.5186655669260904,-0.29789163457158846,1.0,0.0,1.0,0.0,0.0,0.0,0.0,0.0,0.0,1.0
-1.574400471598466,0.909845934111908,-0.43253654647436507,1.0,0.0,0.0,0.0,0.0,1.0,0.0,0.0,1.0,0.0
-0.05033761879543743,-1.2666842531987943,1.4794212025450628,0.0,1.0,0.0,0.0,1.0,0.0,0.0,0.0,0.0,1.0
0.16738564589070953,0.7272000442676527,-0.16324672266881185,0.0,1.0,0.0,0.0,1.0,0.0,0.0,1.0,0.0,0.0
0.9657042830732484,0.8489639708304888,0.7523386782700691,1.0,0.0,1.0,0.0,0.0,0.0,0.0,0.0,0.0,1.0
-0.2680608834815844,0.11077016604329327,0.7523386782700691,1.0,0.0,1.0,0.0,0.0,0.0,0.0,1.0,0.0,0.0
1.3285763908834933,-0.05665523298060824,1.043171687980066,0.0,1.0,0.0,0.0,0.0,0.0,1.0,0.0,1.0,0.0
-1.574400471598466,-0.3762855402080532,0.9354557584578448,1.0,0.0,1.0,0.0,0.0,0.0,0.0,0.0,0.0,1.0
1.0382787046352975,-0.9546641913815263,1.6786956721611723,1.0,0.0,0.0,1.0,0.0,0.0,0.0,1.0,0.0,0.0
-0.48578414816773136,0.7652512713185391,1.0000853161711778,0.0,1.0,0.0,0.0,0.0,0.0,1.0,1.0,0.0,0.0
1.4011508124455423,-0.033824496750075525,-0.34636380285658835,0.0,1.0,0.0,0.0,0.0,0.0,1.0,1.0,0.0,0.0
1.5462996555696402,-1.1296998358156045,0.8277398289356235,0.0,1.0,0.0,1.0,0.0,0.0,0.0,1.0,0.0,0.0
1.2560019693214444,0.5217234181928669,-1.3912083192221347,1.0,0.0,0.0,0.0,0.0,0.0,1.0,0.0,0.0,1.0
-0.5583585697297804,-0.909002718920463,-1.3319645579849129,0.0,1.0,1.0,0.0,0.0,0.0,0.0,0.0,0.0,1.0
-1.1389539422261723,0.1488213930941797,1.6140661144478394,1.0,0.0,0.0,0.0,0.0,0.0,1.0,0.0,0.0,1.0
1.1108531261973464,-0.7567978107169173,-0.9603446011332496,0.0,1.0,0.0,1.0,0.0,0.0,0.0,0.0,1.0,0.0
-0.2680608834815844,0.042277957351697294,-0.6856689808515852,0.0,1.0,0.0,0.0,1.0,0.0,0.0,0.0,1.0,0.0
1.1834275477593954,-0.8176797739983365,0.03602774694729769,0.0,1.0,0.0,0.0,0.0,0.0,1.0,0.0,0.0,1.0
1.3285763908834933,0.5978258722946398,-1.515081638172689,0.0,1.0,0.0,0.0,0.0,0.0,1.0,0.0,1.0,0.0
0.3851089105768565,-1.0231564000731221,-0.48639451123547567,1.0,0.0,1.0,0.0,0.0,0.0,0.0,1.0,0.0,0.0
-1.2841027853502702,0.3695185099893213,-1.7089703113126875,1.0,0.0,0.0,0.0,0.0,0.0,1.0,1.0,0.0,0.0
-0.4132097266056824,-1.7080784869890777,-1.170390663701581,1.0,0.0,0.0,0.0,0.0,0.0,1.0,1.0,0.0,0.0
0.6754065968250524,0.24014433801630622,-0.17401831562103412,1.0,0.0,0.0,0.0,1.0,0.0,0.0,1.0,0.0,0.0
1.6914484986937381,1.2827479592105953,0.7307954923656246,1.0,0.0,0.0,0.0,1.0,0.0,0.0,0.0,1.0,0.0
-1.3566772069123192,-0.16319866872308847,-0.513323493616031,1.0,0.0,0.0,0.0,0.0,0.0,1.0,0.0,1.0,0.0
0.4576833321389055,-1.3656174435311,1.0485574844561776,0.0,1.0,0.0,1.0,0.0,0.0,0.0,1.0,0.0,0.0
0.022236802766611552,-0.010993760519542815,-1.5904827888382438,1.0,0.0,1.0,0.0,0.0,0.0,0.0,0.0,0.0,1.0
-0.2680608834815844,-1.5863145604262416,-1.2888781861760246,1.0,0.0,0.0,0.0,0.0,1.0,0.0,0.0,1.0,0.0
-1.7195493147225642,-0.8861719826899302,-0.13093194381214576,1.0,0.0,0.0,1.0,0.0,0.0,0.0,0.0,0.0,1.0
0.8931298615111994,-1.434109652222696,-1.3804367262699124,0.0,1.0,0.0,1.0,0.0,0.0,0.0,0.0,1.0,0.0
0.4576833321389055,-1.494991615504113,0.20837323418285114,0.0,1.0,0.0,0.0,1.0,0.0,0.0,1.0,0.0,0.0
1.6188740771316892,-1.2210227807377312,-1.5258532311249113,1.0,0.0,1.0,0.0,0.0,0.0,0.0,1.0,0.0,0.0
-1.1389539422261723,-0.5361006938217757,-0.8095422998021395,1.0,0.0,1.0,0.0,0.0,0.0,0.0,0.0,0.0,1.0
1.2560019693214444,-0.48282897595053564,-1.4019799121743566,1.0,0.0,0.0,1.0,0.0,0.0,0.0,1.0,0.0,0.0
-1.2115283637882213,1.3969016403632544,1.6786956721611723,0.0,1.0,0.0,0.0,0.0,1.0,0.0,1.0,0.0,0.0
-1.646974893160515,-0.7796285469474501,0.0952715081845191,0.0,1.0,0.0,0.0,0.0,0.0,1.0,0.0,0.0,1.0
1.6188740771316892,0.0042267303008108855,-1.0357457517988045,1.0,0.0,0.0,0.0,1.0,0.0,0.0,0.0,0.0,1.0
1.0382787046352975,-0.2773523498757477,0.1545152694217405,0.0,1.0,0.0,1.0,0.0,0.0,0.0,0.0,0.0,1.0
-1.2115283637882213,-1.5787043150160647,1.0970296527411767,1.0,0.0,0.0,0.0,0.0,1.0,0.0,0.0,0.0,1.0
0.022236802766611552,-0.520880203001422,-0.6533542019949191,0.0,1.0,1.0,0.0,0.0,0.0,0.0,0.0,1.0,0.0
-0.6309329912918293,-1.6395862782974817,-0.48639451123547567,1.0,0.0,0.0,0.0,0.0,1.0,0.0,1.0,0.0,0.0
-0.6309329912918293,-1.6548067691178376,-0.41099336056992125,0.0,1.0,0.0,0.0,0.0,1.0,0.0,0.0,1.0,0.0
0.09481122432866054,-1.373227688941277,-0.7341411491365851,1.0,0.0,0.0,0.0,0.0,1.0,0.0,1.0,0.0,0.0
0.9657042830732484,1.160984032647757,0.8492830148400681,0.0,1.0,0.0,1.0,0.0,0.0,0.0,1.0,0.0,0.0
-1.2841027853502702,1.366460658722545,0.5692215980822926,1.0,0.0,0.0,0.0,0.0,1.0,0.0,0.0,0.0,1.0
-0.7035074128538783,-0.21647038659433074,-1.579711195886022,1.0,0.0,0.0,0.0,0.0,1.0,0.0,0.0,1.0,0.0
-1.3566772069123192,-1.7004682415789008,-0.7125979632321405,0.0,1.0,0.0,0.0,0.0,1.0,0.0,0.0,1.0,0.0
-0.3406353050436334,-0.08709621462131564,-0.33559220990436606,1.0,0.0,0.0,1.0,0.0,0.0,0.0,1.0,0.0,0.0
1.2560019693214444,-1.5939248058364184,0.9085267760772895,1.0,0.0,1.0,0.0,0.0,0.0,0.0,0.0,1.0,0.0
-1.1389539422261723,0.41517998245038457,-0.20094729800158945,0.0,1.0,0.0,0.0,1.0,0.0,0.0,0.0,0.0,1.0
-0.3406353050436334,-1.0916486087647181,1.732553636922283,1.0,0.0,0.0,1.0,0.0,0.0,0.0,0.0,0.0,1.0
-1.574400471598466,1.343629922492012,-0.47023712180714267,0.0,1.0,0.0,0.0,0.0,0.0,1.0,0.0,0.0,1.0
-0.7760818344159273,0.8794049524711983,-0.3679069887610321,1.0,0.0,1.0,0.0,0.0,0.0,0.0,0.0,0.0,1.0
-1.1389539422261723,1.6860909659499899,-1.676655532456021,0.0,1.0,0.0,0.0,0.0,0.0,1.0,0.0,1.0,0.0
-1.4292516284743682,-1.1068690995850718,-1.3912083192221347,1.0,0.0,1.0,0.0,0.0,0.0,0.0,1.0,0.0,0.0
-0.2680608834815844,0.3314672829384349,0.04141354342340845,1.0,0.0,0.0,1.0,0.0,0.0,0.0,0.0,1.0,0.0
0.6028321752630035,1.6632602297194594,-0.19017570504936715,1.0,0.0,1.0,0.0,0.0,0.0,0.0,1.0,0.0,0.0
1.0382787046352975,0.5521643998335743,-0.37329278523714365,0.0,1.0,1.0,0.0,0.0,0.0,0.0,1.0,0.0,0.0
1.5462996555696402,0.6891488172167664,0.06295672932785301,0.0,1.0,0.0,1.0,0.0,0.0,0.0,0.0,1.0,0.0
0.09481122432866054,-0.4599982397200029,0.3484039425617393,0.0,1.0,0.0,0.0,0.0,1.0,0.0,0.0,0.0,1.0
-0.12291204035748642,1.4273426220039618,-1.1219184954165815,0.0,1.0,0.0,0.0,0.0,0.0,1.0,1.0,0.0,0.0
-0.9938050991020743,-1.3960584251718096,-0.08784557200325739,1.0,0.0,0.0,0.0,0.0,1.0,0.0,0.0,0.0,1.0
-0.4132097266056824,-0.8785617372797534,-0.5564098654249193,1.0,0.0,0.0,0.0,1.0,0.0,0.0,1.0,0.0,0.0
0.5302577537009545,1.290358204620772,-0.16863251914492336,1.0,0.0,0.0,0.0,0.0,1.0,0.0,0.0,1.0,0.0
0.6028321752630035,-1.3808379343514536,-1.3104213720804687,0.0,1.0,1.0,0.0,0.0,0.0,0.0,0.0,0.0,1.0
0.5302577537009545,1.031609860674744,-0.5564098654249193,0.0,1.0,0.0,0.0,0.0,0.0,1.0,0.0,0.0,1.0
0.09481122432866054,1.4501733582344944,-1.3265787615088018,1.0,0.0,0.0,1.0,0.0,0.0,0.0,0.0,0.0,1.0
0.23996006745275852,-1.4645506338634056,0.3968761108467384,1.0,0.0,0.0,1.0,0.0,0.0,0.0,0.0,0.0,1.0
-1.2115283637882213,1.3969016403632544,-0.922644025800472,0.0,1.0,0.0,0.0,0.0,0.0,1.0,1.0,0.0,0.0
-0.2680608834815844,-0.26974210446557084,0.5907647839867372,0.0,1.0,0.0,0.0,0.0,1.0,0.0,1.0,0.0,0.0
-1.4292516284743682,1.4273426220039618,0.9031409796011788,0.0,1.0,0.0,1.0,0.0,0.0,0.0,1.0,0.0,0.0
1.1108531261973464,-0.010993760519542815,0.3753329249422946,0.0,1.0,0.0,0.0,1.0,0.0,0.0,0.0,1.0,0.0
0.16738564589070953,-0.010993760519542815,0.41841929675118295,0.0,1.0,1.0,0.0,0.0,0.0,0.0,1.0,0.0,0.0
0.7479810183871014,1.1457635418274033,1.4901927954972851,0.0,1.0,0.0,0.0,0.0,0.0,1.0,0.0,0.0,1.0
0.16738564589070953,0.5826053814742839,0.2783885883722956,0.0,1.0,0.0,0.0,0.0,0.0,1.0,0.0,1.0,0.0
-0.48578414816773136,-0.7035260928456772,0.4830488544645159,0.0,1.0,0.0,0.0,1.0,0.0,0.0,0.0,0.0,1.0
0.23996006745275852,1.0468303514950976,1.7217820439700606,1.0,0.0,0.0,0.0,0.0,0.0,1.0,0.0,1.0,0.0
1.3285763908834933,-0.8329002648186902,-1.1811622566538034,1.0,0.0,0.0,0.0,1.0,0.0,0.0,1.0,0.0,0.0
0.3125344890148075,-1.5634838241957087,-0.44869393590269807,1.0,0.0,1.0,0.0,0.0,0.0,0.0,0.0,1.0,0.0
0.6754065968250524,1.343629922492012,0.06834252580396377,1.0,0.0,0.0,1.0,0.0,0.0,0.0,0.0,1.0,0.0
1.1834275477593954,-1.304735480249681,-0.16324672266881185,0.0,1.0,1.0,0.0,0.0,0.0,0.0,1.0,0.0,0.0
-0.7035074128538783,0.70436930803712,0.5045920403689597,1.0,0.0,0.0,0.0,1.0,0.0,0.0,0.0,1.0,0.0
0.7479810183871014,0.5293336636030438,0.13835787999340746,1.0,0.0,1.0,0.0,0.0,0.0,0.0,1.0,0.0,0.0
0.7479810183871014,0.514113172782688,0.44534827913173824,0.0,1.0,1.0,0.0,0.0,0.0,0.0,0.0,0.0,1.0
-0.9212306775400253,-1.3199559710700366,-1.094989513036026,0.0,1.0,0.0,0.0,0.0,1.0,0.0,1.0,0.0,0.0
1.4737252340075913,-0.5513211846421316,-0.23864787333436704,1.0,0.0,0.0,0.0,0.0,0.0,1.0,0.0,1.0,0.0
-1.4292516284743682,1.6175987572583939,-0.21710468742992248,0.0,1.0,1.0,0.0,0.0,0.0,0.0,0.0,1.0,0.0
-1.1389539422261723,-1.692857996168724,-1.0465173447510268,0.0,1.0,0.0,1.0,0.0,0.0,0.0,0.0,1.0,0.0
-0.7035074128538783,0.03466771194152045,0.15990106589785202,0.0,1.0,0.0,1.0,0.0,0.0,0.0,1.0,0.0,0.0
1.4737252340075913,0.384739000809675,1.441720627212285,0.0,1.0,0.0,1.0,0.0,0.0,0.0,0.0,0.0,1.0
-1.1389539422261723,-0.4904392213607125,-0.012444421337702192,0.0,1.0,1.0,0.0,0.0,0.0,0.0,1.0,0.0,0.0
0.9657042830732484,-0.36867529479787636,-0.8687860610393613,0.0,1.0,0.0,0.0,0.0,0.0,1.0,0.0,0.0,1.0
-0.4132097266056824,-0.8861719826899302,1.4040200518795076,1.0,0.0,0.0,0.0,1.0,0.0,0.0,0.0,0.0,1.0
-1.574400471598466,-0.5589314300523085,1.3447762906422862,1.0,0.0,0.0,0.0,0.0,0.0,1.0,1.0,0.0,0.0
1.2560019693214444,0.7880820075490719,1.1670450069306213,0.0,1.0,0.0,0.0,0.0,0.0,1.0,0.0,1.0,0.0
1.1834275477593954,-1.6700272599381913,-0.07707397905103512,1.0,0.0,0.0,0.0,0.0,0.0,1.0,1.0,0.0,0.0
0.8205554399491504,0.042277957351697294,1.156273413978399,0.0,1.0,1.0,0.0,0.0,0.0,0.0,0.0,0.0,1.0
0.16738564589070953,-1.3199559710700366,1.4632638131167297,0.0,1.0,0.0,0.0,0.0,0.0,1.0,0.0,1.0,0.0
-1.5018260500364171,-0.6883056020253214,-0.5725672548532532,0.0,1.0,0.0,0.0,0.0,1.0,0.0,1.0,0.0,0.0
0.9657042830732484,0.6054361177048166,-1.1811622566538034,0.0,1.0,0.0,1.0,0.0,0.0,0.0,0.0,1.0,0.0
-0.19548646191953542,-0.010993760519542815,0.1329720835172967,0.0,1.0,0.0,0.0,0.0,0.0,1.0,1.0,0.0,0.0
-0.8486562559779763,0.2934160558875485,-1.660498143027688,1.0,0.0,1.0,0.0,0.0,0.0,0.0,0.0,0.0,1.0
0.23996006745275852,-1.434109652222696,0.7954250500789575,0.0,1.0,0.0,0.0,0.0,1.0,0.0,0.0,1.0,0.0
-0.12291204035748642,1.2370864867495297,1.0377858915039553,0.0,1.0,1.0,0.0,0.0,0.0,0.0,0.0,1.0,0.0
0.7479810183871014,1.4045118857734313,-0.10400296143159043,1.0,0.0,0.0,0.0,1.0,0.0,0.0,0.0,0.0,1.0
0.7479810183871014,-0.018604005929721827,-1.676655532456021,0.0,1.0,0.0,0.0,0.0,1.0,0.0,0.0,1.0,0.0
1.6188740771316892,0.47606194573180155,-0.36252119228492136,1.0,0.0,0.0,0.0,0.0,1.0,0.0,1.0,0.0,0.0
1.1834275477593954,-1.4721608792735823,-1.676655532456021,0.0,1.0,0.0,1.0,0.0,0.0,0.0,0.0,1.0,0.0
-0.4132097266056824,0.711979553447299,1.5763655391150617,0.0,1.0,0.0,0.0,0.0,0.0,1.0,0.0,1.0,0.0
-1.574400471598466,-0.42955725807929335,-1.7305134972171317,0.0,1.0,0.0,0.0,1.0,0.0,0.0,0.0,1.0,0.0
-0.7035074128538783,0.5978258722946398,0.9031409796011788,1.0,0.0,0.0,1.0,0.0,0.0,0.0,1.0,0.0,0.0
1.6188740771316892,-0.787238792357627,1.651766689780617,1.0,0.0,0.0,0.0,0.0,0.0,1.0,1.0,0.0,0.0
-0.4132097266056824,1.6556499843092802,0.6338511557956256,1.0,0.0,0.0,0.0,0.0,0.0,1.0,1.0,0.0,0.0
0.4576833321389055,0.49128243655215736,-0.7826133174215842,0.0,1.0,1.0,0.0,0.0,0.0,0.0,0.0,0.0,1.0
1.5462996555696402,1.6252090026685728,-0.08245977552714587,0.0,1.0,0.0,0.0,0.0,0.0,1.0,0.0,0.0,1.0
1.1834275477593954,-0.7035260928456772,-0.594110440757697,0.0,1.0,0.0,0.0,0.0,0.0,1.0,0.0,1.0,0.0
0.16738564589070953,1.5947680210278634,0.014484561042853129,0.0,1.0,0.0,0.0,0.0,1.0,0.0,0.0,0.0,1.0
-1.2115283637882213,-1.1449203266359582,1.3393904941661747,1.0,0.0,1.0,0.0,0.0,0.0,0.0,0.0,1.0,0.0
-0.3406353050436334,-1.2210227807377312,-1.094989513036026,1.0,0.0,1.0,0.0,0.0,0.0,0.0,0.0,0.0,1.0
-0.9938050991020743,-1.3427867073005673,1.36631947654673,1.0,0.0,0.0,0.0,0.0,0.0,1.0,1.0,0.0,0.0
0.6754065968250524,1.366460658722545,-0.6587399984710299,1.0,0.0,1.0,0.0,0.0,0.0,0.0,0.0,0.0,1.0
-1.4292516284743682,1.4730040944650273,-1.2404060178910248,1.0,0.0,1.0,0.0,0.0,0.0,0.0,0.0,0.0,1.0
-0.7035074128538783,-0.772018301537271,0.7900392536028467,0.0,1.0,0.0,0.0,1.0,0.0,0.0,0.0,1.0,0.0
-0.19548646191953542,1.419732376593785,-0.9549588046571384,1.0,0.0,0.0,0.0,0.0,1.0,0.0,0.0,1.0,0.0
-1.2841027853502702,-1.1220895904054278,-0.416379157046032,1.0,0.0,0.0,1.0,0.0,0.0,0.0,0.0,0.0,1.0
0.8205554399491504,-0.4067265218487628,0.8061966430311798,1.0,0.0,0.0,0.0,1.0,0.0,0.0,0.0,1.0,0.0
-0.9212306775400253,1.366460658722545,0.4022619073228499,1.0,0.0,0.0,1.0,0.0,0.0,0.0,1.0,0.0,0.0
1.0382787046352975,-0.7035260928456772,-0.6695115914232522,1.0,0.0,0.0,1.0,0.0,0.0,0.0,0.0,1.0,0.0
0.7479810183871014,-0.5665416754624852,1.2047455822633981,0.0,1.0,1.0,0.0,0.0,0.0,0.0,1.0,0.0,0.0
-0.12291204035748642,-0.909002718920463,-1.4127515051265789,1.0,0.0,0.0,0.0,1.0,0.0,0.0,0.0,0.0,1.0
1.2560019693214444,1.2599172229800624,1.527893370830062,0.0,1.0,0.0,1.0,0.0,0.0,0.0,0.0,0.0,1.0
-1.5018260500364171,-0.38389578561823007,-0.1955615015254787,0.0,1.0,0.0,0.0,0.0,1.0,0.0,0.0,1.0,0.0
1.0382787046352975,0.711979553447299,1.2316745646439533,0.0,1.0,1.0,0.0,0.0,0.0,0.0,1.0,0.0,0.0
1.1834275477593954,0.12599065686364697,-0.9765019905615826,0.0,1.0,0.0,0.0,0.0,1.0,0.0,0.0,1.0,0.0
1.4011508124455423,-0.5437109392319526,0.2676169954200733,1.0,0.0,0.0,0.0,0.0,1.0,0.0,1.0,0.0,0.0
-0.12291204035748642,1.1305430510070495,0.18683004827840735,1.0,0.0,0.0,0.0,0.0,0.0,1.0,0.0,0.0,1.0
0.9657042830732484,-0.9622744367917031,-0.4648513253310319,0.0,1.0,0.0,1.0,0.0,0.0,0.0,0.0,1.0,0.0
-0.05033761879543743,0.37712875539949814,-0.12016035085992348,1.0,0.0,0.0,0.0,0.0,0.0,1.0,0.0,0.0,1.0
0.09481122432866054,-0.787238792357627,0.6823233240806255,0.0,1.0,0.0,1.0,0.0,0.0,0.0,1.0,0.0,0.0
0.8931298615111994,-0.5513211846421316,-1.186548053129914,0.0,1.0,1.0,0.0,0.0,0.0,0.0,0.0,0.0,1.0
-1.1389539422261723,0.3086365467079022,-0.6048820337099192,1.0,0.0,0.0,0.0,1.0,0.0,0.0,0.0,1.0,0.0
-0.05033761879543743,1.6632602297194594,-1.7574424795976868,0.0,1.0,0.0,0.0,0.0,0.0,1.0,0.0,1.0,0.0
0.022236802766611552,0.042277957351697294,0.0952715081845191,1.0,0.0,0.0,0.0,0.0,1.0,0.0,0.0,0.0,1.0
-0.2680608834815844,0.44562096409109414,-0.7987707068499177,1.0,0.0,0.0,0.0,0.0,1.0,0.0,1.0,0.0,0.0
-0.9212306775400253,1.290358204620772,1.2639893435006202,0.0,1.0,0.0,1.0,0.0,0.0,0.0,0.0,1.0,0.0
0.9657042830732484,0.03466771194152045,-1.660498143027688,0.0,1.0,0.0,1.0,0.0,0.0,0.0,1.0,0.0,0.0
0.09481122432866054,-0.35345480397752055,-1.6981987183604652,1.0,0.0,0.0,0.0,0.0,1.0,0.0,1.0,0.0,0.0
0.8931298615111994,-1.3275662164802136,1.3932484589272853,0.0,1.0,0.0,0.0,0.0,0.0,1.0,0.0,1.0,0.0
1.0382787046352975,0.9707278973933249,-1.1111469024643592,1.0,0.0,0.0,0.0,0.0,0.0,1.0,0.0,1.0,0.0
-1.7195493147225642,1.4577836036446714,0.6823233240806255,1.0,0.0,0.0,0.0,1.0,0.0,0.0,1.0,0.0,0.0
-1.5018260500364171,-0.9166129643306399,-1.6443407535993546,1.0,0.0,0.0,1.0,0.0,0.0,0.0,1.0,0.0,0.0
-1.0663795206641233,-0.04904498757042922,0.2514596059917403,0.0,1.0,0.0,0.0,0.0,1.0,0.0,0.0,1.0,0.0
1.0382787046352975,-1.5102121063244687,-0.5079376971399202,0.0,1.0,1.0,0.0,0.0,0.0,0.0,0.0,0.0,1.0
-0.4132097266056824,-0.26974210446557084,1.4740354060689513,1.0,0.0,0.0,1.0,0.0,0.0,0.0,0.0,0.0,1.0
0.9657042830732484,1.2675274683902393,-1.4935384522682449,0.0,1.0,0.0,1.0,0.0,0.0,0.0,1.0,0.0,0.0
-0.4132097266056824,1.2066455051088223,-0.8472428751349171,1.0,0.0,0.0,0.0,0.0,1.0,0.0,0.0,0.0,1.0
0.16738564589070953,1.351240167902189,1.2262887681678425,0.0,1.0,1.0,0.0,0.0,0.0,0.0,1.0,0.0,0.0
0.6028321752630035,1.4501733582344944,-1.094989513036026,0.0,1.0,0.0,1.0,0.0,0.0,0.0,0.0,0.0,1.0
1.2560019693214444,0.5826053814742839,-0.09323136847936815,0.0,1.0,1.0,0.0,0.0,0.0,0.0,0.0,0.0,1.0
0.3851089105768565,-0.4980494667708893,-1.5420106205532444,1.0,0.0,1.0,0.0,0.0,0.0,0.0,1.0,0.0,0.0
0.3125344890148075,-0.08709621462131564,0.06295672932785301,1.0,0.0,0.0,0.0,1.0,0.0,0.0,1.0,0.0,0.0
0.9657042830732484,0.6358770993455262,0.4830488544645159,0.0,1.0,1.0,0.0,0.0,0.0,0.0,1.0,0.0,0.0
0.7479810183871014,-0.6122031479235486,0.3861045178945169,1.0,0.0,1.0,0.0,0.0,0.0,0.0,1.0,0.0,0.0
-0.19548646191953542,1.0924918239561632,1.0970296527411767,0.0,1.0,0.0,1.0,0.0,0.0,0.0,0.0,0.0,1.0
-0.8486562559779763,-1.1753613082766678,-1.6551123465515767,1.0,0.0,0.0,0.0,0.0,0.0,1.0,0.0,0.0,1.0
-0.3406353050436334,0.7880820075490719,-0.9711161940854715,0.0,1.0,0.0,1.0,0.0,0.0,0.0,0.0,1.0,0.0
-1.646974893160515,1.0239996152645672,-0.37329278523714365,0.0,1.0,0.0,0.0,0.0,0.0,1.0,1.0,0.0,0.0
-0.5583585697297804,0.70436930803712,-0.4540797323788096,1.0,0.0,0.0,0.0,0.0,0.0,1.0,0.0,1.0,0.0
0.022236802766611552,-0.24691136823504028,-1.2242486284626917,0.0,1.0,0.0,0.0,0.0,0.0,1.0,0.0,1.0,0.0
0.5302577537009545,-1.1601408174563141,1.6140661144478394,1.0,0.0,0.0,0.0,0.0,0.0,1.0,0.0,1.0,0.0
1.6914484986937381,-0.38389578561823007,0.10604310113674137,0.0,1.0,1.0,0.0,0.0,0.0,0.0,0.0,0.0,1.0
-0.19548646191953542,-0.04143474216025238,-0.44869393590269807,0.0,1.0,0.0,1.0,0.0,0.0,0.0,1.0,0.0,0.0
-0.7760818344159273,0.2020931109654198,-1.0303599553226932,0.0,1.0,1.0,0.0,0.0,0.0,0.0,1.0,0.0,0.0
-1.7195493147225642,-1.555873578785532,-1.0572889377032486,0.0,1.0,0.0,0.0,1.0,0.0,0.0,0.0,0.0,1.0
-1.2841027853502702,0.042277957351697294,1.0216285020756224,0.0,1.0,0.0,0.0,0.0,0.0,1.0,0.0,0.0,1.0
-0.9212306775400253,-0.3001830861062804,-1.186548053129914,0.0,1.0,1.0,0.0,0.0,0.0,0.0,0.0,0.0,1.0
1.5462996555696402,-1.3503969527107462,0.5530642086539596,0.0,1.0,1.0,0.0,0.0,0.0,0.0,0.0,1.0,0.0
1.4011508124455423,-1.3503969527107462,-0.43253654647436507,0.0,1.0,0.0,0.0,0.0,0.0,1.0,0.0,1.0,0.0
1.0382787046352975,0.9022356887017311,-0.7664559279932512,0.0,1.0,1.0,0.0,0.0,0.0,0.0,0.0,1.0,0.0
1.0382787046352975,0.6130463631149935,1.247831954072287,0.0,1.0,0.0,0.0,0.0,1.0,0.0,1.0,0.0,0.0
-0.2680608834815844,-0.7491875653067405,-1.3588935403654683,0.0,1.0,0.0,0.0,0.0,1.0,0.0,0.0,1.0,0.0
0.09481122432866054,-0.787238792357627,-1.6174117712187992,1.0,0.0,0.0,1.0,0.0,0.0,0.0,1.0,0.0,0.0
1.0382787046352975,-0.39911627643858594,-1.5689396029337996,1.0,0.0,1.0,0.0,0.0,0.0,0.0,1.0,0.0,0.0
-0.7760818344159273,-0.14797817790273476,-1.148847477797137,0.0,1.0,1.0,0.0,0.0,0.0,0.0,0.0,0.0,1.0
0.09481122432866054,-0.30779333151645727,0.3107033672289617,1.0,0.0,0.0,0.0,1.0,0.0,0.0,0.0,0.0,1.0
-0.05033761879543743,-1.0079359092527684,0.6015363769389594,0.0,1.0,1.0,0.0,0.0,0.0,0.0,1.0,0.0,0.0
0.9657042830732484,1.3969016403632544,-0.09861716495547891,0.0,1.0,0.0,0.0,0.0,1.0,0.0,0.0,0.0,1.0
-1.2841027853502702,1.15337378723758,0.9731563337906224,0.0,1.0,0.0,0.0,1.0,0.0,0.0,0.0,0.0,1.0
-1.3566772069123192,-0.4599982397200029,1.285532529405064,1.0,0.0,0.0,0.0,1.0,0.0,0.0,0.0,1.0,0.0
1.0382787046352975,-1.434109652222696,1.0916438562650659,1.0,0.0,0.0,1.0,0.0,0.0,0.0,0.0,0.0,1.0
-1.0663795206641233,-0.5969826571031949,0.03602774694729769,0.0,1.0,0.0,0.0,0.0,1.0,0.0,0.0,1.0,0.0
1.4737252340075913,1.2599172229800624,0.8438972183639574,1.0,0.0,0.0,0.0,1.0,0.0,0.0,0.0,0.0,1.0
0.16738564589070953,0.3238570375282559,-0.45946552885492037,0.0,1.0,0.0,1.0,0.0,0.0,0.0,1.0,0.0,0.0
1.6188740771316892,-0.5665416754624852,1.0108569091234,0.0,1.0,0.0,1.0,0.0,0.0,0.0,0.0,1.0,0.0
-1.1389539422261723,-1.1296998358156045,-0.3409780063804768,1.0,0.0,0.0,1.0,0.0,0.0,0.0,1.0,0.0,0.0
0.7479810183871014,1.0087791244442113,1.6248377074000617,0.0,1.0,0.0,0.0,0.0,0.0,1.0,1.0,0.0,0.0
0.9657042830732484,-1.5254325971448224,-0.5887246442815862,1.0,0.0,0.0,0.0,1.0,0.0,0.0,0.0,0.0,1.0
-0.3406353050436334,0.33907752834861177,1.6625382827328385,1.0,0.0,0.0,0.0,1.0,0.0,0.0,0.0,0.0,1.0
0.6754065968250524,-1.0612076271240087,-1.3427361509371352,1.0,0.0,1.0,0.0,0.0,0.0,0.0,0.0,0.0,1.0
1.6914484986937381,1.0772713331358073,0.8331256254117351,0.0,1.0,0.0,0.0,0.0,0.0,1.0,1.0,0.0,0.0
0.8205554399491504,-1.624365787477128,0.5584500051300704,0.0,1.0,0.0,0.0,0.0,1.0,0.0,0.0,1.0,0.0
-0.05033761879543743,1.1077123147765169,0.9893137232189555,1.0,0.0,0.0,0.0,1.0,0.0,0.0,1.0,0.0,0.0
1.4011508124455423,-1.1373100812257815,0.7954250500789575,1.0,0.0,0.0,0.0,1.0,0.0,0.0,0.0,1.0,0.0
0.8205554399491504,0.7424205350880064,-1.7251277007410204,1.0,0.0,0.0,0.0,1.0,0.0,0.0,1.0,0.0,0.0
-0.7760818344159273,1.6556499843092802,1.2424461575961756,1.0,0.0,0.0,1.0,0.0,0.0,0.0,0.0,1.0,0.0
1.3285763908834933,1.0087791244442113,-1.7520566831215758,1.0,0.0,0.0,1.0,0.0,0.0,0.0,0.0,1.0,0.0
0.8205554399491504,0.15643163850435654,0.35378973903785005,1.0,0.0,0.0,0.0,1.0,0.0,0.0,0.0,1.0,0.0
1.1834275477593954,-1.4493301430430496,1.2639893435006202,1.0,0.0,0.0,0.0,0.0,1.0,0.0,1.0,0.0,0.0
-1.574400471598466,-0.5969826571031949,0.5638358016061819,1.0,0.0,0.0,0.0,1.0,0.0,0.0,0.0,1.0,0.0
1.1108531261973464,0.41517998245038457,0.19760164123062962,1.0,0.0,0.0,0.0,0.0,1.0,0.0,0.0,1.0,0.0
-1.2115283637882213,1.275137713800416,0.3645613319900723,0.0,1.0,0.0,0.0,0.0,0.0,1.0,0.0,0.0,1.0
-1.3566772069123192,-0.8557310010492228,1.172430803406732,1.0,0.0,0.0,0.0,0.0,0.0,1.0,0.0,1.0,0.0
-0.9938050991020743,-0.7111363382558541,0.8708262007445127,1.0,0.0,0.0,1.0,0.0,0.0,0.0,0.0,1.0,0.0
0.8205554399491504,0.5902156268844607,-0.6048820337099192,1.0,0.0,0.0,1.0,0.0,0.0,0.0,1.0,0.0,0.0
-0.2680608834815844,0.5597746452437533,0.7577244747461799,0.0,1.0,1.0,0.0,0.0,0.0,0.0,0.0,1.0,0.0
-0.7760818344159273,0.25536482883666206,-0.6695115914232522,1.0,0.0,0.0,0.0,1.0,0.0,0.0,1.0,0.0,0.0
-0.05033761879543743,1.6328192480787498,-0.6318110160904746,0.0,1.0,0.0,0.0,0.0,0.0,1.0,0.0,1.0,0.0
-1.4292516284743682,-1.692857996168724,0.9031409796011788,0.0,1.0,0.0,1.0,0.0,0.0,0.0,0.0,1.0,0.0
1.1834275477593954,0.574995136064107,0.20298743770674038,1.0,0.0,0.0,0.0,1.0,0.0,0.0,0.0,1.0,0.0
1.0382787046352975,-1.0231564000731221,0.9300699619817341,1.0,0.0,0.0,1.0,0.0,0.0,0.0,1.0,0.0,0.0
0.8205554399491504,1.4425631128243177,-0.1470893332404788,1.0,0.0,0.0,0.0,0.0,0.0,1.0,1.0,0.0,0.0
-0.6309329912918293,0.3238570375282559,-0.6048820337099192,0.0,1.0,0.0,0.0,0.0,1.0,0.0,0.0,0.0,1.0
-1.5018260500364171,0.13360090227382382,0.6284653593195147,1.0,0.0,0.0,1.0,0.0,0.0,0.0,1.0,0.0,0.0
0.09481122432866054,0.0042267303008108855,1.334004697690064,1.0,0.0,1.0,0.0,0.0,0.0,0.0,0.0,0.0,1.0
-1.574400471598466,1.1838147688782896,-1.3588935403654683,1.0,0.0,0.0,1.0,0.0,0.0,0.0,0.0,0.0,1.0
-0.7760818344159273,-0.48282897595053564,0.337632349609517,0.0,1.0,0.0,0.0,0.0,0.0,1.0,1.0,0.0,0.0
0.7479810183871014,0.7804717621388928,-1.515081638172689,0.0,1.0,0.0,0.0,0.0,1.0,0.0,1.0,0.0,0.0
-0.7035074128538783,-0.4980494667708893,0.1275862870411852,1.0,0.0,0.0,0.0,0.0,1.0,0.0,0.0,0.0,1.0
1.2560019693214444,-0.6730851112049677,-0.9011008398960278,1.0,0.0,0.0,0.0,0.0,0.0,1.0,0.0,0.0,1.0
-0.9212306775400253,0.17926237473488923,1.2424461575961756,0.0,1.0,1.0,0.0,0.0,0.0,0.0,0.0,1.0,0.0
-1.4292516284743682,-1.1981920445072005,-1.6497265500754656,0.0,1.0,0.0,1.0,0.0,0.0,0.0,0.0,0.0,1.0
-1.5018260500364171,1.6328192480787498,-1.1326900883688034,0.0,1.0,0.0,0.0,0.0,1.0,0.0,0.0,1.0,0.0
-1.2841027853502702,0.4075697370402077,0.052185136375630735,1.0,0.0,0.0,0.0,0.0,1.0,0.0,1.0,0.0,0.0
-1.2841027853502702,0.8794049524711983,1.3555478835945085,0.0,1.0,0.0,0.0,1.0,0.0,0.0,0.0,1.0,0.0
-1.0663795206641233,-0.5513211846421316,1.3232331047378416,0.0,1.0,1.0,0.0,0.0,0.0,0.0,0.0,1.0,0.0
-0.7035074128538783,1.5110553215159137,0.10604310113674137,1.0,0.0,1.0,0.0,0.0,0.0,0.0,0.0,1.0,0.0
0.8931298615111994,1.3055786954411257,-1.5312390276010224,1.0,0.0,1.0,0.0,0.0,0.0,0.0,0.0,0.0,1.0
1.0382787046352975,-0.026214251339898676,-0.43253654647436507,1.0,0.0,0.0,0.0,0.0,0.0,1.0,1.0,0.0,0.0
-0.48578414816773136,0.057498448172051,-0.3409780063804768,1.0,0.0,0.0,0.0,0.0,0.0,1.0,0.0,0.0,1.0
1.0382787046352975,-0.7339670744863847,-1.5527822135054667,1.0,0.0,0.0,0.0,0.0,0.0,1.0,0.0,1.0,0.0
0.6028321752630035,1.031609860674744,0.9893137232189555,1.0,0.0,0.0,1.0,0.0,0.0,0.0,0.0,0.0,1.0
-0.9938050991020743,1.3816811495428987,-1.746670886645465,0.0,1.0,0.0,0.0,0.0,1.0,0.0,0.0,0.0,1.0
1.3285763908834933,0.13360090227382382,-1.3319645579849129,1.0,0.0,0.0,0.0,0.0,0.0,1.0,0.0,0.0,1.0
0.9657042830732484,-0.9013924735102862,-0.922644025800472,0.0,1.0,0.0,0.0,0.0,0.0,1.0,1.0,0.0,0.0
-1.0663795206641233,-0.9166129643306399,1.4686496095928405,0.0,1.0,0.0,0.0,1.0,0.0,0.0,1.0,0.0,0.0
0.8205554399491504,-1.0003256638425895,0.3861045178945169,0.0,1.0,0.0,0.0,0.0,1.0,0.0,0.0,0.0,1.0
0.6754065968250524,-0.6578646203846118,-0.32482061695214376,1.0,0.0,0.0,1.0,0.0,0.0,0.0,0.0,1.0,0.0
0.022236802766611552,-1.0688178725341855,0.5799931910345149,0.0,1.0,0.0,0.0,0.0,0.0,1.0,0.0,0.0,1.0
0.6754065968250524,-1.3199559710700366,0.11681469408896365,0.0,1.0,0.0,1.0,0.0,0.0,0.0,0.0,0.0,1.0
0.6028321752630035,0.44562096409109414,-0.9872735835138049,1.0,0.0,0.0,0.0,1.0,0.0,0.0,1.0,0.0,0.0
-1.7195493147225642,-0.9622744367917031,0.22453062361118495,1.0,0.0,0.0,0.0,1.0,0.0,0.0,0.0,1.0,0.0
0.8205554399491504,1.2523069775698856,0.8546688113161789,0.0,1.0,0.0,0.0,1.0,0.0,0.0,0.0,1.0,0.0
-1.4292516284743682,0.1640418839145334,-1.1165326989404705,0.0,1.0,0.0,0.0,0.0,1.0,0.0,0.0,1.0,0.0
0.8205554399491504,1.0011688790340345,0.6930949170328469,0.0,1.0,1.0,0.0,0.0,0.0,0.0,1.0,0.0,0.0
-0.05033761879543743,-1.6548067691178376,-0.2440336698104778,1.0,0.0,0.0,0.0,0.0,1.0,0.0,1.0,0.0,0.0
1.6188740771316892,-0.718746583666031,-1.1165326989404705,1.0,0.0,0.0,1.0,0.0,0.0,0.0,0.0,0.0,1.0
-0.9938050991020743,-0.9851051730222358,1.4901927954972851,1.0,0.0,0.0,0.0,1.0,0.0,0.0,0.0,0.0,1.0
1.1834275477593954,0.3314672829384349,1.5117359814017288,1.0,0.0,0.0,0.0,1.0,0.0,0.0,0.0,1.0,0.0
0.6028321752630035,-1.2514637623784408,-0.8149280962782507,0.0,1.0,0.0,0.0,1.0,0.0,0.0,0.0,1.0,0.0
0.7479810183871014,1.6860909659499899,1.4901927954972851,1.0,0.0,0.0,0.0,0.0,0.0,1.0,0.0,0.0,1.0
-0.5583585697297804,-0.30779333151645727,0.8115824395072905,1.0,0.0,0.0,0.0,0.0,1.0,0.0,0.0,0.0,1.0
-0.8486562559779763,1.5034450761057347,1.447106423688396,1.0,0.0,1.0,0.0,0.0,0.0,0.0,0.0,1.0,0.0
0.8931298615111994,0.384739000809675,0.6984807135089585,1.0,0.0,0.0,1.0,0.0,0.0,0.0,1.0,0.0,0.0
0.16738564589070953,1.297968450030949,1.3232331047378416,0.0,1.0,1.0,0.0,0.0,0.0,0.0,0.0,1.0,0.0
0.022236802766611552,1.2523069775698856,-1.089603716559915,1.0,0.0,0.0,1.0,0.0,0.0,0.0,0.0,0.0,1.0
0.4576833321389055,-0.14797817790273476,-0.91187243284825,0.0,1.0,0.0,1.0,0.0,0.0,0.0,0.0,0.0,1.0
1.2560019693214444,0.13360090227382382,-1.2296344249388027,1.0,0.0,1.0,0.0,0.0,0.0,0.0,0.0,1.0,0.0
0.3125344890148075,-1.4417198976328727,1.1832023963589542,0.0,1.0,0.0,0.0,0.0,1.0,0.0,0.0,1.0,0.0
-1.574400471598466,1.168594278057936,0.978542130266734,1.0,0.0,1.0,0.0,0.0,0.0,0.0,1.0,0.0,0.0
0.022236802766611552,1.160984032647757,-0.4271507499982543,1.0,0.0,0.0,0.0,1.0,0.0,0.0,0.0,0.0,1.0
-1.3566772069123192,-0.6426441295642581,1.5925229285433948,1.0,0.0,0.0,0.0,0.0,1.0,0.0,0.0,1.0,0.0
-0.12291204035748642,1.5719372847973305,1.0000853161711778,0.0,1.0,0.0,0.0,1.0,0.0,0.0,0.0,0.0,1.0
0.022236802766611552,0.12599065686364697,-0.43792234295047655,1.0,0.0,0.0,1.0,0.0,0.0,0.0,0.0,1.0,0.0
-0.4132097266056824,-0.1784191595434443,-0.08245977552714587,0.0,1.0,0.0,0.0,0.0,1.0,0.0,0.0,1.0,0.0
-1.5018260500364171,-0.09470646003149465,0.02525615399507541,1.0,0.0,1.0,0.0,0.0,0.0,0.0,1.0,0.0,0.0
1.5462996555696402,-0.6806953566151446,-0.5779530513293639,1.0,0.0,0.0,0.0,0.0,0.0,1.0,1.0,0.0,0.0
1.5462996555696402,-0.6350338841540812,-0.44869393590269807,0.0,1.0,0.0,0.0,0.0,1.0,0.0,1.0,0.0,0.0
0.022236802766611552,0.1868726201450661,1.1670450069306213,1.0,0.0,0.0,0.0,1.0,0.0,0.0,0.0,1.0,0.0
-1.4292516284743682,-1.3960584251718096,1.4955785919733957,0.0,1.0,0.0,1.0,0.0,0.0,0.0,0.0,0.0,1.0
1.6914484986937381,1.0772713331358073,-0.1847899085732564,1.0,0.0,1.0,0.0,0.0,0.0,0.0,1.0,0.0,0.0
0.6028321752630035,1.0011688790340345,0.7200238994134023,1.0,0.0,0.0,1.0,0.0,0.0,0.0,0.0,1.0,0.0
1.0382787046352975,-0.3915060310284069,-0.1578609261927011,0.0,1.0,0.0,0.0,1.0,0.0,0.0,0.0,0.0,1.0
-0.19548646191953542,0.48367219114198057,-0.7287553526604735,1.0,0.0,0.0,0.0,1.0,0.0,0.0,1.0,0.0,0.0
1.6188740771316892,0.894625443291552,0.7954250500789575,0.0,1.0,0.0,0.0,0.0,0.0,1.0,0.0,0.0,1.0
-1.646974893160515,0.5673848906539302,0.7307954923656246,0.0,1.0,1.0,0.0,0.0,0.0,0.0,1.0,0.0,0.0
-1.2115283637882213,-1.4036686705819863,0.531521022749515,1.0,0.0,0.0,0.0,0.0,1.0,0.0,0.0,1.0,0.0
0.6754065968250524,-1.6471965237076585,-0.4271507499982543,1.0,0.0,0.0,0.0,0.0,0.0,1.0,0.0,0.0,1.0
-1.3566772069123192,-0.6045929025133717,-1.3265787615088018,0.0,1.0,0.0,1.0,0.0,0.0,0.0,0.0,0.0,1.0
0.23996006745275852,-1.548263333375355,-0.7179837597082513,0.0,1.0,1.0,0.0,0.0,0.0,0.0,0.0,0.0,1.0
-0.5583585697297804,-0.14797817790273476,1.6948530615895054,0.0,1.0,0.0,0.0,0.0,0.0,1.0,0.0,0.0,1.0
1.4011508124455423,0.9478971611627943,1.5655939461628394,0.0,1.0,0.0,0.0,0.0,0.0,1.0,1.0,0.0,0.0
0.3851089105768565,1.0239996152645672,0.3160891637050724,1.0,0.0,0.0,0.0,0.0,1.0,0.0,1.0,0.0,0.0
-0.4132097266056824,1.4653938490548482,0.014484561042853129,0.0,1.0,0.0,0.0,0.0,1.0,0.0,0.0,0.0,1.0
-0.6309329912918293,-1.555873578785532,1.156273413978399,0.0,1.0,0.0,0.0,0.0,0.0,1.0,0.0,1.0,0.0
-1.646974893160515,-0.1023167054416715,-0.023216014289924473,1.0,0.0,1.0,0.0,0.0,0.0,0.0,0.0,0.0,1.0
-1.5018260500364171,-0.9546641913815263,-1.4773810628399118,1.0,0.0,1.0,0.0,0.0,0.0,0.0,1.0,0.0,0.0
0.3125344890148075,0.8717947070610215,1.4524922201645074,0.0,1.0,0.0,1.0,0.0,0.0,0.0,0.0,0.0,1.0
-0.3406353050436334,-0.2240806320045076,0.6769375276045139,1.0,0.0,0.0,0.0,0.0,1.0,0.0,1.0,0.0,0.0
1.5462996555696402,-1.426499406812519,-0.27634844866714464,1.0,0.0,0.0,0.0,0.0,0.0,1.0,0.0,1.0,0.0
-0.7035074128538783,-1.3427867073005673,0.47766305798840436,0.0,1.0,0.0,0.0,0.0,1.0,0.0,0.0,1.0,0.0
-0.6309329912918293,1.1153225601866936,1.4901927954972851,1.0,0.0,0.0,1.0,0.0,0.0,0.0,1.0,0.0,0.0
-0.6309329912918293,1.0544405969052768,-0.5994962372338085,1.0,0.0,0.0,0.0,1.0,0.0,0.0,0.0,0.0,1.0
-1.646974893160515,1.6556499843092802,0.3968761108467384,1.0,0.0,0.0,0.0,1.0,0.0,0.0,0.0,1.0,0.0
-0.6309329912918293,-0.8557310010492228,0.7415670853178468,1.0,0.0,0.0,0.0,0.0,1.0,0.0,0.0,0.0,1.0
-0.3406353050436334,-0.6959158474354983,-1.515081638172689,1.0,0.0,1.0,0.0,0.0,0.0,0.0,0.0,0.0,1.0
-0.05033761879543743,0.2020931109654198,-0.6856689808515852,0.0,1.0,1.0,0.0,0.0,0.0,0.0,1.0,0.0,0.0
1.2560019693214444,1.5110553215159137,1.2316745646439533,0.0,1.0,0.0,1.0,0.0,0.0,0.0,0.0,1.0,0.0
0.7479810183871014,-0.3915060310284069,-1.741285090169354,0.0,1.0,0.0,0.0,0.0,1.0,0.0,0.0,0.0,1.0
-0.3406353050436334,-1.3275662164802136,-1.0142025658943603,1.0,0.0,0.0,0.0,0.0,1.0,0.0,0.0,0.0,1.0
-0.12291204035748642,0.21731360178577566,-0.8041565033260288,0.0,1.0,0.0,0.0,0.0,0.0,1.0,1.0,0.0,0.0
-0.48578414816773136,0.4988926819623342,1.6733098756850608,0.0,1.0,0.0,0.0,0.0,0.0,1.0,1.0,0.0,0.0
1.1108531261973464,1.5795475302075075,-0.8741718575154724,0.0,1.0,0.0,0.0,1.0,0.0,0.0,0.0,1.0,0.0
0.16738564589070953,-1.3427867073005673,0.6930949170328469,1.0,0.0,0.0,0.0,0.0,1.0,0.0,0.0,0.0,1.0
0.09481122432866054,1.0696610877256305,-1.235020221414914,1.0,0.0,0.0,1.0,0.0,0.0,0.0,0.0,1.0,0.0
-1.5018260500364171,0.41517998245038457,-0.37329278523714365,0.0,1.0,0.0,0.0,0.0,0.0,1.0,0.0,0.0,1.0
1.6914484986937381,-0.3458445585673437,-0.4271507499982543,1.0,0.0,1.0,0.0,0.0,0.0,0.0,0.0,1.0,0.0
-0.8486562559779763,-0.2849625952859267,-0.1470893332404788,0.0,1.0,0.0,0.0,1.0,0.0,0.0,0.0,1.0,0.0
0.23996006745275852,1.3892913949530754,0.14912947294562973,1.0,0.0,0.0,0.0,0.0,1.0,0.0,1.0,0.0,0.0
-1.2115283637882213,-0.5361006938217757,1.61945191092395,1.0,0.0,0.0,0.0,1.0,0.0,0.0,0.0,0.0,1.0
0.09481122432866054,-0.2240806320045076,1.6248377074000617,0.0,1.0,1.0,0.0,0.0,0.0,0.0,0.0,1.0,0.0
0.7479810183871014,-1.494991615504113,-0.7772275209454734,1.0,0.0,0.0,0.0,0.0,0.0,1.0,1.0,0.0,0.0
1.5462996555696402,-1.2819047440191502,0.6069221734150702,1.0,0.0,0.0,0.0,0.0,0.0,1.0,0.0,1.0,0.0
1.3285763908834933,0.24775458342648304,-1.1434616813210257,1.0,0.0,0.0,0.0,0.0,0.0,1.0,0.0,1.0,0.0
1.6188740771316892,0.5673848906539302,-0.7826133174215842,0.0,1.0,0.0,0.0,1.0,0.0,0.0,0.0,0.0,1.0
1.1834275477593954,-0.9851051730222358,-1.3588935403654683,0.0,1.0,0.0,0.0,1.0,0.0,0.0,1.0,0.0,0.0
-1.1389539422261723,0.19448286555524294,-0.4433081394265873,0.0,1.0,0.0,0.0,0.0,0.0,1.0,1.0,0.0,0.0
1.3285763908834933,-0.9851051730222358,1.6840814686372831,1.0,0.0,0.0,0.0,0.0,0.0,1.0,0.0,1.0,0.0
-1.5018260500364171,-0.35345480397752055,-0.11477455438381272,0.0,1.0,0.0,0.0,0.0,1.0,0.0,1.0,0.0,0.0
1.0382787046352975,1.7089217021805225,-1.008816769418249,0.0,1.0,0.0,1.0,0.0,0.0,0.0,0.0,0.0,1.0
0.3125344890148075,-0.9394437005611725,0.11681469408896365,1.0,0.0,0.0,1.0,0.0,0.0,0.0,0.0,0.0,1.0
-1.7195493147225642,-0.787238792357627,1.7110104510178383,0.0,1.0,0.0,0.0,0.0,0.0,1.0,1.0,0.0,0.0
-1.5018260500364171,0.711979553447299,-0.21171889095381172,1.0,0.0,0.0,0.0,0.0,0.0,1.0,1.0,0.0,0.0
-0.48578414816773136,1.1305430510070495,-1.4073657086504678,0.0,1.0,0.0,0.0,1.0,0.0,0.0,0.0,1.0,0.0
-0.12291204035748642,-0.026214251339898676,-0.7664559279932512,1.0,0.0,0.0,0.0,0.0,1.0,0.0,0.0,1.0,0.0
0.9657042830732484,-0.0033835151093659648,-0.26557685571492234,1.0,0.0,1.0,0.0,0.0,0.0,0.0,0.0,0.0,1.0
0.16738564589070953,0.4227902278605614,0.4615056685600713,0.0,1.0,0.0,0.0,0.0,0.0,1.0,0.0,0.0,1.0
1.1108531261973464,-0.4067265218487628,-1.746670886645465,1.0,0.0,0.0,0.0,1.0,0.0,0.0,1.0,0.0,0.0
-0.9212306775400253,-0.589372411693018,-1.7089703113126875,0.0,1.0,0.0,0.0,0.0,0.0,1.0,0.0,0.0,1.0
0.9657042830732484,-1.487381370093936,-1.1111469024643592,1.0,0.0,1.0,0.0,0.0,0.0,0.0,0.0,0.0,1.0
1.6188740771316892,-1.5863145604262416,-1.4612236734115784,0.0,1.0,0.0,1.0,0.0,0.0,0.0,0.0,1.0,0.0
1.2560019693214444,1.0924918239561632,1.7163962474939491,0.0,1.0,0.0,0.0,0.0,1.0,0.0,1.0,0.0,0.0
1.1834275477593954,-0.589372411693018,-0.9711161940854715,0.0,1.0,0.0,0.0,1.0,0.0,0.0,0.0,0.0,1.0
0.16738564589070953,0.9783381428035038,0.7200238994134023,1.0,0.0,0.0,0.0,1.0,0.0,0.0,0.0,1.0,0.0
-1.3566772069123192,-1.6319760328873048,-0.5348666795204756,0.0,1.0,0.0,0.0,1.0,0.0,0.0,0.0,1.0,0.0
-0.9212306775400253,-1.2210227807377312,-0.13093194381214576,1.0,0.0,0.0,0.0,0.0,1.0,0.0,0.0,0.0,1.0
-0.3406353050436334,-0.42955725807929335,-0.01783021781381295,1.0,0.0,0.0,1.0,0.0,0.0,0.0,1.0,0.0,0.0
0.09481122432866054,1.5110553215159137,1.123958635121732,0.0,1.0,0.0,0.0,0.0,1.0,0.0,1.0,0.0,0.0
1.4011508124455423,-0.018604005929721827,-1.2134770355104694,0.0,1.0,0.0,0.0,0.0,0.0,1.0,1.0,0.0,0.0
0.4576833321389055,1.5567167939769768,-0.922644025800472,1.0,0.0,0.0,1.0,0.0,0.0,0.0,0.0,1.0,0.0
1.2560019693214444,1.0696610877256305,-0.8687860610393613,0.0,1.0,0.0,1.0,0.0,0.0,0.0,0.0,1.0,0.0
0.5302577537009545,-1.624365787477128,1.301689918833398,0.0,1.0,0.0,0.0,0.0,1.0,0.0,1.0,0.0,0.0
0.16738564589070953,0.5445541544233975,-0.023216014289924473,1.0,0.0,0.0,0.0,0.0,0.0,1.0,0.0,0.0,1.0
0.3851089105768565,1.419732376593785,1.0324000950278447,1.0,0.0,0.0,0.0,0.0,0.0,1.0,0.0,1.0,0.0
-0.6309329912918293,1.168594278057936,-0.09323136847936815,0.0,1.0,0.0,1.0,0.0,0.0,0.0,0.0,1.0,0.0
-0.5583585697297804,-1.6852477507585448,1.5817513355911725,1.0,0.0,0.0,0.0,1.0,0.0,0.0,1.0,0.0,0.0
1.6188740771316892,-0.39911627643858594,-0.19017570504936715,1.0,0.0,1.0,0.0,0.0,0.0,0.0,1.0,0.0,0.0
-0.3406353050436334,1.0087791244442113,-1.3750509297938014,0.0,1.0,0.0,0.0,1.0,0.0,0.0,0.0,1.0,0.0
-0.05033761879543743,1.5871577756176865,-1.2457918143671358,1.0,0.0,0.0,0.0,1.0,0.0,0.0,1.0,0.0,0.0
0.4576833321389055,-1.2058022899173775,0.14912947294562973,0.0,1.0,0.0,1.0,0.0,0.0,0.0,0.0,0.0,1.0
0.3125344890148075,-0.8024592831779807,1.0808722633128438,1.0,0.0,0.0,0.0,0.0,0.0,1.0,1.0,0.0,0.0
-0.48578414816773136,-1.2895149894293272,1.301689918833398,0.0,1.0,1.0,0.0,0.0,0.0,0.0,0.0,1.0,0.0
1.4737252340075913,-0.3762855402080532,1.1024154492172882,0.0,1.0,0.0,1.0,0.0,0.0,0.0,1.0,0.0,0.0
-0.7035074128538783,1.6632602297194594,-0.4917803077115872,0.0,1.0,0.0,0.0,0.0,1.0,0.0,0.0,1.0,0.0
0.5302577537009545,0.43040047327073827,-0.9765019905615826,0.0,1.0,0.0,1.0,0.0,0.0,0.0,0.0,1.0,0.0
-0.2680608834815844,-0.018604005929721827,1.4040200518795076,0.0,1.0,1.0,0.0,0.0,0.0,0.0,0.0,0.0,1.0
-0.8486562559779763,0.841353725420312,0.7954250500789575,0.0,1.0,0.0,0.0,1.0,0.0,0.0,0.0,0.0,1.0
1.1834275477593954,-0.3154035769266341,-0.4756229182832534,0.0,1.0,0.0,0.0,0.0,0.0,1.0,0.0,0.0,1.0
0.23996006745275852,-0.5589314300523085,-0.26019105923881086,0.0,1.0,0.0,1.0,0.0,0.0,0.0,1.0,0.0,0.0
-1.0663795206641233,1.1229328055968706,-0.007058624861591433,1.0,0.0,0.0,0.0,0.0,0.0,1.0,0.0,1.0,0.0
-1.574400471598466,1.0468303514950976,0.6715517311284032,1.0,0.0,0.0,0.0,0.0,0.0,1.0,0.0,0.0,1.0
-0.12291204035748642,0.22492384719595251,-0.9441872117049162,0.0,1.0,1.0,0.0,0.0,0.0,0.0,1.0,0.0,0.0
0.9657042830732484,0.03466771194152045,0.21375903065896265,1.0,0.0,0.0,0.0,0.0,1.0,0.0,0.0,0.0,1.0
1.4011508124455423,1.1762045234681129,0.03602774694729769,0.0,1.0,0.0,0.0,0.0,0.0,1.0,1.0,0.0,0.0
-0.8486562559779763,0.46084145491144785,-0.8795576539915836,0.0,1.0,0.0,1.0,0.0,0.0,0.0,0.0,1.0,0.0
1.1108531261973464,1.297968450030949,-0.12554614733603423,1.0,0.0,0.0,0.0,0.0,1.0,0.0,0.0,1.0,0.0
1.4011508124455423,-0.5284904484115989,0.7792676606506244,1.0,0.0,0.0,0.0,0.0,1.0,0.0,0.0,0.0,1.0
0.8205554399491504,-0.23169087741468444,1.1455018210261767,0.0,1.0,0.0,0.0,0.0,0.0,1.0,1.0,0.0,0.0
-0.4132097266056824,-1.3503969527107462,-0.7987707068499177,1.0,0.0,1.0,0.0,0.0,0.0,0.0,0.0,0.0,1.0
-1.574400471598466,0.17165212932471025,0.5530642086539596,1.0,0.0,0.0,1.0,0.0,0.0,0.0,0.0,0.0,1.0
-0.19548646191953542,-0.977494927612059,0.44534827913173824,1.0,0.0,1.0,0.0,0.0,0.0,0.0,0.0,1.0,0.0
0.8205554399491504,-1.6471965237076585,1.1939739893111765,1.0,0.0,0.0,0.0,0.0,1.0,0.0,1.0,0.0,0.0
0.16738564589070953,-0.12514744167220204,1.4363348307361743,1.0,0.0,1.0,0.0,0.0,0.0,0.0,0.0,0.0,1.0
0.3851089105768565,-0.2240806320045076,0.994699519695067,0.0,1.0,0.0,0.0,0.0,0.0,1.0,0.0,1.0,0.0
-1.4292516284743682,0.5369439090132206,0.9839279267428447,1.0,0.0,0.0,0.0,0.0,0.0,1.0,0.0,1.0,0.0
-0.12291204035748642,1.3816811495428987,-0.5456382724726979,1.0,0.0,1.0,0.0,0.0,0.0,0.0,0.0,0.0,1.0
0.23996006745275852,1.366460658722545,-1.154233274273248,1.0,0.0,0.0,0.0,0.0,0.0,1.0,0.0,0.0,1.0
-1.646974893160515,-0.13275768708238106,0.65539434170007,0.0,1.0,0.0,1.0,0.0,0.0,0.0,0.0,1.0,0.0
0.8931298615111994,1.3892913949530754,-0.5779530513293639,0.0,1.0,0.0,1.0,0.0,0.0,0.0,0.0,0.0,1.0
-0.12291204035748642,1.3207991862614816,-0.1093887579077012,1.0,0.0,1.0,0.0,0.0,0.0,0.0,0.0,0.0,1.0
1.6188740771316892,-0.41433676725893964,-0.6856689808515852,0.0,1.0,0.0,0.0,0.0,0.0,1.0,0.0,0.0,1.0
1.5462996555696402,0.841353725420312,-0.23864787333436704,0.0,1.0,0.0,1.0,0.0,0.0,0.0,1.0,0.0,0.0
-0.9938050991020743,-0.5132699575912452,1.1993597857872873,1.0,0.0,0.0,0.0,0.0,0.0,1.0,1.0,0.0,0.0
1.3285763908834933,0.8565742162406657,-0.8095422998021395,1.0,0.0,0.0,0.0,1.0,0.0,0.0,0.0,0.0,1.0
0.3125344890148075,0.33907752834861177,-1.7305134972171317,0.0,1.0,0.0,0.0,1.0,0.0,0.0,0.0,0.0,1.0
0.4576833321389055,-1.3123457256598599,-0.5402524759965863,1.0,0.0,0.0,1.0,0.0,0.0,0.0,0.0,0.0,1.0
-0.6309329912918293,1.6480397388991035,-0.7826133174215842,0.0,1.0,0.0,0.0,0.0,1.0,0.0,0.0,0.0,1.0
0.3125344890148075,1.351240167902189,-0.4756229182832534,1.0,0.0,0.0,0.0,0.0,0.0,1.0,0.0,1.0,0.0
1.1108531261973464,-1.4112789159921633,-0.8957150434199167,1.0,0.0,0.0,0.0,0.0,0.0,1.0,0.0,0.0,1.0
1.5462996555696402,1.3207991862614816,1.1293444315978436,0.0,1.0,0.0,0.0,1.0,0.0,0.0,0.0,1.0,0.0
0.022236802766611552,-0.9546641913815263,1.7217820439700606,1.0,0.0,1.0,0.0,0.0,0.0,0.0,1.0,0.0,0.0
-0.48578414816773136,1.275137713800416,-1.4881526557921336,0.0,1.0,1.0,0.0,0.0,0.0,0.0,1.0,0.0,0.0
0.5302577537009545,-0.8633412464593997,-0.9441872117049162,1.0,0.0,0.0,0.0,0.0,1.0,0.0,1.0,0.0,0.0
0.7479810183871014,-0.5056597121810662,-0.1578609261927011,1.0,0.0,1.0,0.0,0.0,0.0,0.0,1.0,0.0,0.0
0.022236802766611552,1.6404294934889265,-0.5510240689488086,0.0,1.0,0.0,0.0,0.0,0.0,1.0,1.0,0.0,0.0
0.7479810183871014,-0.8252900194085133,-0.7826133174215842,1.0,0.0,0.0,0.0,1.0,0.0,0.0,1.0,0.0,0.0
1.4011508124455423,1.0924918239561632,0.41841929675118295,0.0,1.0,0.0,0.0,0.0,1.0,0.0,0.0,1.0,0.0
-0.7035074128538783,0.3999594916300287,-0.14170353676436803,0.0,1.0,0.0,0.0,0.0,1.0,0.0,0.0,1.0,0.0
-0.05033761879543743,0.042277957351697294,-0.03398760724214676,0.0,1.0,1.0,0.0,0.0,0.0,0.0,0.0,1.0,0.0
-1.0663795206641233,0.6739283263964126,0.6607801381761809,1.0,0.0,0.0,0.0,1.0,0.0,0.0,0.0,0.0,1.0
0.16738564589070953,-1.6471965237076585,1.651766689780617,1.0,0.0,0.0,0.0,1.0,0.0,0.0,1.0,0.0,0.0
-0.48578414816773136,-1.7004682415789008,1.6248377074000617,0.0,1.0,0.0,1.0,0.0,0.0,0.0,0.0,0.0,1.0
1.6914484986937381,-0.262131859055394,0.6769375276045139,1.0,0.0,0.0,0.0,0.0,0.0,1.0,1.0,0.0,0.0
-1.1389539422261723,-0.3154035769266341,1.2747609364528425,0.0,1.0,0.0,0.0,1.0,0.0,0.0,0.0,0.0,1.0
0.16738564589070953,-1.3199559710700366,-0.6479684055188076,1.0,0.0,0.0,0.0,0.0,1.0,0.0,1.0,0.0,0.0
-0.12291204035748642,0.711979553447299,1.107801245693399,0.0,1.0,0.0,0.0,0.0,0.0,1.0,0.0,1.0,0.0
0.9657042830732484,-1.1068690995850718,1.3070757153095085,1.0,0.0,1.0,0.0,0.0,0.0,0.0,0.0,1.0,0.0
-0.5583585697297804,-0.4676084851301798,-0.1470893332404788,0.0,1.0,0.0,0.0,0.0,1.0,0.0,0.0,0.0,1.0
-1.4292516284743682,0.057498448172051,-1.2134770355104694,0.0,1.0,1.0,0.0,0.0,0.0,0.0,1.0,0.0,0.0
0.6028321752630035,1.4045118857734313,-0.16863251914492336,1.0,0.0,1.0,0.0,0.0,0.0,0.0,0.0,0.0,1.0
-0.9938050991020743,1.0011688790340345,0.014484561042853129,0.0,1.0,0.0,0.0,0.0,1.0,0.0,0.0,1.0,0.0
1.2560019693214444,0.5826053814742839,1.2316745646439533,1.0,0.0,0.0,0.0,0.0,0.0,1.0,1.0,0.0,0.0
1.3285763908834933,-1.1296998358156045,-0.6425826090426968,0.0,1.0,0.0,0.0,1.0,0.0,0.0,0.0,1.0,0.0
-1.574400471598466,0.3542980191689654,1.2047455822633981,1.0,0.0,1.0,0.0,0.0,0.0,0.0,0.0,1.0,0.0
-1.646974893160515,1.221865995929176,1.3393904941661747,0.0,1.0,0.0,0.0,0.0,1.0,0.0,0.0,0.0,1.0
-1.2115283637882213,0.0042267303008108855,-1.4558378769354672,0.0,1.0,0.0,0.0,1.0,0.0,0.0,0.0,0.0,1.0
1.5462996555696402,0.24775458342648304,0.913912572553401,1.0,0.0,1.0,0.0,0.0,0.0,0.0,1.0,0.0,0.0
1.3285763908834933,-0.8785617372797534,-0.6802831843754744,1.0,0.0,0.0,0.0,1.0,0.0,0.0,0.0,0.0,1.0
0.8931298615111994,0.43040047327073827,1.3232331047378416,1.0,0.0,0.0,0.0,0.0,0.0,1.0,0.0,1.0,0.0
-0.12291204035748642,0.8185229891897793,-0.055530793146590554,0.0,1.0,1.0,0.0,0.0,0.0,0.0,0.0,1.0,0.0
1.1834275477593954,0.07271893899240686,0.35917553551396153,1.0,0.0,0.0,0.0,0.0,0.0,1.0,0.0,1.0,0.0
1.2560019693214444,-0.033824496750075525,1.570979742638951,1.0,0.0,1.0,0.0,0.0,0.0,0.0,1.0,0.0,0.0
-0.8486562559779763,-0.6730851112049677,-0.4271507499982543,0.0,1.0,0.0,0.0,0.0,1.0,0.0,0.0,0.0,1.0
0.8931298615111994,0.28580581047736947,-1.170390663701581,0.0,1.0,0.0,0.0,1.0,0.0,0.0,0.0,0.0,1.0
-0.9938050991020743,0.20970335637559664,-1.26733500027158,1.0,0.0,0.0,0.0,0.0,1.0,0.0,1.0,0.0,0.0
0.7479810183871014,0.43040047327073827,-1.4827668593160226,0.0,1.0,1.0,0.0,0.0,0.0,0.0,0.0,1.0,0.0
0.9657042830732484,1.5719372847973305,-0.5833388478054747,1.0,0.0,0.0,0.0,0.0,0.0,1.0,0.0,1.0,0.0
1.0382787046352975,1.290358204620772,-0.6156536266621415,1.0,0.0,1.0,0.0,0.0,0.0,0.0,0.0,0.0,1.0
-1.2115283637882213,-1.5406530879651783,0.8654404042684012,0.0,1.0,0.0,0.0,1.0,0.0,0.0,0.0,0.0,1.0
-0.7760818344159273,0.8794049524711983,-1.6928129218843544,1.0,0.0,0.0,0.0,0.0,0.0,1.0,1.0,0.0,0.0
-0.6309329912918293,0.27058531965701577,0.6715517311284032,1.0,0.0,0.0,1.0,0.0,0.0,0.0,1.0,0.0,0.0
0.6028321752630035,-1.0916486087647181,0.3861045178945169,1.0,0.0,0.0,0.0,0.0,0.0,1.0,1.0,0.0,0.0
1.3285763908834933,0.06510869358223001,1.0108569091234,1.0,0.0,0.0,0.0,0.0,0.0,1.0,0.0,0.0,1.0
0.4576833321389055,0.14121114768400284,1.4686496095928405,0.0,1.0,0.0,0.0,0.0,1.0,0.0,0.0,0.0,1.0
-1.4292516284743682,0.9478971611627943,0.24607380951562874,0.0,1.0,0.0,0.0,0.0,1.0,0.0,1.0,0.0,0.0
0.4576833321389055,-1.609145296656772,-1.0357457517988045,0.0,1.0,0.0,1.0,0.0,0.0,0.0,0.0,1.0,0.0
0.022236802766611552,0.6815385718065895,-0.9011008398960278,1.0,0.0,0.0,0.0,0.0,1.0,0.0,1.0,0.0,0.0
0.23996006745275852,1.0468303514950976,1.3070757153095085,0.0,1.0,0.0,0.0,1.0,0.0,0.0,1.0,0.0,0.0
1.3285763908834933,-0.772018301537271,1.1455018210261767,1.0,0.0,0.0,0.0,0.0,1.0,0.0,0.0,0.0,1.0
1.4011508124455423,0.9555074065729712,-0.023216014289924473,0.0,1.0,0.0,0.0,0.0,0.0,1.0,0.0,0.0,1.0
1.3285763908834933,1.1305430510070495,1.3932484589272853,0.0,1.0,1.0,0.0,0.0,0.0,0.0,0.0,0.0,1.0
0.09481122432866054,-1.3884481797616326,-1.0249741588465822,0.0,1.0,0.0,1.0,0.0,0.0,0.0,0.0,1.0,0.0
0.022236802766611552,1.4045118857734313,-1.762828276073798,1.0,0.0,0.0,0.0,0.0,0.0,1.0,0.0,0.0,1.0
-0.19548646191953542,-0.1175371962620252,-1.574325399409911,1.0,0.0,0.0,0.0,1.0,0.0,0.0,1.0,0.0,0.0
-0.7035074128538783,-0.5132699575912452,-1.498924248744356,0.0,1.0,0.0,0.0,0.0,0.0,1.0,0.0,1.0,0.0
-0.9938050991020743,-0.7567978107169173,-1.1380758848449146,0.0,1.0,0.0,0.0,0.0,0.0,1.0,1.0,0.0,0.0
0.6754065968250524,-0.9242232097408167,0.9516131478861786,0.0,1.0,1.0,0.0,0.0,0.0,0.0,0.0,1.0,0.0
0.4576833321389055,-1.502601860914292,0.2622311989439618,1.0,0.0,0.0,0.0,1.0,0.0,0.0,0.0,0.0,1.0
-0.9938050991020743,1.0163893698543902,0.04679933989951921,0.0,1.0,0.0,0.0,0.0,1.0,0.0,0.0,1.0,0.0
-1.3566772069123192,-1.4417198976328727,-1.5258532311249113,0.0,1.0,0.0,1.0,0.0,0.0,0.0,0.0,1.0,0.0
1.6188740771316892,1.3969016403632544,1.7379394333983937,1.0,0.0,0.0,0.0,0.0,1.0,0.0,0.0,1.0,0.0
1.1834275477593954,0.5902156268844607,-1.2619492037954692,0.0,1.0,0.0,1.0,0.0,0.0,0.0,0.0,1.0,0.0
1.2560019693214444,-1.692857996168724,0.29454597780062863,1.0,0.0,0.0,0.0,1.0,0.0,0.0,1.0,0.0,0.0
0.6028321752630035,0.24775458342648304,-0.16863251914492336,1.0,0.0,1.0,0.0,0.0,0.0,0.0,1.0,0.0,0.0
0.022236802766611552,0.07271893899240686,1.2747609364528425,1.0,0.0,0.0,1.0,0.0,0.0,0.0,1.0,0.0,0.0
0.4576833321389055,0.19448286555524294,1.1778165998828427,1.0,0.0,0.0,0.0,0.0,1.0,0.0,0.0,1.0,0.0
0.8931298615111994,-0.1403679324925579,-1.6120259747426884,1.0,0.0,0.0,0.0,1.0,0.0,0.0,0.0,1.0,0.0
-1.7195493147225642,-1.2666842531987943,1.6032945214956171,0.0,1.0,0.0,0.0,0.0,1.0,0.0,0.0,1.0,0.0
-0.19548646191953542,0.3314672829384349,0.3753329249422946,1.0,0.0,0.0,1.0,0.0,0.0,0.0,1.0,0.0,0.0
-0.5583585697297804,-1.3960584251718096,1.2047455822633981,1.0,0.0,0.0,0.0,1.0,0.0,0.0,0.0,1.0,0.0
0.7479810183871014,0.841353725420312,-1.1111469024643592,1.0,0.0,0.0,0.0,0.0,0.0,1.0,1.0,0.0,0.0
-1.574400471598466,-0.0033835151093659648,0.14374367646951897,1.0,0.0,0.0,0.0,0.0,0.0,1.0,0.0,0.0,1.0
1.3285763908834933,-0.43716750348947236,-1.073446327131582,0.0,1.0,0.0,0.0,0.0,1.0,0.0,0.0,1.0,0.0
0.4576833321389055,-0.4447777488996492,0.35917553551396153,1.0,0.0,1.0,0.0,0.0,0.0,0.0,1.0,0.0,0.0
0.8205554399491504,1.2142557505189993,0.7361812888417361,0.0,1.0,0.0,0.0,0.0,0.0,1.0,0.0,1.0,0.0
1.1834275477593954,-1.1525305720461352,1.0000853161711778,0.0,1.0,0.0,0.0,1.0,0.0,0.0,1.0,0.0,0.0
0.09481122432866054,0.21731360178577566,-0.5510240689488086,1.0,0.0,0.0,0.0,0.0,1.0,0.0,0.0,0.0,1.0
-1.0663795206641233,1.480614339875204,-1.2996497791282464,0.0,1.0,0.0,0.0,0.0,1.0,0.0,1.0,0.0,0.0
-1.646974893160515,-0.9013924735102862,0.6338511557956256,0.0,1.0,0.0,1.0,0.0,0.0,0.0,1.0,0.0,0.0
0.8205554399491504,0.4684517003216247,-1.2888781861760246,1.0,0.0,0.0,0.0,1.0,0.0,0.0,0.0,1.0,0.0
-0.4132097266056824,1.4501733582344944,-0.20094729800158945,0.0,1.0,0.0,0.0,1.0,0.0,0.0,1.0,0.0,0.0
1.4737252340075913,-0.4676084851301798,0.6500085452239586,0.0,1.0,0.0,0.0,0.0,1.0,0.0,0.0,1.0,0.0
1.5462996555696402,1.3207991862614816,0.7954250500789575,0.0,1.0,0.0,1.0,0.0,0.0,0.0,0.0,1.0,0.0
-0.7035074128538783,-0.909002718920463,-0.12016035085992348,0.0,1.0,0.0,0.0,0.0,0.0,1.0,0.0,0.0,1.0
0.8931298615111994,0.5293336636030438,0.0952715081845191,1.0,0.0,1.0,0.0,0.0,0.0,0.0,0.0,0.0,1.0
0.23996006745275852,0.5978258722946398,-0.6210394231382523,1.0,0.0,0.0,0.0,0.0,0.0,1.0,0.0,0.0,1.0
-0.12291204035748642,1.5110553215159137,-1.4019799121743566,1.0,0.0,0.0,0.0,0.0,1.0,0.0,0.0,0.0,1.0
-0.05033761879543743,0.8033024983694256,1.4363348307361743,1.0,0.0,0.0,0.0,1.0,0.0,0.0,0.0,0.0,1.0
0.09481122432866054,0.5293336636030438,-0.9711161940854715,1.0,0.0,0.0,0.0,1.0,0.0,0.0,1.0,0.0,0.0
0.022236802766611552,0.39234924621985184,0.43996248265562754,1.0,0.0,1.0,0.0,0.0,0.0,0.0,1.0,0.0,0.0
-0.3406353050436334,-0.36867529479787636,1.6625382827328385,1.0,0.0,0.0,0.0,0.0,0.0,1.0,1.0,0.0,0.0
1.1108531261973464,1.2523069775698856,-0.5833388478054747,0.0,1.0,0.0,0.0,0.0,0.0,1.0,1.0,0.0,0.0
0.3851089105768565,0.31624679211807905,-1.089603716559915,1.0,0.0,0.0,1.0,0.0,0.0,0.0,0.0,0.0,1.0
0.6028321752630035,-1.487381370093936,1.506350184925618,0.0,1.0,0.0,0.0,1.0,0.0,0.0,1.0,0.0,0.0
0.8931298615111994,-0.1403679324925579,-0.6048820337099192,0.0,1.0,1.0,0.0,0.0,0.0,0.0,0.0,1.0,0.0
-0.12291204035748642,-0.6883056020253214,-0.7556843350410289,1.0,0.0,1.0,0.0,0.0,0.0,0.0,1.0,0.0,0.0
1.5462996555696402,0.6815385718065895,1.1024154492172882,1.0,0.0,0.0,1.0,0.0,0.0,0.0,0.0,0.0,1.0
1.3285763908834933,-1.099258854174895,1.220902971691732,0.0,1.0,0.0,0.0,1.0,0.0,0.0,0.0,1.0,0.0
0.6754065968250524,0.5978258722946398,1.5386649637822842,1.0,0.0,0.0,0.0,0.0,1.0,0.0,0.0,1.0,0.0
1.1108531261973464,1.0011688790340345,1.2047455822633981,0.0,1.0,0.0,0.0,0.0,0.0,1.0,0.0,0.0,1.0
0.09481122432866054,0.8109127437796024,0.1545152694217405,0.0,1.0,0.0,0.0,0.0,0.0,1.0,0.0,0.0,1.0
-0.8486562559779763,-1.434109652222696,-0.9441872117049162,0.0,1.0,0.0,0.0,0.0,0.0,1.0,0.0,1.0,0.0
-1.0663795206641233,-0.07948596921113879,0.6069221734150702,0.0,1.0,0.0,0.0,0.0,1.0,0.0,0.0,1.0,0.0
0.3125344890148075,-0.5589314300523085,-0.7341411491365851,1.0,0.0,0.0,0.0,0.0,1.0,0.0,0.0,0.0,1.0
-0.6309329912918293,0.8033024983694256,1.172430803406732,1.0,0.0,0.0,1.0,0.0,0.0,0.0,0.0,1.0,0.0
0.8205554399491504,0.1640418839145334,-1.1273042918926925,1.0,0.0,1.0,0.0,0.0,0.0,0.0,1.0,0.0,0.0
-1.4292516284743682,-0.5056597121810662,-1.2242486284626917,0.0,1.0,0.0,0.0,1.0,0.0,0.0,0.0,0.0,1.0
0.09481122432866054,1.0620508423154535,1.2047455822633981,1.0,0.0,0.0,0.0,0.0,0.0,1.0,0.0,0.0,1.0
-0.9212306775400253,-1.2666842531987943,-1.175776460177692,0.0,1.0,0.0,0.0,0.0,1.0,0.0,1.0,0.0,0.0
-1.0663795206641233,0.3999594916300287,1.4848069990211736,1.0,0.0,0.0,0.0,0.0,1.0,0.0,0.0,0.0,1.0
-0.7760818344159273,-1.5102121063244687,1.4794212025450628,0.0,1.0,1.0,0.0,0.0,0.0,0.0,0.0,1.0,0.0
-0.48578414816773136,1.6175987572583939,-1.1650048672254698,1.0,0.0,0.0,0.0,0.0,1.0,0.0,1.0,0.0,0.0
-0.7760818344159273,1.4045118857734313,-0.023216014289924473,1.0,0.0,1.0,0.0,0.0,0.0,0.0,0.0,1.0,0.0
1.2560019693214444,1.6175987572583939,0.6284653593195147,0.0,1.0,0.0,1.0,0.0,0.0,0.0,1.0,0.0,0.0
1.5462996555696402,1.4501733582344944,-1.6443407535993546,1.0,0.0,0.0,0.0,0.0,0.0,1.0,0.0,0.0,1.0
-0.3406353050436334,0.5673848906539302,0.04679933989951921,0.0,1.0,0.0,0.0,1.0,0.0,0.0,1.0,0.0,0.0
-0.05033761879543743,0.1640418839145334,0.6823233240806255,1.0,0.0,1.0,0.0,0.0,0.0,0.0,0.0,1.0,0.0
0.022236802766611552,0.384739000809675,1.2747609364528425,0.0,1.0,0.0,0.0,1.0,0.0,0.0,0.0,0.0,1.0
-0.19548646191953542,0.6206566085251704,1.301689918833398,0.0,1.0,0.0,1.0,0.0,0.0,0.0,0.0,0.0,1.0
0.5302577537009545,1.1153225601866936,-0.6695115914232522,1.0,0.0,0.0,0.0,0.0,1.0,0.0,0.0,0.0,1.0
-1.646974893160515,0.37712875539949814,-1.1165326989404705,0.0,1.0,0.0,0.0,0.0,1.0,0.0,1.0,0.0,0.0
-1.7195493147225642,-0.5665416754624852,-0.8903292469438056,0.0,1.0,0.0,0.0,1.0,0.0,0.0,0.0,0.0,1.0
-0.12291204035748642,0.11077016604329327,-0.26557685571492234,0.0,1.0,0.0,0.0,0.0,0.0,1.0,0.0,1.0,0.0
-0.12291204035748642,0.39234924621985184,-1.148847477797137,1.0,0.0,0.0,1.0,0.0,0.0,0.0,0.0,0.0,1.0
-0.7035074128538783,0.21731360178577566,1.5171217778778403,1.0,0.0,0.0,1.0,0.0,0.0,0.0,0.0,1.0,0.0
-1.3566772069123192,-1.2666842531987943,-1.1273042918926925,1.0,0.0,0.0,0.0,0.0,1.0,0.0,0.0,0.0,1.0
1.1108531261973464,-1.677637505348368,1.5602081496867288,1.0,0.0,0.0,0.0,0.0,0.0,1.0,0.0,0.0,1.0
1.6914484986937381,-0.8481207556390439,1.506350184925618,1.0,0.0,0.0,0.0,0.0,1.0,0.0,0.0,1.0,0.0
1.1834275477593954,-0.5665416754624852,-1.2457918143671358,1.0,0.0,0.0,1.0,0.0,0.0,0.0,0.0,1.0,0.0
1.0382787046352975,0.6663180809862336,-1.0519031412271374,1.0,0.0,0.0,0.0,0.0,1.0,0.0,0.0,1.0,0.0
-0.9938050991020743,-1.5939248058364184,0.4130335002750722,1.0,0.0,0.0,0.0,1.0,0.0,0.0,1.0,0.0,0.0
-0.12291204035748642,-1.616755542066951,-0.08245977552714587,1.0,0.0,1.0,0.0,0.0,0.0,0.0,0.0,0.0,1.0
-0.05033761879543743,1.2827479592105953,-1.2834923896999135,0.0,1.0,0.0,0.0,0.0,1.0,0.0,1.0,0.0,0.0
1.4737252340075913,-1.2742944986089735,1.043171687980066,1.0,0.0,0.0,0.0,0.0,1.0,0.0,0.0,1.0,0.0
-0.05033761879543743,0.70436930803712,-0.02860181076603523,0.0,1.0,0.0,0.0,1.0,0.0,0.0,1.0,0.0,0.0
-1.1389539422261723,0.4075697370402077,-0.40022176761769895,1.0,0.0,0.0,0.0,0.0,0.0,1.0,0.0,0.0,1.0
0.6028321752630035,1.1914250142884666,0.27300279189618404,0.0,1.0,1.0,0.0,0.0,0.0,0.0,1.0,0.0,0.0
0.3851089105768565,-0.23169087741468444,1.334004697690064,0.0,1.0,0.0,0.0,0.0,1.0,0.0,0.0,1.0,0.0
-0.3406353050436334,1.7013114567703458,-0.8849434504676947,1.0,0.0,0.0,0.0,0.0,0.0,1.0,0.0,1.0,0.0
-1.1389539422261723,0.5293336636030438,1.3986342554033968,1.0,0.0,0.0,0.0,1.0,0.0,0.0,0.0,0.0,1.0
1.3285763908834933,0.17926237473488923,-0.12554614733603423,0.0,1.0,0.0,0.0,0.0,1.0,0.0,0.0,1.0,0.0
0.6028321752630035,-1.3503969527107462,0.9408415549339564,0.0,1.0,0.0,1.0,0.0,0.0,0.0,1.0,0.0,0.0
-1.2841027853502702,0.17926237473488923,0.08988571170840834,1.0,0.0,1.0,0.0,0.0,0.0,0.0,0.0,0.0,1.0
0.09481122432866054,-1.1753613082766678,-1.2188628319865804,0.0,1.0,0.0,0.0,1.0,0.0,0.0,1.0,0.0,0.0
-0.2680608834815844,-0.07187572380096194,1.1939739893111765,1.0,0.0,0.0,1.0,0.0,0.0,0.0,0.0,1.0,0.0
0.23996006745275852,1.1990352596986433,0.9731563337906224,1.0,0.0,1.0,0.0,0.0,0.0,0.0,0.0,0.0,1.0
-0.2680608834815844,-0.18602940495362116,-0.594110440757697,1.0,0.0,0.0,0.0,0.0,1.0,0.0,0.0,1.0,0.0
-1.2115283637882213,0.36190826457914227,1.4309490342600628,1.0,0.0,0.0,0.0,0.0,1.0,0.0,0.0,0.0,1.0
-1.4292516284743682,-0.6883056020253214,1.6409950968283946,0.0,1.0,0.0,0.0,0.0,1.0,0.0,0.0,1.0,0.0
-1.7195493147225642,1.6175987572583939,-1.5420106205532444,1.0,0.0,0.0,1.0,0.0,0.0,0.0,0.0,1.0,0.0
-0.6309329912918293,-0.1708089141332675,-0.6210394231382523,0.0,1.0,0.0,1.0,0.0,0.0,0.0,1.0,0.0,0.0
-0.05033761879543743,-1.692857996168724,-0.5779530513293639,0.0,1.0,0.0,0.0,1.0,0.0,0.0,0.0,0.0,1.0
-1.646974893160515,0.7272000442676527,-1.6981987183604652,0.0,1.0,1.0,0.0,0.0,0.0,0.0,0.0,1.0,0.0
-0.9212306775400253,1.2370864867495297,-1.5204674346488003,1.0,0.0,0.0,1.0,0.0,0.0,0.0,0.0,0.0,1.0
1.5462996555696402,1.3816811495428987,0.4830488544645159,1.0,0.0,0.0,0.0,0.0,1.0,0.0,0.0,1.0,0.0
0.3851089105768565,-0.24691136823504028,1.1939739893111765,1.0,0.0,0.0,0.0,1.0,0.0,0.0,1.0,0.0,0.0
-1.4292516284743682,0.5521643998335743,0.7415670853178468,1.0,0.0,1.0,0.0,0.0,0.0,0.0,1.0,0.0,0.0
-0.7035074128538783,1.15337378723758,0.36994712846618305,1.0,0.0,0.0,0.0,0.0,1.0,0.0,1.0,0.0,0.0
-1.1389539422261723,-0.05665523298060824,0.2191448271350734,1.0,0.0,1.0,0.0,0.0,0.0,0.0,0.0,0.0,1.0
-1.7195493147225642,0.8185229891897793,1.1778165998828427,1.0,0.0,0.0,1.0,0.0,0.0,0.0,1.0,0.0,0.0
-1.2115283637882213,-0.32301382233681314,-1.2834923896999135,1.0,0.0,0.0,0.0,1.0,0.0,0.0,0.0,1.0,0.0
0.3851089105768565,0.4227902278605614,1.0377858915039553,1.0,0.0,0.0,0.0,0.0,1.0,0.0,0.0,0.0,1.0
0.09481122432866054,-0.6426441295642581,1.6733098756850608,1.0,0.0,0.0,0.0,0.0,1.0,0.0,0.0,0.0,1.0
1.0382787046352975,-0.772018301537271,-1.0788321236076928,0.0,1.0,0.0,0.0,0.0,0.0,1.0,0.0,0.0,1.0
1.4011508124455423,-1.3656174435311,-0.7610701315171401,0.0,1.0,1.0,0.0,0.0,0.0,0.0,0.0,0.0,1.0
-1.2115283637882213,0.9707278973933249,-0.2063330944777002,1.0,0.0,0.0,0.0,0.0,1.0,0.0,0.0,0.0,1.0
-1.7195493147225642,1.7165319475906995,-1.2404060178910248,1.0,0.0,1.0,0.0,0.0,0.0,0.0,0.0,0.0,1.0
0.7479810183871014,-0.26974210446557084,0.612307969891181,0.0,1.0,0.0,0.0,0.0,1.0,0.0,0.0,1.0,0.0
-0.05033761879543743,0.027057466531343596,0.1545152694217405,0.0,1.0,1.0,0.0,0.0,0.0,0.0,0.0,1.0,0.0
0.7479810183871014,-1.2514637623784408,0.6984807135089585,1.0,0.0,0.0,0.0,1.0,0.0,0.0,0.0,0.0,1.0
1.1834275477593954,0.711979553447299,1.6140661144478394,0.0,1.0,0.0,0.0,0.0,0.0,1.0,0.0,1.0,0.0
1.6188740771316892,-0.4599982397200029,-1.2296344249388027,0.0,1.0,0.0,0.0,0.0,0.0,1.0,1.0,0.0,0.0
0.6028321752630035,-0.262131859055394,-0.9603446011332496,0.0,1.0,0.0,0.0,0.0,0.0,1.0,0.0,1.0,0.0
-0.4132097266056824,1.290358204620772,1.328618901213953,1.0,0.0,0.0,0.0,0.0,1.0,0.0,0.0,1.0,0.0
1.1834275477593954,-1.2742944986089735,-0.08784557200325739,0.0,1.0,0.0,0.0,0.0,1.0,0.0,0.0,1.0,0.0
-1.3566772069123192,-1.0688178725341855,-0.5510240689488086,0.0,1.0,0.0,1.0,0.0,0.0,0.0,0.0,0.0,1.0
0.3851089105768565,0.5597746452437533,0.6769375276045139,1.0,0.0,0.0,0.0,0.0,0.0,1.0,0.0,0.0,1.0
0.9657042830732484,-0.9394437005611725,-1.2080912390343586,0.0,1.0,0.0,1.0,0.0,0.0,0.0,0.0,1.0,0.0
-1.7195493147225642,-0.45238799430982607,-1.148847477797137,0.0,1.0,0.0,0.0,0.0,0.0,1.0,0.0,1.0,0.0
-1.574400471598466,-0.5817621662828389,0.3861045178945169,1.0,0.0,0.0,1.0,0.0,0.0,0.0,0.0,1.0,0.0
-0.5583585697297804,0.12599065686364697,0.07911411875618606,1.0,0.0,0.0,0.0,1.0,0.0,0.0,0.0,0.0,1.0
-1.5018260500364171,-1.6319760328873048,0.816968235983402,1.0,0.0,0.0,1.0,0.0,0.0,0.0,0.0,0.0,1.0
-1.7195493147225642,0.384739000809675,0.9408415549339564,1.0,0.0,0.0,0.0,0.0,1.0,0.0,1.0,0.0,0.0
-0.48578414816773136,-0.4676084851301798,1.301689918833398,0.0,1.0,0.0,1.0,0.0,0.0,0.0,0.0,1.0,0.0
-0.7035074128538783,-0.4067265218487628,-0.3571353958088106,0.0,1.0,1.0,0.0,0.0,0.0,0.0,0.0,0.0,1.0
0.23996006745275852,0.4075697370402077,1.027014298551733,1.0,0.0,0.0,0.0,1.0,0.0,0.0,0.0,1.0,0.0
-0.05033761879543743,-1.1905817990970216,-0.6533542019949191,0.0,1.0,1.0,0.0,0.0,0.0,0.0,0.0,1.0,0.0
-0.9212306775400253,-1.3275662164802136,1.4363348307361743,1.0,0.0,0.0,0.0,0.0,0.0,1.0,1.0,0.0,0.0
-0.19548646191953542,0.17926237473488923,-1.1003753095121374,0.0,1.0,0.0,0.0,0.0,1.0,0.0,1.0,0.0,0.0
1.1834275477593954,0.4380107186809151,0.8546688113161789,0.0,1.0,1.0,0.0,0.0,0.0,0.0,1.0,0.0,0.0
-0.7035074128538783,-0.38389578561823007,-0.7556843350410289,1.0,0.0,0.0,0.0,1.0,0.0,0.0,1.0,0.0,0.0
-1.1389539422261723,-1.2058022899173775,-0.6964405738038075,1.0,0.0,0.0,1.0,0.0,0.0,0.0,0.0,0.0,1.0
-1.2115283637882213,1.0087791244442113,0.8277398289356235,1.0,0.0,0.0,0.0,1.0,0.0,0.0,0.0,1.0,0.0
0.9657042830732484,1.3816811495428987,-0.44869393590269807,0.0,1.0,0.0,0.0,0.0,0.0,1.0,0.0,1.0,0.0
0.3125344890148075,0.12599065686364697,-0.9334156187526943,0.0,1.0,0.0,1.0,0.0,0.0,0.0,0.0,0.0,1.0
1.1834275477593954,-0.5665416754624852,0.7900392536028467,0.0,1.0,0.0,0.0,1.0,0.0,0.0,0.0,0.0,1.0
-1.1389539422261723,0.4988926819623342,0.8762119972206234,1.0,0.0,0.0,1.0,0.0,0.0,0.0,0.0,0.0,1.0
0.09481122432866054,0.4380107186809151,0.3160891637050724,0.0,1.0,1.0,0.0,0.0,0.0,0.0,0.0,0.0,1.0
1.3285763908834933,1.3207991862614816,-0.47023712180714267,1.0,0.0,0.0,1.0,0.0,0.0,0.0,0.0,0.0,1.0
0.3851089105768565,-1.0840383633545414,1.66792407920895,0.0,1.0,0.0,1.0,0.0,0.0,0.0,0.0,1.0,0.0
-0.7035074128538783,1.160984032647757,-0.3517495993326991,0.0,1.0,0.0,0.0,0.0,1.0,0.0,1.0,0.0,0.0
1.6188740771316892,0.0042267303008108855,0.5584500051300704,1.0,0.0,1.0,0.0,0.0,0.0,0.0,0.0,1.0,0.0
0.16738564589070953,1.3969016403632544,1.5925229285433948,1.0,0.0,0.0,0.0,0.0,0.0,1.0,0.0,1.0,0.0
0.23996006745275852,0.5902156268844607,0.10604310113674137,1.0,0.0,1.0,0.0,0.0,0.0,0.0,0.0,1.0,0.0
0.9657042830732484,-0.6045929025133717,-1.6227975676949102,0.0,1.0,0.0,0.0,0.0,1.0,0.0,1.0,0.0,0.0
0.6754065968250524,0.08793942981276055,-0.6048820337099192,0.0,1.0,0.0,0.0,0.0,1.0,0.0,0.0,0.0,1.0
-1.2115283637882213,0.08793942981276055,1.334004697690064,1.0,0.0,0.0,0.0,0.0,0.0,1.0,1.0,0.0,0.0
-0.19548646191953542,1.5034450761057347,0.22453062361118495,0.0,1.0,0.0,0.0,0.0,0.0,1.0,1.0,0.0,0.0
-1.4292516284743682,0.24014433801630622,0.7469528817939576,1.0,0.0,0.0,1.0,0.0,0.0,0.0,0.0,0.0,1.0
1.5462996555696402,-0.772018301537271,0.5799931910345149,0.0,1.0,0.0,0.0,0.0,1.0,0.0,0.0,0.0,1.0
-0.3406353050436334,-0.5284904484115989,-0.03937340371825751,1.0,0.0,1.0,0.0,0.0,0.0,0.0,0.0,0.0,1.0
0.16738564589070953,1.1077123147765169,0.2676169954200733,0.0,1.0,0.0,1.0,0.0,0.0,0.0,0.0,0.0,1.0
0.4576833321389055,-1.487381370093936,-0.04475920019436827,0.0,1.0,0.0,0.0,0.0,1.0,0.0,0.0,1.0,0.0
-0.8486562559779763,0.39234924621985184,-1.574325399409911,0.0,1.0,0.0,1.0,0.0,0.0,0.0,1.0,0.0,0.0
1.2560019693214444,-0.6045929025133717,1.1131870421695105,1.0,0.0,0.0,0.0,0.0,0.0,1.0,1.0,0.0,0.0
0.022236802766611552,-1.373227688941277,0.16528686237396278,1.0,0.0,0.0,0.0,0.0,1.0,0.0,0.0,0.0,1.0
0.8205554399491504,1.2066455051088223,0.11681469408896365,1.0,0.0,0.0,0.0,0.0,0.0,1.0,0.0,1.0,0.0
0.8931298615111994,-1.6471965237076585,-1.3858225227460237,0.0,1.0,0.0,1.0,0.0,0.0,0.0,1.0,0.0,0.0
-1.574400471598466,0.453231209501271,-0.7395269456126958,1.0,0.0,0.0,1.0,0.0,0.0,0.0,0.0,1.0,0.0
-0.7035074128538783,-0.3154035769266341,1.0808722633128438,0.0,1.0,0.0,0.0,1.0,0.0,0.0,1.0,0.0,0.0
-1.0663795206641233,0.43040047327073827,-0.1093887579077012,1.0,0.0,0.0,0.0,0.0,1.0,0.0,0.0,1.0,0.0
0.6028321752630035,-0.1784191595434443,1.2424461575961756,0.0,1.0,0.0,1.0,0.0,0.0,0.0,0.0,0.0,1.0
0.9657042830732484,1.3816811495428987,-0.9657303976093607,0.0,1.0,0.0,0.0,0.0,0.0,1.0,1.0,0.0,0.0
-1.1389539422261723,-0.24691136823504028,-1.0195883623704713,1.0,0.0,0.0,0.0,0.0,1.0,0.0,1.0,0.0,0.0
-1.574400471598466,-0.9622744367917031,0.8815977936967342,0.0,1.0,0.0,0.0,1.0,0.0,0.0,0.0,1.0,0.0
-0.9938050991020743,-0.30779333151645727,-0.319434820476033,1.0,0.0,0.0,0.0,0.0,1.0,0.0,0.0,1.0,0.0
-1.0663795206641233,-1.0155461546629454,-1.5581680099815778,0.0,1.0,0.0,0.0,1.0,0.0,0.0,1.0,0.0,0.0
-1.5018260500364171,0.057498448172051,-1.498924248744356,0.0,1.0,0.0,1.0,0.0,0.0,0.0,0.0,0.0,1.0
-1.2115283637882213,-1.0764281179443624,-0.5564098654249193,0.0,1.0,1.0,0.0,0.0,0.0,0.0,0.0,1.0,0.0
1.5462996555696402,-0.3762855402080532,0.9731563337906224,1.0,0.0,1.0,0.0,0.0,0.0,0.0,1.0,0.0,0.0
0.7479810183871014,-1.1449203266359582,0.11681469408896365,1.0,0.0,0.0,0.0,1.0,0.0,0.0,1.0,0.0,0.0
-0.4132097266056824,-1.692857996168724,0.8869835901728457,0.0,1.0,0.0,0.0,0.0,1.0,0.0,1.0,0.0,0.0
1.5462996555696402,0.8337434800101351,-1.6981987183604652,0.0,1.0,0.0,0.0,0.0,0.0,1.0,0.0,0.0,1.0
-0.3406353050436334,1.4425631128243177,-0.7072121667560298,1.0,0.0,0.0,0.0,0.0,0.0,1.0,0.0,1.0,0.0
1.1834275477593954,1.5643270393871538,-0.08245977552714587,1.0,0.0,1.0,0.0,0.0,0.0,0.0,0.0,1.0,0.0
-0.19548646191953542,1.480614339875204,0.6015363769389594,1.0,0.0,1.0,0.0,0.0,0.0,0.0,0.0,1.0,0.0
-0.12291204035748642,-0.5969826571031949,1.7163962474939491,1.0,0.0,1.0,0.0,0.0,0.0,0.0,1.0,0.0,0.0
-0.9938050991020743,-0.4980494667708893,-1.1973196460821363,0.0,1.0,0.0,0.0,0.0,1.0,0.0,0.0,0.0,1.0
-0.19548646191953542,1.290358204620772,-0.13093194381214576,1.0,0.0,0.0,0.0,1.0,0.0,0.0,0.0,0.0,1.0
-0.6309329912918293,1.6937012113601666,0.7577244747461799,1.0,0.0,0.0,1.0,0.0,0.0,0.0,1.0,0.0,0.0
-1.5018260500364171,-0.05665523298060824,0.2191448271350734,0.0,1.0,0.0,0.0,0.0,1.0,0.0,1.0,0.0,0.0
0.16738564589070953,1.6860909659499899,-1.5312390276010224,0.0,1.0,0.0,1.0,0.0,0.0,0.0,0.0,1.0,0.0
0.022236802766611552,0.8261332345999582,-1.26733500027158,1.0,0.0,1.0,0.0,0.0,0.0,0.0,0.0,0.0,1.0
-0.05033761879543743,-0.010993760519542815,-0.27634844866714464,0.0,1.0,0.0,0.0,0.0,0.0,1.0,1.0,0.0,0.0
-1.2841027853502702,0.06510869358223001,1.360933680070619,0.0,1.0,0.0,1.0,0.0,0.0,0.0,0.0,0.0,1.0
-0.8486562559779763,0.027057466531343596,1.188588192835065,1.0,0.0,0.0,1.0,0.0,0.0,0.0,1.0,0.0,0.0
0.8931298615111994,0.8794049524711983,-1.5904827888382438,1.0,0.0,0.0,0.0,1.0,0.0,0.0,1.0,0.0,0.0
1.4737252340075913,0.21731360178577566,-0.6856689808515852,0.0,1.0,0.0,1.0,0.0,0.0,0.0,0.0,0.0,1.0
-0.2680608834815844,1.3740709041327217,0.6715517311284032,0.0,1.0,0.0,0.0,0.0,0.0,1.0,1.0,0.0,0.0
1.0382787046352975,1.1229328055968706,0.21375903065896265,1.0,0.0,0.0,0.0,0.0,1.0,0.0,0.0,1.0,0.0
0.3851089105768565,-1.2666842531987943,-1.0411315482749155,0.0,1.0,0.0,0.0,0.0,0.0,1.0,0.0,0.0,1.0
0.3851089105768565,-0.7035260928456772,-0.7664559279932512,1.0,0.0,1.0,0.0,0.0,0.0,0.0,1.0,0.0,0.0
-0.2680608834815844,-1.1068690995850718,-1.4504520804593566,0.0,1.0,0.0,1.0,0.0,0.0,0.0,0.0,1.0,0.0
-1.2841027853502702,-1.7004682415789008,-0.3786785817132544,1.0,0.0,0.0,0.0,0.0,1.0,0.0,0.0,1.0,0.0
0.09481122432866054,-1.6319760328873048,1.2424461575961756,0.0,1.0,0.0,0.0,1.0,0.0,0.0,1.0,0.0,0.0
-0.05033761879543743,-0.4752187305403588,-0.08245977552714587,1.0,0.0,0.0,0.0,0.0,0.0,1.0,0.0,1.0,0.0
1.1108531261973464,-1.1525305720461352,0.994699519695067,1.0,0.0,0.0,0.0,0.0,0.0,1.0,0.0,0.0,1.0
0.8931298615111994,-0.262131859055394,1.5817513355911725,0.0,1.0,0.0,0.0,0.0,1.0,0.0,0.0,1.0,0.0
-0.7035074128538783,0.24775458342648304,1.0539432809322884,0.0,1.0,0.0,0.0,1.0,0.0,0.0,0.0,0.0,1.0
-1.574400471598466,0.03466771194152045,0.9462273514100671,0.0,1.0,1.0,0.0,0.0,0.0,0.0,0.0,1.0,0.0
-1.574400471598466,-0.9927154184324126,1.0970296527411767,1.0,0.0,1.0,0.0,0.0,0.0,0.0,0.0,0.0,1.0
-0.5583585697297804,-1.5710940696058857,-1.682041328932132,1.0,0.0,0.0,0.0,0.0,1.0,0.0,0.0,1.0,0.0
0.5302577537009545,0.019447221121164586,-0.19017570504936715,1.0,0.0,0.0,0.0,1.0,0.0,0.0,1.0,0.0,0.0
1.1834275477593954,-1.2438535169682639,0.052185136375630735,0.0,1.0,0.0,1.0,0.0,0.0,0.0,0.0,0.0,1.0
-0.05033761879543743,1.5186655669260904,0.3160891637050724,0.0,1.0,0.0,1.0,0.0,0.0,0.0,0.0,1.0,0.0
1.1108531261973464,1.7089217021805225,-0.6264252196143638,1.0,0.0,0.0,0.0,1.0,0.0,0.0,0.0,1.0,0.0
-1.2115283637882213,-1.0764281179443624,-1.6712697359799098,0.0,1.0,0.0,0.0,0.0,1.0,0.0,0.0,0.0,1.0
-0.9212306775400253,1.3131889408513027,1.527893370830062,0.0,1.0,0.0,0.0,0.0,1.0,0.0,1.0,0.0,0.0
0.7479810183871014,0.643487344755703,-1.1973196460821363,1.0,0.0,0.0,1.0,0.0,0.0,0.0,0.0,1.0,0.0
1.6914484986937381,-0.21647038659433074,0.7146381029372915,1.0,0.0,0.0,0.0,0.0,0.0,1.0,0.0,0.0,1.0
-0.7035074128538783,1.2827479592105953,-0.9495730081810273,1.0,0.0,0.0,0.0,1.0,0.0,0.0,1.0,0.0,0.0
0.09481122432866054,1.6708704751296362,0.32147496018118393,0.0,1.0,0.0,1.0,0.0,0.0,0.0,1.0,0.0,0.0
0.09481122432866054,0.6358770993455262,-0.40022176761769895,1.0,0.0,0.0,0.0,0.0,1.0,0.0,1.0,0.0,0.0
-0.7760818344159273,-0.9013924735102862,-1.3965941156982458,0.0,1.0,0.0,0.0,1.0,0.0,0.0,0.0,0.0,1.0
0.8205554399491504,-0.30779333151645727,-0.6856689808515852,0.0,1.0,0.0,0.0,0.0,1.0,0.0,0.0,0.0,1.0
-1.7195493147225642,0.8717947070610215,-1.4612236734115784,0.0,1.0,1.0,0.0,0.0,0.0,0.0,0.0,1.0,0.0
0.16738564589070953,-1.0688178725341855,-0.43792234295047655,1.0,0.0,0.0,0.0,1.0,0.0,0.0,0.0,1.0,0.0
-0.8486562559779763,-0.4980494667708893,-0.8741718575154724,0.0,1.0,0.0,0.0,1.0,0.0,0.0,1.0,0.0,0.0
-0.19548646191953542,-1.1220895904054278,0.11681469408896365,0.0,1.0,0.0,0.0,0.0,0.0,1.0,0.0,1.0,0.0
0.6028321752630035,-0.6198133933337254,-1.148847477797137,1.0,0.0,1.0,0.0,0.0,0.0,0.0,1.0,0.0,0.0
-1.3566772069123192,1.1077123147765169,-0.2063330944777002,0.0,1.0,0.0,1.0,0.0,0.0,0.0,0.0,1.0,0.0
-0.4132097266056824,-0.787238792357627,-1.1973196460821363,1.0,0.0,1.0,0.0,0.0,0.0,0.0,1.0,0.0,0.0
-0.05033761879543743,-0.840510510228867,0.7577244747461799,1.0,0.0,0.0,0.0,0.0,1.0,0.0,1.0,0.0,0.0
1.6188740771316892,0.3314672829384349,0.531521022749515,1.0,0.0,0.0,0.0,0.0,0.0,1.0,0.0,0.0,1.0
1.4737252340075913,-0.6883056020253214,-0.7933849103738065,1.0,0.0,0.0,1.0,0.0,0.0,0.0,1.0,0.0,0.0
1.6188740771316892,1.1990352596986433,-1.6874271254082434,1.0,0.0,0.0,1.0,0.0,0.0,0.0,1.0,0.0,0.0
1.1834275477593954,-1.6548067691178376,-0.6748973878993629,0.0,1.0,0.0,0.0,1.0,0.0,0.0,0.0,1.0,0.0
0.3125344890148075,-1.2666842531987943,-1.746670886645465,1.0,0.0,1.0,0.0,0.0,0.0,0.0,0.0,1.0,0.0
-1.3566772069123192,-0.20886014118415389,-1.4396804875071343,1.0,0.0,0.0,0.0,1.0,0.0,0.0,1.0,0.0,0.0
1.6914484986937381,-0.9318334551509957,-1.2457918143671358,1.0,0.0,0.0,0.0,1.0,0.0,0.0,0.0,0.0,1.0
-0.9938050991020743,0.19448286555524294,1.0377858915039553,1.0,0.0,1.0,0.0,0.0,0.0,0.0,1.0,0.0,0.0
-1.3566772069123192,-1.030766645483299,0.009098764566742372,1.0,0.0,1.0,0.0,0.0,0.0,0.0,0.0,1.0,0.0
-0.19548646191953542,0.5369439090132206,0.8115824395072905,0.0,1.0,0.0,0.0,1.0,0.0,0.0,0.0,0.0,1.0
-0.4132097266056824,-0.3762855402080532,-0.5564098654249193,0.0,1.0,0.0,0.0,1.0,0.0,0.0,1.0,0.0,0.0
0.3851089105768565,-1.6852477507585448,1.3986342554033968,0.0,1.0,0.0,0.0,1.0,0.0,0.0,0.0,0.0,1.0
-0.8486562559779763,0.0955496752229374,1.6948530615895054,0.0,1.0,0.0,0.0,0.0,0.0,1.0,1.0,0.0,0.0
0.6028321752630035,1.0848815785459842,0.08449991523229682,0.0,1.0,0.0,1.0,0.0,0.0,0.0,0.0,1.0,0.0
-0.48578414816773136,-0.4980494667708893,-1.2942639826521354,0.0,1.0,0.0,0.0,1.0,0.0,0.0,1.0,0.0,0.0
-0.7760818344159273,0.3999594916300287,0.24607380951562874,1.0,0.0,1.0,0.0,0.0,0.0,0.0,0.0,0.0,1.0
-0.5583585697297804,1.275137713800416,-1.1165326989404705,1.0,0.0,0.0,0.0,0.0,1.0,0.0,1.0,0.0,0.0
-1.574400471598466,1.3131889408513027,-1.4235230980788012,1.0,0.0,0.0,1.0,0.0,0.0,0.0,0.0,0.0,1.0
-0.19548646191953542,-0.6350338841540812,1.7217820439700606,1.0,0.0,0.0,0.0,0.0,1.0,0.0,1.0,0.0,0.0
1.5462996555696402,-1.7080784869890777,-0.8149280962782507,0.0,1.0,0.0,0.0,1.0,0.0,0.0,1.0,0.0,0.0
-1.5018260500364171,0.7424205350880064,0.7738818641745129,1.0,0.0,0.0,0.0,0.0,1.0,0.0,1.0,0.0,0.0
0.09481122432866054,-0.8024592831779807,-1.4073657086504678,1.0,0.0,0.0,0.0,0.0,0.0,1.0,0.0,1.0,0.0
0.09481122432866054,1.7013114567703458,-0.6856689808515852,0.0,1.0,0.0,0.0,1.0,0.0,0.0,1.0,0.0,0.0
-0.9212306775400253,0.3086365467079022,-0.13093194381214576,0.0,1.0,0.0,1.0,0.0,0.0,0.0,0.0,0.0,1.0
1.4737252340075913,-0.39911627643858594,-1.6120259747426884,1.0,0.0,0.0,0.0,1.0,0.0,0.0,1.0,0.0,0.0
1.5462996555696402,1.5262758123362674,-1.251177610843247,0.0,1.0,0.0,1.0,0.0,0.0,0.0,0.0,1.0,0.0
0.9657042830732484,0.027057466531343596,-0.09861716495547891,0.0,1.0,0.0,1.0,0.0,0.0,0.0,1.0,0.0,0.0
-0.2680608834815844,-1.5406530879651783,-0.03937340371825751,0.0,1.0,0.0,0.0,1.0,0.0,0.0,1.0,0.0,0.0
0.09481122432866054,-0.7263568290762078,-0.6587399984710299,1.0,0.0,0.0,0.0,0.0,1.0,0.0,0.0,0.0,1.0
-0.6309329912918293,-0.4599982397200029,0.1706726588500743,1.0,0.0,1.0,0.0,0.0,0.0,0.0,1.0,0.0,0.0
-0.2680608834815844,-0.1403679324925579,-1.094989513036026,0.0,1.0,0.0,0.0,1.0,0.0,0.0,1.0,0.0,0.0
-0.9938050991020743,1.2446967321597089,-0.319434820476033,1.0,0.0,0.0,0.0,1.0,0.0,0.0,0.0,1.0,0.0
1.0382787046352975,-0.018604005929721827,-0.5510240689488086,0.0,1.0,0.0,1.0,0.0,0.0,0.0,1.0,0.0,0.0
0.6754065968250524,-0.41433676725893964,0.4722772615122936,0.0,1.0,0.0,1.0,0.0,0.0,0.0,0.0,1.0,0.0
0.09481122432866054,-1.6471965237076585,0.6715517311284032,1.0,0.0,0.0,1.0,0.0,0.0,0.0,0.0,1.0,0.0
-1.3566772069123192,-0.7644080561270942,1.2047455822633981,0.0,1.0,0.0,0.0,0.0,1.0,0.0,0.0,1.0,0.0
1.2560019693214444,0.03466771194152045,0.5530642086539596,1.0,0.0,0.0,1.0,0.0,0.0,0.0,1.0,0.0,0.0
0.8205554399491504,1.2675274683902393,1.3447762906422862,1.0,0.0,0.0,1.0,0.0,0.0,0.0,1.0,0.0,0.0
-1.4292516284743682,1.2675274683902393,-1.2942639826521354,1.0,0.0,0.0,0.0,1.0,0.0,0.0,1.0,0.0,0.0
0.09481122432866054,-1.692857996168724,-0.5187092900921425,0.0,1.0,0.0,0.0,0.0,1.0,0.0,1.0,0.0,0.0
-0.7760818344159273,-1.297125234839504,1.107801245693399,1.0,0.0,0.0,0.0,1.0,0.0,0.0,0.0,1.0,0.0
-1.1389539422261723,-0.5741519208726621,0.009098764566742372,1.0,0.0,0.0,0.0,0.0,1.0,0.0,1.0,0.0,0.0
-1.1389539422261723,0.03466771194152045,0.4830488544645159,1.0,0.0,0.0,1.0,0.0,0.0,0.0,0.0,0.0,1.0
0.8205554399491504,-1.4797711246837593,0.9569989443622894,0.0,1.0,0.0,1.0,0.0,0.0,0.0,1.0,0.0,0.0
0.7479810183871014,1.4653938490548482,0.6015363769389594,0.0,1.0,0.0,0.0,1.0,0.0,0.0,1.0,0.0,0.0
-0.9938050991020743,-1.030766645483299,-1.434294691031023,1.0,0.0,0.0,0.0,0.0,1.0,0.0,0.0,1.0,0.0
0.8205554399491504,-1.692857996168724,1.043171687980066,1.0,0.0,0.0,0.0,0.0,0.0,1.0,0.0,1.0,0.0
0.6754065968250524,-0.9394437005611725,0.6930949170328469,0.0,1.0,0.0,0.0,0.0,1.0,0.0,0.0,1.0,0.0
-1.0663795206641233,-0.7035260928456772,-0.9280298222765831,0.0,1.0,0.0,0.0,1.0,0.0,0.0,0.0,0.0,1.0
1.3285763908834933,-0.5741519208726621,-0.319434820476033,0.0,1.0,1.0,0.0,0.0,0.0,0.0,0.0,0.0,1.0
-0.19548646191953542,-0.4980494667708893,-1.1973196460821363,0.0,1.0,0.0,1.0,0.0,0.0,0.0,0.0,0.0,1.0
-0.9938050991020743,-1.099258854174895,0.08988571170840834,1.0,0.0,1.0,0.0,0.0,0.0,0.0,0.0,0.0,1.0
-0.05033761879543743,-1.5634838241957087,1.0485574844561776,0.0,1.0,1.0,0.0,0.0,0.0,0.0,0.0,1.0,0.0
0.16738564589070953,-1.6624170145280144,0.3484039425617393,1.0,0.0,0.0,0.0,1.0,0.0,0.0,0.0,0.0,1.0
1.1108531261973464,1.297968450030949,-1.4935384522682449,1.0,0.0,0.0,0.0,0.0,0.0,1.0,0.0,1.0,0.0
1.2560019693214444,0.7500307804981854,-1.3965941156982458,0.0,1.0,1.0,0.0,0.0,0.0,0.0,1.0,0.0,0.0
0.022236802766611552,-1.3351764618903903,-1.428908894554912,1.0,0.0,1.0,0.0,0.0,0.0,0.0,0.0,0.0,1.0
-1.0663795206641233,-0.25452161364521714,1.587137132067284,1.0,0.0,0.0,0.0,0.0,1.0,0.0,1.0,0.0,0.0
1.4011508124455423,0.0955496752229374,-1.5204674346488003,0.0,1.0,0.0,0.0,0.0,1.0,0.0,0.0,0.0,1.0
0.3125344890148075,-1.5330428425549993,-1.073446327131582,1.0,0.0,0.0,0.0,0.0,0.0,1.0,0.0,1.0,0.0
0.4576833321389055,-1.2210227807377312,-1.1111469024643592,0.0,1.0,0.0,0.0,0.0,0.0,1.0,0.0,0.0,1.0
0.4576833321389055,0.9402869157526175,-0.5348666795204756,1.0,0.0,0.0,0.0,0.0,1.0,0.0,1.0,0.0,0.0
-0.4132097266056824,-0.33823431315716684,0.07911411875618606,0.0,1.0,0.0,0.0,0.0,0.0,1.0,0.0,0.0,1.0
-1.574400471598466,-0.3915060310284069,-0.9280298222765831,1.0,0.0,0.0,0.0,1.0,0.0,0.0,0.0,1.0,0.0
0.4576833321389055,0.3238570375282559,0.7792676606506244,0.0,1.0,0.0,0.0,0.0,0.0,1.0,0.0,0.0,1.0
-0.8486562559779763,-1.3123457256598599,1.6302235038761723,0.0,1.0,0.0,1.0,0.0,0.0,0.0,1.0,0.0,0.0
-1.574400471598466,1.0772713331358073,0.08449991523229682,1.0,0.0,0.0,1.0,0.0,0.0,0.0,0.0,1.0,0.0
0.16738564589070953,0.4380107186809151,-0.9280298222765831,0.0,1.0,0.0,0.0,0.0,0.0,1.0,0.0,0.0,1.0
1.1108531261973464,-1.0079359092527684,-0.4433081394265873,0.0,1.0,0.0,0.0,0.0,1.0,0.0,1.0,0.0,0.0
0.09481122432866054,-1.6471965237076585,0.6661659346522916,0.0,1.0,0.0,0.0,0.0,1.0,0.0,0.0,0.0,1.0
-0.19548646191953542,0.8185229891897793,-1.3319645579849129,1.0,0.0,0.0,1.0,0.0,0.0,0.0,0.0,0.0,1.0
1.2560019693214444,-1.426499406812519,0.816968235983402,1.0,0.0,0.0,1.0,0.0,0.0,0.0,0.0,1.0,0.0
0.8931298615111994,-1.3427867073005673,-1.3319645579849129,0.0,1.0,0.0,1.0,0.0,0.0,0.0,0.0,1.0,0.0
-0.48578414816773136,0.47606194573180155,1.6302235038761723,0.0,1.0,0.0,0.0,0.0,0.0,1.0,1.0,0.0,0.0
0.8205554399491504,0.9859483882136807,0.1329720835172967,1.0,0.0,0.0,0.0,0.0,1.0,0.0,1.0,0.0,0.0
-1.4292516284743682,1.3284094316716584,1.1993597857872873,0.0,1.0,0.0,0.0,0.0,1.0,0.0,0.0,0.0,1.0
1.6188740771316892,0.17165212932471025,0.2999317742767394,1.0,0.0,0.0,0.0,1.0,0.0,0.0,0.0,1.0,0.0
-1.1389539422261723,0.9174561795220848,-0.8149280962782507,0.0,1.0,0.0,0.0,0.0,1.0,0.0,1.0,0.0,0.0
-0.8486562559779763,1.5795475302075075,1.7217820439700606,1.0,0.0,0.0,0.0,1.0,0.0,0.0,0.0,1.0,0.0
1.1834275477593954,-1.3960584251718096,-1.6981987183604652,1.0,0.0,0.0,0.0,0.0,1.0,0.0,1.0,0.0,0.0
0.09481122432866054,-0.1023167054416715,-1.1434616813210257,1.0,0.0,0.0,0.0,0.0,0.0,1.0,0.0,1.0,0.0
-1.2841027853502702,0.6739283263964126,-1.5581680099815778,0.0,1.0,0.0,0.0,0.0,0.0,1.0,0.0,0.0,1.0
-1.0663795206641233,-0.4447777488996492,-1.6335691606471325,0.0,1.0,1.0,0.0,0.0,0.0,0.0,0.0,0.0,1.0
0.7479810183871014,1.1077123147765169,0.28377438484840634,0.0,1.0,0.0,0.0,0.0,0.0,1.0,0.0,1.0,0.0
-0.19548646191953542,-1.5406530879651783,0.6392369522717363,0.0,1.0,0.0,0.0,0.0,0.0,1.0,1.0,0.0,0.0
1.6914484986937381,1.6480397388991035,-0.12554614733603423,1.0,0.0,0.0,0.0,1.0,0.0,0.0,0.0,1.0,0.0
0.3851089105768565,-0.05665523298060824,0.6823233240806255,0.0,1.0,0.0,0.0,1.0,0.0,0.0,0.0,0.0,1.0
0.6754065968250524,-1.4493301430430496,0.35378973903785005,0.0,1.0,0.0,0.0,1.0,0.0,0.0,1.0,0.0,0.0
0.9657042830732484,0.6815385718065895,1.36631947654673,1.0,0.0,0.0,1.0,0.0,0.0,0.0,0.0,1.0,0.0
0.6754065968250524,0.8489639708304888,1.6356093003522831,0.0,1.0,0.0,0.0,0.0,1.0,0.0,0.0,1.0,0.0
0.7479810183871014,-1.2895149894293272,1.4686496095928405,1.0,0.0,0.0,1.0,0.0,0.0,0.0,0.0,1.0,0.0
-1.2115283637882213,0.894625443291552,-1.148847477797137,0.0,1.0,0.0,1.0,0.0,0.0,0.0,0.0,0.0,1.0
0.3851089105768565,0.1868726201450661,1.700238858065616,1.0,0.0,0.0,1.0,0.0,0.0,0.0,1.0,0.0,0.0
-0.12291204035748642,1.0468303514950976,0.3484039425617393,0.0,1.0,0.0,0.0,0.0,0.0,1.0,1.0,0.0,0.0
-0.5583585697297804,-1.4036686705819863,-0.4917803077115872,1.0,0.0,0.0,1.0,0.0,0.0,0.0,0.0,0.0,1.0
-0.9938050991020743,0.4988926819623342,-0.9765019905615826,0.0,1.0,0.0,0.0,1.0,0.0,0.0,1.0,0.0,0.0
-0.2680608834815844,1.358850413312368,1.043171687980066,0.0,1.0,1.0,0.0,0.0,0.0,0.0,1.0,0.0,0.0
-0.9212306775400253,-1.4721608792735823,-1.4719952663638007,0.0,1.0,0.0,0.0,0.0,0.0,1.0,0.0,1.0,0.0
-1.3566772069123192,-0.15558842331291162,0.65539434170007,0.0,1.0,0.0,0.0,0.0,0.0,1.0,1.0,0.0,0.0
-1.646974893160515,-1.5102121063244687,-0.8741718575154724,0.0,1.0,1.0,0.0,0.0,0.0,0.0,0.0,0.0,1.0
0.3851089105768565,-1.030766645483299,-0.7664559279932512,1.0,0.0,1.0,0.0,0.0,0.0,0.0,0.0,0.0,1.0
-0.4132097266056824,1.2370864867495297,0.9031409796011788,0.0,1.0,0.0,0.0,0.0,0.0,1.0,0.0,0.0,1.0
-0.19548646191953542,0.909845934111908,-0.2925058380954777,0.0,1.0,1.0,0.0,0.0,0.0,0.0,0.0,1.0,0.0
0.6754065968250524,-0.5361006938217757,-0.8795576539915836,0.0,1.0,0.0,0.0,0.0,0.0,1.0,0.0,1.0,0.0
-0.8486562559779763,0.2020931109654198,-1.6281833641710215,1.0,0.0,0.0,0.0,1.0,0.0,0.0,0.0,1.0,0.0
-1.0663795206641233,0.7272000442676527,-1.089603716559915,1.0,0.0,0.0,1.0,0.0,0.0,0.0,0.0,1.0,0.0
0.09481122432866054,-1.3427867073005673,-1.0572889377032486,0.0,1.0,0.0,0.0,0.0,1.0,0.0,0.0,1.0,0.0
-0.8486562559779763,-1.5330428425549993,1.350162087118397,0.0,1.0,0.0,0.0,0.0,0.0,1.0,0.0,0.0,1.0
-0.7035074128538783,0.24014433801630622,0.8438972183639574,1.0,0.0,1.0,0.0,0.0,0.0,0.0,0.0,1.0,0.0
-0.19548646191953542,-0.21647038659433074,0.531521022749515,1.0,0.0,0.0,0.0,1.0,0.0,0.0,1.0,0.0,0.0
1.1108531261973464,1.3360196770818353,-1.186548053129914,1.0,0.0,0.0,0.0,0.0,0.0,1.0,0.0,1.0,0.0
-0.05033761879543743,-0.6426441295642581,-0.15247512971658955,0.0,1.0,0.0,1.0,0.0,0.0,0.0,0.0,1.0,0.0
1.4737252340075913,1.488224585285381,-0.7556843350410289,0.0,1.0,0.0,0.0,1.0,0.0,0.0,0.0,1.0,0.0
-1.646974893160515,-0.9166129643306399,0.9246841655056233,1.0,0.0,0.0,1.0,0.0,0.0,0.0,1.0,0.0,0.0
-0.9212306775400253,1.6937012113601666,-0.23864787333436704,0.0,1.0,0.0,0.0,0.0,0.0,1.0,1.0,0.0,0.0
-0.9212306775400253,-1.1905817990970216,0.897755183125068,0.0,1.0,0.0,1.0,0.0,0.0,0.0,0.0,0.0,1.0
0.5302577537009545,1.6937012113601666,-0.36252119228492136,1.0,0.0,0.0,0.0,0.0,1.0,0.0,0.0,1.0,0.0
-0.3406353050436334,1.5414963031566211,1.6894672651133937,0.0,1.0,0.0,0.0,0.0,1.0,0.0,0.0,1.0,0.0
-0.7035074128538783,1.1838147688782896,-0.7664559279932512,0.0,1.0,1.0,0.0,0.0,0.0,0.0,1.0,0.0,0.0
-1.2841027853502702,0.8033024983694256,0.30531757075285093,0.0,1.0,1.0,0.0,0.0,0.0,0.0,1.0,0.0,0.0
1.3285763908834933,1.6708704751296362,0.6284653593195147,1.0,0.0,0.0,0.0,0.0,1.0,0.0,1.0,0.0,0.0
0.7479810183871014,-1.1220895904054278,1.172430803406732,1.0,0.0,0.0,0.0,0.0,1.0,0.0,0.0,0.0,1.0
1.4737252340075913,1.5110553215159137,-0.9711161940854715,0.0,1.0,0.0,0.0,0.0,0.0,1.0,1.0,0.0,0.0
-1.5018260500364171,1.1229328055968706,-0.8526286716110283,1.0,0.0,0.0,0.0,0.0,1.0,0.0,1.0,0.0,0.0
0.16738564589070953,0.39234924621985184,1.328618901213953,0.0,1.0,0.0,0.0,0.0,0.0,1.0,1.0,0.0,0.0
-1.4292516284743682,-0.48282897595053564,0.07372832228007453,1.0,0.0,0.0,0.0,0.0,0.0,1.0,1.0,0.0,0.0
-0.05033761879543743,0.8641844616508446,-1.5527822135054667,0.0,1.0,0.0,1.0,0.0,0.0,0.0,1.0,0.0,0.0
0.23996006745275852,-1.1905817990970216,0.1275862870411852,0.0,1.0,0.0,0.0,0.0,0.0,1.0,0.0,1.0,0.0
-0.2680608834815844,-0.3458445585673437,1.0162427055995107,1.0,0.0,1.0,0.0,0.0,0.0,0.0,1.0,0.0,0.0
0.022236802766611552,-1.1296998358156045,0.3268607566572947,0.0,1.0,0.0,0.0,1.0,0.0,0.0,1.0,0.0,0.0
1.3285763908834933,-1.6852477507585448,-1.5420106205532444,1.0,0.0,0.0,0.0,1.0,0.0,0.0,0.0,0.0,1.0
0.8931298615111994,-1.487381370093936,1.2801467329289533,1.0,0.0,0.0,0.0,0.0,0.0,1.0,0.0,1.0,0.0
-0.2680608834815844,-0.7111363382558541,0.7523386782700691,0.0,1.0,0.0,0.0,1.0,0.0,0.0,0.0,0.0,1.0
-1.574400471598466,-0.026214251339898676,-1.2457918143671358,1.0,0.0,0.0,0.0,0.0,1.0,0.0,0.0,0.0,1.0
-0.9938050991020743,-1.5254325971448224,-0.16863251914492336,0.0,1.0,0.0,0.0,0.0,1.0,0.0,0.0,1.0,0.0
0.4576833321389055,-1.0535973817138318,-1.2242486284626917,1.0,0.0,1.0,0.0,0.0,0.0,0.0,0.0,0.0,1.0
0.3851089105768565,1.678480720539813,-1.428908894554912,1.0,0.0,0.0,1.0,0.0,0.0,0.0,0.0,0.0,1.0
-1.2115283637882213,-0.5513211846421316,0.913912572553401,1.0,0.0,0.0,0.0,0.0,0.0,1.0,0.0,1.0,0.0
0.9657042830732484,0.6967590626269431,0.1545152694217405,1.0,0.0,0.0,0.0,0.0,1.0,0.0,0.0,1.0,0.0
-1.7195493147225642,1.275137713800416,-1.6120259747426884,0.0,1.0,0.0,0.0,1.0,0.0,0.0,0.0,1.0,0.0
-0.7760818344159273,-1.297125234839504,-0.39483597114158747,1.0,0.0,1.0,0.0,0.0,0.0,0.0,0.0,0.0,1.0
1.1834275477593954,-1.167751062866491,0.2999317742767394,1.0,0.0,0.0,0.0,0.0,0.0,1.0,0.0,0.0,1.0
-0.9938050991020743,0.1640418839145334,0.12220049056507441,1.0,0.0,0.0,0.0,0.0,0.0,1.0,0.0,1.0,0.0
0.5302577537009545,-1.0764281179443624,-0.992659379989916,0.0,1.0,0.0,0.0,1.0,0.0,0.0,0.0,1.0,0.0
-0.3406353050436334,-0.7415773198965636,0.9893137232189555,1.0,0.0,0.0,0.0,0.0,0.0,1.0,0.0,0.0,1.0
-0.2680608834815844,-0.4067265218487628,-1.676655532456021,1.0,0.0,0.0,0.0,1.0,0.0,0.0,1.0,0.0,0.0
-0.9212306775400253,1.2827479592105953,-0.1470893332404788,1.0,0.0,0.0,0.0,1.0,0.0,0.0,0.0,0.0,1.0
-0.7760818344159273,0.31624679211807905,-0.7556843350410289,1.0,0.0,0.0,0.0,1.0,0.0,0.0,0.0,1.0,0.0
0.7479810183871014,0.6282668539353472,0.14912947294562973,0.0,1.0,0.0,0.0,0.0,0.0,1.0,0.0,1.0,0.0
-1.5018260500364171,0.11077016604329327,-1.6227975676949102,0.0,1.0,0.0,0.0,1.0,0.0,0.0,1.0,0.0,0.0
1.4011508124455423,-1.5102121063244687,-0.8203138927543618,1.0,0.0,0.0,0.0,0.0,0.0,1.0,0.0,0.0,1.0
1.6188740771316892,0.2781955650671926,-0.34636380285658835,0.0,1.0,0.0,1.0,0.0,0.0,0.0,0.0,0.0,1.0
1.2560019693214444,1.2370864867495297,1.5440507602583957,1.0,0.0,0.0,1.0,0.0,0.0,0.0,0.0,1.0,0.0
-1.646974893160515,0.04988820276187415,1.4578780166406182,0.0,1.0,0.0,0.0,1.0,0.0,0.0,0.0,0.0,1.0
1.4011508124455423,-0.9013924735102862,-0.050144996670479794,1.0,0.0,0.0,1.0,0.0,0.0,0.0,0.0,1.0,0.0
1.5462996555696402,0.9935586336238575,0.0952715081845191,1.0,0.0,0.0,0.0,1.0,0.0,0.0,0.0,1.0,0.0
-0.12291204035748642,-1.3199559710700366,1.247831954072287,1.0,0.0,0.0,0.0,1.0,0.0,0.0,0.0,0.0,1.0
-0.6309329912918293,1.031609860674744,1.4632638131167297,1.0,0.0,0.0,0.0,1.0,0.0,0.0,0.0,0.0,1.0
0.7479810183871014,-1.0612076271240087,1.2101313787395096,0.0,1.0,0.0,0.0,0.0,1.0,0.0,1.0,0.0,0.0
1.5462996555696402,1.0239996152645672,0.8277398289356235,0.0,1.0,0.0,1.0,0.0,0.0,0.0,0.0,1.0,0.0
1.4011508124455423,-1.1753613082766678,0.4130335002750722,0.0,1.0,0.0,0.0,1.0,0.0,0.0,0.0,1.0,0.0
0.3851089105768565,-0.2393011228248613,-1.2996497791282464,0.0,1.0,0.0,1.0,0.0,0.0,0.0,0.0,0.0,1.0
0.8205554399491504,-0.6654748657947909,-1.0519031412271374,0.0,1.0,0.0,0.0,0.0,0.0,1.0,0.0,0.0,1.0
1.1108531261973464,-1.692857996168724,-0.9280298222765831,0.0,1.0,1.0,0.0,0.0,0.0,0.0,0.0,1.0,0.0
-1.646974893160515,-0.33823431315716684,-1.6281833641710215,0.0,1.0,1.0,0.0,0.0,0.0,0.0,0.0,0.0,1.0
-0.8486562559779763,0.11838041145347013,0.04679933989951921,1.0,0.0,1.0,0.0,0.0,0.0,0.0,0.0,0.0,1.0
-0.6309329912918293,1.1762045234681129,0.2622311989439618,1.0,0.0,0.0,0.0,0.0,0.0,1.0,0.0,1.0,0.0
-1.5018260500364171,-1.0688178725341855,0.23530221656340647,1.0,0.0,1.0,0.0,0.0,0.0,0.0,0.0,1.0,0.0
1.4737252340075913,-0.4219470126691165,-1.003430972942138,1.0,0.0,0.0,0.0,0.0,1.0,0.0,0.0,1.0,0.0
1.1108531261973464,-0.29257284069610356,0.43996248265562754,0.0,1.0,1.0,0.0,0.0,0.0,0.0,0.0,0.0,1.0
0.9657042830732484,-1.1144793449952488,-1.6120259747426884,1.0,0.0,0.0,0.0,0.0,1.0,0.0,1.0,0.0,0.0
1.4737252340075913,-0.9927154184324126,-1.4935384522682449,0.0,1.0,0.0,0.0,1.0,0.0,0.0,1.0,0.0,0.0
-1.5018260500364171,-0.38389578561823007,1.156273413978399,0.0,1.0,0.0,0.0,0.0,0.0,1.0,0.0,1.0,0.0
-0.8486562559779763,0.06510869358223001,-0.49716610418769797,0.0,1.0,0.0,0.0,0.0,1.0,0.0,0.0,0.0,1.0
-1.2841027853502702,-0.520880203001422,0.9192983690295118,0.0,1.0,0.0,0.0,0.0,1.0,0.0,0.0,0.0,1.0
-0.7760818344159273,0.36190826457914227,1.0108569091234,0.0,1.0,0.0,1.0,0.0,0.0,0.0,1.0,0.0,0.0
-1.2115283637882213,-0.909002718920463,-0.5564098654249193,0.0,1.0,0.0,1.0,0.0,0.0,0.0,0.0,1.0,0.0
1.4011508124455423,-1.434109652222696,1.075486466836733,1.0,0.0,0.0,0.0,0.0,1.0,0.0,0.0,1.0,0.0
-0.05033761879543743,-0.977494927612059,0.12220049056507441,0.0,1.0,0.0,0.0,0.0,0.0,1.0,0.0,1.0,0.0
0.6754065968250524,-0.3001830861062804,-0.4056075640938097,0.0,1.0,0.0,0.0,0.0,0.0,1.0,0.0,0.0,1.0
0.5302577537009545,0.6891488172167664,-1.1057611059882482,1.0,0.0,0.0,0.0,0.0,1.0,0.0,1.0,0.0,0.0
1.5462996555696402,1.4349528674141407,1.5655939461628394,1.0,0.0,0.0,0.0,1.0,0.0,0.0,0.0,1.0,0.0
0.6028321752630035,-1.5178223517346456,-1.26733500027158,0.0,1.0,0.0,1.0,0.0,0.0,0.0,0.0,0.0,1.0
-1.1389539422261723,1.168594278057936,1.441720627212285,0.0,1.0,1.0,0.0,0.0,0.0,0.0,0.0,0.0,1.0
-1.0663795206641233,-0.5132699575912452,-1.6335691606471325,0.0,1.0,0.0,0.0,0.0,0.0,1.0,0.0,1.0,0.0
1.0382787046352975,-1.4417198976328727,-1.2619492037954692,0.0,1.0,0.0,0.0,0.0,1.0,0.0,0.0,1.0,0.0
1.2560019693214444,-1.5178223517346456,-0.6479684055188076,1.0,0.0,1.0,0.0,0.0,0.0,0.0,0.0,0.0,1.0
0.3125344890148075,0.011836975710987735,1.360933680070619,1.0,0.0,0.0,1.0,0.0,0.0,0.0,0.0,0.0,1.0
-1.5018260500364171,1.6556499843092802,1.1455018210261767,1.0,0.0,0.0,0.0,0.0,1.0,0.0,0.0,1.0,0.0
-1.3566772069123192,0.46084145491144785,0.8492830148400681,1.0,0.0,0.0,0.0,0.0,1.0,0.0,0.0,1.0,0.0
-1.2841027853502702,0.6282668539353472,1.4901927954972851,1.0,0.0,0.0,0.0,1.0,0.0,0.0,1.0,0.0,0.0
1.3285763908834933,0.44562096409109414,1.6840814686372831,0.0,1.0,0.0,0.0,1.0,0.0,0.0,1.0,0.0,0.0
-0.8486562559779763,-0.3762855402080532,0.1706726588500743,1.0,0.0,0.0,0.0,1.0,0.0,0.0,0.0,0.0,1.0
-0.4132097266056824,-0.8785617372797534,-0.12016035085992348,1.0,0.0,0.0,1.0,0.0,0.0,0.0,0.0,1.0,0.0
-1.3566772069123192,-1.0916486087647181,-1.5635538064576886,0.0,1.0,0.0,0.0,0.0,1.0,0.0,0.0,0.0,1.0
0.5302577537009545,-0.650254374974435,0.7092523064611808,1.0,0.0,1.0,0.0,0.0,0.0,0.0,1.0,0.0,0.0
1.4737252340075913,-1.3351764618903903,-0.9603446011332496,0.0,1.0,0.0,1.0,0.0,0.0,0.0,1.0,0.0,0.0
-1.574400471598466,0.7652512713185391,0.2622311989439618,1.0,0.0,0.0,1.0,0.0,0.0,0.0,1.0,0.0,0.0
1.3285763908834933,0.7348102896778296,0.8438972183639574,1.0,0.0,0.0,0.0,0.0,1.0,0.0,1.0,0.0,0.0
0.3851089105768565,0.8870151978813752,-0.3302064134282553,0.0,1.0,0.0,0.0,0.0,1.0,0.0,0.0,0.0,1.0
1.3285763908834933,1.0011688790340345,1.2262887681678425,0.0,1.0,0.0,0.0,1.0,0.0,0.0,0.0,0.0,1.0
0.7479810183871014,1.366460658722545,1.4363348307361743,1.0,0.0,1.0,0.0,0.0,0.0,0.0,1.0,0.0,0.0
1.4011508124455423,-0.8937822281001093,0.4238050932272937,0.0,1.0,0.0,0.0,0.0,1.0,0.0,0.0,0.0,1.0
1.0382787046352975,-0.7111363382558541,-0.5994962372338085,1.0,0.0,1.0,0.0,0.0,0.0,0.0,0.0,0.0,1.0
0.4576833321389055,-1.6852477507585448,0.6069221734150702,1.0,0.0,0.0,1.0,0.0,0.0,0.0,1.0,0.0,0.0
-0.9938050991020743,-0.06426547839078509,-1.2404060178910248,1.0,0.0,0.0,0.0,1.0,0.0,0.0,0.0,1.0,0.0
-1.574400471598466,1.1914250142884666,0.7631102712222914,1.0,0.0,1.0,0.0,0.0,0.0,0.0,1.0,0.0,0.0
-1.3566772069123192,0.8794049524711983,1.6356093003522831,0.0,1.0,1.0,0.0,0.0,0.0,0.0,0.0,0.0,1.0
-1.2841027853502702,1.2827479592105953,0.5369068192256266,0.0,1.0,0.0,0.0,0.0,0.0,1.0,0.0,0.0,1.0
-0.05033761879543743,0.4380107186809151,1.0054711126472893,0.0,1.0,0.0,0.0,1.0,0.0,0.0,1.0,0.0,0.0
-0.9212306775400253,-1.3503969527107462,-0.922644025800472,0.0,1.0,0.0,0.0,1.0,0.0,0.0,0.0,0.0,1.0
-0.7035074128538783,-0.14797817790273476,1.3393904941661747,0.0,1.0,1.0,0.0,0.0,0.0,0.0,0.0,1.0,0.0
-1.3566772069123192,1.488224585285381,1.253217750548398,1.0,0.0,1.0,0.0,0.0,0.0,0.0,1.0,0.0,0.0
1.4737252340075913,-0.520880203001422,-0.21171889095381172,0.0,1.0,0.0,1.0,0.0,0.0,0.0,1.0,0.0,0.0
-1.4292516284743682,0.08032918440258371,1.651766689780617,0.0,1.0,0.0,0.0,0.0,1.0,0.0,0.0,0.0,1.0
-1.2115283637882213,-0.033824496750075525,-1.26733500027158,0.0,1.0,0.0,0.0,1.0,0.0,0.0,0.0,0.0,1.0
0.7479810183871014,0.6358770993455262,-1.2565634073193581,1.0,0.0,1.0,0.0,0.0,0.0,0.0,0.0,1.0,0.0
-0.5583585697297804,-0.6959158474354983,-0.23864787333436704,1.0,0.0,0.0,0.0,0.0,1.0,0.0,0.0,0.0,1.0
-1.3566772069123192,1.0087791244442113,0.434576686179516,1.0,0.0,1.0,0.0,0.0,0.0,0.0,0.0,0.0,1.0
-0.9212306775400253,-0.41433676725893964,0.7738818641745129,0.0,1.0,0.0,0.0,0.0,1.0,0.0,0.0,0.0,1.0
0.4576833321389055,1.2675274683902393,0.4992062438928489,1.0,0.0,1.0,0.0,0.0,0.0,0.0,1.0,0.0,0.0
-1.5018260500364171,1.6328192480787498,0.8869835901728457,1.0,0.0,0.0,0.0,0.0,0.0,1.0,1.0,0.0,0.0
0.022236802766611552,0.3999594916300287,-0.15247512971658955,1.0,0.0,0.0,0.0,0.0,0.0,1.0,0.0,0.0,1.0
-0.12291204035748642,-0.48282897595053564,0.2999317742767394,0.0,1.0,0.0,0.0,0.0,0.0,1.0,1.0,0.0,0.0
0.9657042830732484,-1.6548067691178376,-1.0788321236076928,1.0,0.0,0.0,0.0,0.0,0.0,1.0,0.0,1.0,0.0
-1.2841027853502702,0.24775458342648304,-0.6856689808515852,1.0,0.0,1.0,0.0,0.0,0.0,0.0,1.0,0.0,0.0
0.8931298615111994,-0.25452161364521714,1.5009643884495065,1.0,0.0,0.0,0.0,0.0,0.0,1.0,0.0,1.0,0.0
-1.574400471598466,0.07271893899240686,0.9300699619817341,0.0,1.0,0.0,0.0,1.0,0.0,0.0,0.0,1.0,0.0
1.4011508124455423,1.4349528674141407,-0.08784557200325739,1.0,0.0,1.0,0.0,0.0,0.0,0.0,0.0,1.0,0.0
-0.7760818344159273,1.351240167902189,-0.7772275209454734,1.0,0.0,0.0,0.0,0.0,0.0,1.0,0.0,0.0,1.0
1.1108531261973464,-0.6883056020253214,-0.5994962372338085,0.0,1.0,1.0,0.0,0.0,0.0,0.0,1.0,0.0,0.0
-1.7195493147225642,1.4577836036446714,-0.32482061695214376,0.0,1.0,0.0,0.0,1.0,0.0,0.0,1.0,0.0,0.0
-1.7195493147225642,-0.6578646203846118,-0.5833388478054747,1.0,0.0,0.0,0.0,0.0,0.0,1.0,1.0,0.0,0.0
1.4737252340075913,0.4227902278605614,0.531521022749515,0.0,1.0,0.0,0.0,1.0,0.0,0.0,0.0,0.0,1.0
0.9657042830732484,0.3999594916300287,0.8815977936967342,0.0,1.0,0.0,0.0,1.0,0.0,0.0,1.0,0.0,0.0
0.6754065968250524,-0.8709514918695765,-0.08784557200325739,1.0,0.0,0.0,0.0,0.0,0.0,1.0,0.0,1.0,0.0
0.16738564589070953,0.08793942981276055,0.5530642086539596,0.0,1.0,0.0,0.0,1.0,0.0,0.0,1.0,0.0,0.0
1.0382787046352975,-1.5710940696058857,-1.515081638172689,1.0,0.0,0.0,0.0,0.0,1.0,0.0,0.0,0.0,1.0
-1.1389539422261723,0.48367219114198057,1.0054711126472893,0.0,1.0,1.0,0.0,0.0,0.0,0.0,0.0,1.0,0.0
0.6754065968250524,-1.297125234839504,0.49382044741673814,1.0,0.0,0.0,1.0,0.0,0.0,0.0,1.0,0.0,0.0
0.6028321752630035,-0.8176797739983365,-0.7287553526604735,0.0,1.0,0.0,1.0,0.0,0.0,0.0,0.0,0.0,1.0
-1.0663795206641233,1.0620508423154535,1.3986342554033968,0.0,1.0,1.0,0.0,0.0,0.0,0.0,0.0,1.0,0.0
-0.3406353050436334,-0.23169087741468444,0.07372832228007453,0.0,1.0,0.0,0.0,1.0,0.0,0.0,0.0,1.0,0.0
-0.4132097266056824,0.5673848906539302,-0.5564098654249193,1.0,0.0,0.0,1.0,0.0,0.0,0.0,0.0,0.0,1.0
0.3851089105768565,-1.4569403884532264,1.5225075743539511,1.0,0.0,1.0,0.0,0.0,0.0,0.0,1.0,0.0,0.0
1.2560019693214444,-1.3275662164802136,0.4992062438928489,1.0,0.0,0.0,1.0,0.0,0.0,0.0,0.0,1.0,0.0
-1.574400471598466,-1.373227688941277,-0.7502985385649181,1.0,0.0,1.0,0.0,0.0,0.0,0.0,0.0,0.0,1.0
-1.0663795206641233,1.1229328055968706,1.651766689780617,0.0,1.0,0.0,0.0,1.0,0.0,0.0,0.0,0.0,1.0
-0.9212306775400253,-0.4447777488996492,1.5655939461628394,1.0,0.0,0.0,0.0,0.0,0.0,1.0,0.0,1.0,0.0
1.6188740771316892,-1.487381370093936,1.5655939461628394,0.0,1.0,0.0,0.0,0.0,0.0,1.0,1.0,0.0,0.0
0.3851089105768565,1.343629922492012,1.41479164483173,0.0,1.0,0.0,0.0,0.0,0.0,1.0,1.0,0.0,0.0
-0.9212306775400253,0.11838041145347013,1.4578780166406182,1.0,0.0,0.0,0.0,1.0,0.0,0.0,0.0,0.0,1.0
0.23996006745275852,0.7652512713185391,-0.4917803077115872,0.0,1.0,0.0,1.0,0.0,0.0,0.0,1.0,0.0,0.0
-1.574400471598466,-1.3808379343514536,-1.3642793368415793,1.0,0.0,1.0,0.0,0.0,0.0,0.0,0.0,0.0,1.0
-0.9938050991020743,-1.2134125353275542,0.4992062438928489,1.0,0.0,0.0,0.0,0.0,1.0,0.0,0.0,0.0,1.0
0.6028321752630035,-1.2134125353275542,1.247831954072287,0.0,1.0,0.0,0.0,0.0,1.0,0.0,0.0,1.0,0.0
0.3125344890148075,-0.6426441295642581,-0.06630238609881284,0.0,1.0,0.0,1.0,0.0,0.0,0.0,1.0,0.0,0.0
0.022236802766611552,0.5673848906539302,-0.9441872117049162,1.0,0.0,0.0,0.0,0.0,0.0,1.0,0.0,1.0,0.0
0.09481122432866054,1.4958348306955578,-0.06630238609881284,0.0,1.0,0.0,0.0,0.0,0.0,1.0,1.0,0.0,0.0
1.3285763908834933,-0.29257284069610356,1.3878626624511745,0.0,1.0,1.0,0.0,0.0,0.0,0.0,0.0,0.0,1.0
-0.7760818344159273,-1.236243271558087,1.3986342554033968,1.0,0.0,1.0,0.0,0.0,0.0,0.0,1.0,0.0,0.0
-0.7760818344159273,-0.4067265218487628,0.4238050932272937,1.0,0.0,0.0,0.0,0.0,0.0,1.0,1.0,0.0,0.0
0.8205554399491504,0.8033024983694256,0.5907647839867372,1.0,0.0,1.0,0.0,0.0,0.0,0.0,0.0,0.0,1.0
1.6188740771316892,-1.3199559710700366,-0.27634844866714464,0.0,1.0,0.0,0.0,1.0,0.0,0.0,0.0,1.0,0.0
-0.8486562559779763,0.574995136064107,-1.7358992936932427,0.0,1.0,0.0,0.0,0.0,0.0,1.0,1.0,0.0,0.0
1.5462996555696402,0.643487344755703,-0.16324672266881185,1.0,0.0,0.0,0.0,0.0,1.0,0.0,0.0,1.0,0.0
-0.7760818344159273,1.0392201060849209,0.14374367646951897,1.0,0.0,0.0,0.0,0.0,0.0,1.0,0.0,0.0,1.0
-1.5018260500364171,0.384739000809675,-0.3571353958088106,1.0,0.0,0.0,0.0,0.0,1.0,0.0,0.0,0.0,1.0
-0.8486562559779763,-0.1175371962620252,0.4615056685600713,0.0,1.0,0.0,0.0,0.0,0.0,1.0,0.0,0.0,1.0
-1.7195493147225642,1.3360196770818353,-1.148847477797137,1.0,0.0,0.0,0.0,0.0,1.0,0.0,0.0,0.0,1.0
1.4011508124455423,-0.8329002648186902,0.3861045178945169,1.0,0.0,0.0,1.0,0.0,0.0,0.0,0.0,0.0,1.0
0.8931298615111994,0.49128243655215736,0.12220049056507441,0.0,1.0,0.0,0.0,0.0,1.0,0.0,0.0,0.0,1.0
-0.7760818344159273,-0.8861719826899302,-0.7072121667560298,0.0,1.0,0.0,0.0,0.0,0.0,1.0,0.0,1.0,0.0
1.0382787046352975,-0.32301382233681314,0.5207494297972934,0.0,1.0,0.0,0.0,0.0,0.0,1.0,0.0,1.0,0.0
1.1108531261973464,-0.8252900194085133,1.4201774413078405,1.0,0.0,0.0,0.0,0.0,1.0,0.0,0.0,0.0,1.0
0.6028321752630035,1.3284094316716584,-0.43792234295047655,1.0,0.0,0.0,1.0,0.0,0.0,0.0,1.0,0.0,0.0
-1.5018260500364171,-0.9166129643306399,-0.4540797323788096,0.0,1.0,0.0,0.0,0.0,1.0,0.0,0.0,1.0,0.0
0.4576833321389055,0.6358770993455262,1.3717052730228414,0.0,1.0,1.0,0.0,0.0,0.0,0.0,1.0,0.0,0.0
-0.48578414816773136,-0.9394437005611725,-0.992659379989916,1.0,0.0,0.0,0.0,0.0,0.0,1.0,0.0,0.0,1.0
-0.9212306775400253,1.2142557505189993,-0.39483597114158747,0.0,1.0,0.0,1.0,0.0,0.0,0.0,0.0,0.0,1.0
0.8205554399491504,1.229476241339353,-0.023216014289924473,0.0,1.0,0.0,0.0,1.0,0.0,0.0,0.0,1.0,0.0
0.6754065968250524,-0.7567978107169173,0.8492830148400681,1.0,0.0,1.0,0.0,0.0,0.0,0.0,0.0,0.0,1.0
0.23996006745275852,0.7500307804981854,-0.992659379989916,1.0,0.0,0.0,0.0,0.0,0.0,1.0,0.0,0.0,1.0
0.3851089105768565,0.4075697370402077,0.7415670853178468,0.0,1.0,1.0,0.0,0.0,0.0,0.0,0.0,0.0,1.0
-0.9212306775400253,-1.3427867073005673,1.075486466836733,0.0,1.0,0.0,0.0,1.0,0.0,0.0,0.0,0.0,1.0
-0.4132097266056824,1.2675274683902393,-1.434294691031023,0.0,1.0,1.0,0.0,0.0,0.0,0.0,0.0,1.0,0.0
-0.6309329912918293,-0.5817621662828389,-0.17940411209714488,1.0,0.0,0.0,0.0,0.0,1.0,0.0,0.0,1.0,0.0
-0.7035074128538783,0.9783381428035038,-0.4648513253310319,1.0,0.0,0.0,0.0,0.0,0.0,1.0,0.0,0.0,1.0
0.8931298615111994,0.3238570375282559,-1.0626747341793596,1.0,0.0,0.0,0.0,1.0,0.0,0.0,0.0,0.0,1.0
-0.48578414816773136,-1.41888916140234,-0.5564098654249193,1.0,0.0,0.0,0.0,1.0,0.0,0.0,0.0,0.0,1.0
-1.2115283637882213,-0.520880203001422,1.5386649637822842,0.0,1.0,0.0,0.0,1.0,0.0,0.0,1.0,0.0,0.0
0.09481122432866054,-1.5178223517346456,-1.4127515051265789,1.0,0.0,0.0,1.0,0.0,0.0,0.0,0.0,0.0,1.0
1.0382787046352975,-1.548263333375355,0.994699519695067,0.0,1.0,0.0,0.0,0.0,1.0,0.0,1.0,0.0,0.0
0.5302577537009545,-1.3199559710700366,-0.7718417244693623,1.0,0.0,0.0,0.0,0.0,1.0,0.0,1.0,0.0,0.0
-0.6309329912918293,0.4075697370402077,1.570979742638951,1.0,0.0,0.0,1.0,0.0,0.0,0.0,0.0,0.0,1.0
0.6754065968250524,0.8565742162406657,-1.6174117712187992,1.0,0.0,0.0,0.0,0.0,0.0,1.0,0.0,0.0,1.0
-1.4292516284743682,1.1990352596986433,-0.4271507499982543,1.0,0.0,1.0,0.0,0.0,0.0,0.0,1.0,0.0,0.0
-1.1389539422261723,1.1914250142884666,-1.4612236734115784,0.0,1.0,0.0,1.0,0.0,0.0,0.0,0.0,0.0,1.0
-0.9212306775400253,-0.909002718920463,1.328618901213953,0.0,1.0,0.0,1.0,0.0,0.0,0.0,0.0,0.0,1.0
-0.7035074128538783,0.25536482883666206,0.7900392536028467,0.0,1.0,0.0,0.0,1.0,0.0,0.0,0.0,1.0,0.0
-1.3566772069123192,-1.0383768908934758,-0.3086632275238107,1.0,0.0,0.0,0.0,0.0,1.0,0.0,0.0,1.0,0.0
-0.8486562559779763,-0.04143474216025238,0.4830488544645159,1.0,0.0,0.0,0.0,1.0,0.0,0.0,0.0,0.0,1.0
0.16738564589070953,1.4349528674141407,0.47766305798840436,0.0,1.0,0.0,0.0,0.0,0.0,1.0,0.0,0.0,1.0
0.7479810183871014,0.49128243655215736,0.11681469408896365,0.0,1.0,0.0,0.0,0.0,1.0,0.0,0.0,0.0,1.0
-1.3566772069123192,0.4380107186809151,1.5602081496867288,1.0,0.0,0.0,0.0,1.0,0.0,0.0,0.0,1.0,0.0
0.09481122432866054,-1.3123457256598599,0.6176937663672925,0.0,1.0,1.0,0.0,0.0,0.0,0.0,0.0,0.0,1.0
1.1834275477593954,1.160984032647757,1.5602081496867288,1.0,0.0,0.0,0.0,0.0,1.0,0.0,0.0,0.0,1.0
1.3285763908834933,1.2446967321597089,0.36994712846618305,0.0,1.0,0.0,0.0,0.0,0.0,1.0,0.0,1.0,0.0
-0.9212306775400253,-1.1905817990970216,0.6930949170328469,1.0,0.0,0.0,0.0,1.0,0.0,0.0,0.0,1.0,0.0
0.022236802766611552,1.6556499843092802,1.1508876175022873,0.0,1.0,0.0,0.0,0.0,0.0,1.0,0.0,0.0,1.0
-0.7035074128538783,0.34668777375878856,-0.4433081394265873,0.0,1.0,1.0,0.0,0.0,0.0,0.0,1.0,0.0,0.0
0.23996006745275852,-0.21647038659433074,0.019870357518963887,1.0,0.0,0.0,0.0,0.0,0.0,1.0,0.0,0.0,1.0
-0.7035074128538783,1.3969016403632544,0.7307954923656246,0.0,1.0,0.0,0.0,0.0,0.0,1.0,0.0,0.0,1.0
1.1834275477593954,-1.0155461546629454,-0.6048820337099192,1.0,0.0,0.0,1.0,0.0,0.0,0.0,0.0,0.0,1.0
-0.4132097266056824,0.894625443291552,0.7469528817939576,0.0,1.0,0.0,0.0,1.0,0.0,0.0,0.0,0.0,1.0
-0.2680608834815844,0.7804717621388928,1.3447762906422862,0.0,1.0,0.0,0.0,0.0,0.0,1.0,0.0,0.0,1.0
0.3851089105768565,1.678480720539813,1.700238858065616,1.0,0.0,0.0,0.0,1.0,0.0,0.0,1.0,0.0,0.0
1.0382787046352975,1.480614339875204,0.4992062438928489,1.0,0.0,0.0,0.0,0.0,1.0,0.0,0.0,1.0,0.0
-0.12291204035748642,0.1868726201450661,-1.3750509297938014,1.0,0.0,1.0,0.0,0.0,0.0,0.0,0.0,1.0,0.0
0.9657042830732484,-1.2210227807377312,1.6409950968283946,0.0,1.0,0.0,1.0,0.0,0.0,0.0,0.0,1.0,0.0
1.0382787046352975,-1.0764281179443624,0.42919088970340524,1.0,0.0,0.0,0.0,0.0,1.0,0.0,0.0,0.0,1.0
1.0382787046352975,0.08793942981276055,0.17605845532618505,0.0,1.0,1.0,0.0,0.0,0.0,0.0,1.0,0.0,0.0
1.1834275477593954,1.4653938490548482,-0.23864787333436704,0.0,1.0,0.0,0.0,0.0,0.0,1.0,0.0,1.0,0.0
0.6754065968250524,0.6510975901658799,-0.16324672266881185,0.0,1.0,1.0,0.0,0.0,0.0,0.0,0.0,1.0,0.0
-0.3406353050436334,-0.4752187305403588,-0.6964405738038075,1.0,0.0,1.0,0.0,0.0,0.0,0.0,1.0,0.0,0.0
1.5462996555696402,1.358850413312368,1.5925229285433948,1.0,0.0,0.0,0.0,0.0,0.0,1.0,1.0,0.0,0.0
-1.7195493147225642,-0.36867529479787636,1.6409950968283946,0.0,1.0,1.0,0.0,0.0,0.0,0.0,0.0,1.0,0.0
0.16738564589070953,-0.5056597121810662,1.7271678404461714,0.0,1.0,1.0,0.0,0.0,0.0,0.0,0.0,0.0,1.0
0.7479810183871014,0.011836975710987735,1.4578780166406182,0.0,1.0,0.0,0.0,1.0,0.0,0.0,0.0,0.0,1.0
1.5462996555696402,-1.4493301430430496,1.027014298551733,0.0,1.0,0.0,1.0,0.0,0.0,0.0,0.0,0.0,1.0
0.4576833321389055,0.28580581047736947,0.2891601813245171,0.0,1.0,1.0,0.0,0.0,0.0,0.0,1.0,0.0,0.0
-0.5583585697297804,-1.167751062866491,-0.9549588046571384,0.0,1.0,1.0,0.0,0.0,0.0,0.0,0.0,1.0,0.0
-1.7195493147225642,-0.4599982397200029,-0.9280298222765831,0.0,1.0,1.0,0.0,0.0,0.0,0.0,1.0,0.0,0.0
0.16738564589070953,0.5217234181928669,0.3160891637050724,0.0,1.0,0.0,0.0,0.0,1.0,0.0,1.0,0.0,0.0
-1.1389539422261723,-0.41433676725893964,0.11681469408896365,1.0,0.0,1.0,0.0,0.0,0.0,0.0,1.0,0.0,0.0
0.16738564589070953,-1.4797711246837593,0.1922158447545181,0.0,1.0,0.0,1.0,0.0,0.0,0.0,1.0,0.0,0.0
-0.5583585697297804,-0.8785617372797534,-0.9280298222765831,1.0,0.0,0.0,0.0,0.0,0.0,1.0,0.0,1.0,0.0
0.23996006745275852,1.4501733582344944,-1.515081638172689,1.0,0.0,0.0,1.0,0.0,0.0,0.0,0.0,0.0,1.0
-1.4292516284743682,-0.8481207556390439,-1.4773810628399118,0.0,1.0,0.0,0.0,1.0,0.0,0.0,0.0,1.0,0.0
-0.7760818344159273,0.4075697370402077,0.6877091205567362,1.0,0.0,0.0,0.0,0.0,0.0,1.0,0.0,0.0,1.0
-0.2680608834815844,0.17165212932471025,0.2299164200872957,0.0,1.0,1.0,0.0,0.0,0.0,0.0,1.0,0.0,0.0
-0.12291204035748642,0.8261332345999582,1.4632638131167297,0.0,1.0,0.0,0.0,0.0,1.0,0.0,1.0,0.0,0.0
-0.8486562559779763,1.0163893698543902,0.42919088970340524,1.0,0.0,0.0,0.0,1.0,0.0,0.0,0.0,1.0,0.0
-0.7760818344159273,0.14121114768400284,1.1293444315978436,0.0,1.0,0.0,0.0,0.0,0.0,1.0,0.0,1.0,0.0
1.3285763908834933,0.11077016604329327,0.6284653593195147,1.0,0.0,0.0,0.0,0.0,0.0,1.0,0.0,1.0,0.0
1.1108531261973464,1.6480397388991035,-0.44869393590269807,1.0,0.0,1.0,0.0,0.0,0.0,0.0,1.0,0.0,0.0
-0.3406353050436334,0.4988926819623342,0.9300699619817341,1.0,0.0,0.0,1.0,0.0,0.0,0.0,0.0,0.0,1.0
0.4576833321389055,-1.6471965237076585,-0.922644025800472,1.0,0.0,0.0,0.0,1.0,0.0,0.0,0.0,0.0,1.0
-1.5018260500364171,-0.9318334551509957,1.5494365567345065,0.0,1.0,0.0,1.0,0.0,0.0,0.0,0.0,0.0,1.0
-0.2680608834815844,1.6632602297194594,-0.12554614733603423,1.0,0.0,0.0,1.0,0.0,0.0,0.0,0.0,0.0,1.0
-1.2115283637882213,-0.8861719826899302,1.1832023963589542,0.0,1.0,0.0,0.0,0.0,0.0,1.0,0.0,1.0,0.0
0.5302577537009545,1.275137713800416,-0.4056075640938097,0.0,1.0,0.0,0.0,0.0,1.0,0.0,1.0,0.0,0.0
1.0382787046352975,-0.6426441295642581,-1.4235230980788012,1.0,0.0,0.0,1.0,0.0,0.0,0.0,0.0,1.0,0.0
0.6028321752630035,-1.1753613082766678,0.21375903065896265,1.0,0.0,0.0,1.0,0.0,0.0,0.0,1.0,0.0,0.0
-0.9212306775400253,0.3086365467079022,1.1832023963589542,1.0,0.0,0.0,0.0,0.0,1.0,0.0,0.0,1.0,0.0
-1.574400471598466,0.3542980191689654,-0.3517495993326991,0.0,1.0,0.0,1.0,0.0,0.0,0.0,0.0,1.0,0.0
-0.5583585697297804,0.027057466531343596,0.9408415549339564,0.0,1.0,0.0,0.0,1.0,0.0,0.0,0.0,1.0,0.0
-1.5018260500364171,1.6632602297194594,0.1275862870411852,0.0,1.0,0.0,0.0,0.0,0.0,1.0,0.0,1.0,0.0
1.6188740771316892,1.5719372847973305,0.04679933989951921,1.0,0.0,1.0,0.0,0.0,0.0,0.0,0.0,0.0,1.0
-0.9212306775400253,0.9022356887017311,-0.7610701315171401,0.0,1.0,0.0,0.0,1.0,0.0,0.0,0.0,0.0,1.0
-0.5583585697297804,0.8794049524711983,1.66792407920895,1.0,0.0,0.0,1.0,0.0,0.0,0.0,0.0,1.0,0.0
-1.7195493147225642,-0.9546641913815263,1.350162087118397,0.0,1.0,0.0,0.0,1.0,0.0,0.0,1.0,0.0,0.0
0.23996006745275852,1.3284094316716584,-0.41099336056992125,0.0,1.0,0.0,0.0,0.0,1.0,0.0,1.0,0.0,0.0
1.0382787046352975,-1.5787043150160647,0.8277398289356235,1.0,0.0,0.0,0.0,0.0,1.0,0.0,0.0,1.0,0.0
1.6188740771316892,-1.5178223517346456,-1.5258532311249113,0.0,1.0,0.0,0.0,0.0,1.0,0.0,0.0,1.0,0.0
-1.5018260500364171,0.5369439090132206,-0.8634002645632501,0.0,1.0,0.0,0.0,0.0,1.0,0.0,0.0,0.0,1.0
-1.2841027853502702,0.6739283263964126,1.4201774413078405,0.0,1.0,0.0,0.0,1.0,0.0,0.0,0.0,1.0,0.0
-0.8486562559779763,-0.977494927612059,0.6176937663672925,1.0,0.0,1.0,0.0,0.0,0.0,0.0,0.0,1.0,0.0
0.16738564589070953,0.7576410259083622,1.6625382827328385,0.0,1.0,0.0,0.0,0.0,1.0,0.0,1.0,0.0,0.0
0.23996006745275852,-1.426499406812519,0.5799931910345149,0.0,1.0,0.0,0.0,0.0,1.0,0.0,0.0,1.0,0.0
1.4737252340075913,0.7576410259083622,-1.0303599553226932,0.0,1.0,0.0,1.0,0.0,0.0,0.0,0.0,0.0,1.0
-0.4132097266056824,-0.2773523498757477,-0.7072121667560298,1.0,0.0,0.0,1.0,0.0,0.0,0.0,0.0,0.0,1.0
0.7479810183871014,-1.0003256638425895,0.5746073945584041,0.0,1.0,1.0,0.0,0.0,0.0,0.0,0.0,1.0,0.0
0.23996006745275852,-0.1708089141332675,1.1347302280739544,1.0,0.0,0.0,0.0,1.0,0.0,0.0,0.0,1.0,0.0
-0.4132097266056824,0.49128243655215736,0.42919088970340524,1.0,0.0,0.0,1.0,0.0,0.0,0.0,0.0,0.0,1.0
1.1834275477593954,-1.6700272599381913,0.7577244747461799,0.0,1.0,0.0,0.0,1.0,0.0,0.0,0.0,0.0,1.0
-0.05033761879543743,1.343629922492012,-0.10400296143159043,1.0,0.0,0.0,0.0,0.0,0.0,1.0,0.0,0.0,1.0
0.7479810183871014,1.1838147688782896,-1.5366248240771332,1.0,0.0,0.0,0.0,0.0,0.0,1.0,1.0,0.0,0.0
0.5302577537009545,-1.1525305720461352,-0.26019105923881086,1.0,0.0,1.0,0.0,0.0,0.0,0.0,0.0,0.0,1.0
-1.4292516284743682,0.711979553447299,0.3268607566572947,1.0,0.0,0.0,1.0,0.0,0.0,0.0,0.0,0.0,1.0
-1.4292516284743682,-1.3275662164802136,-0.23864787333436704,0.0,1.0,0.0,0.0,0.0,0.0,1.0,0.0,1.0,0.0
0.022236802766611552,-1.2819047440191502,0.1706726588500743,0.0,1.0,1.0,0.0,0.0,0.0,0.0,0.0,1.0,0.0
1.4011508124455423,0.5597746452437533,-0.2925058380954777,0.0,1.0,0.0,0.0,0.0,1.0,0.0,1.0,0.0,0.0
0.6754065968250524,0.3086365467079022,-0.5671814583771416,0.0,1.0,0.0,0.0,0.0,0.0,1.0,0.0,0.0,1.0
0.9657042830732484,1.221865995929176,-0.7341411491365851,1.0,0.0,0.0,1.0,0.0,0.0,0.0,1.0,0.0,0.0
0.16738564589070953,0.9174561795220848,-1.682041328932132,0.0,1.0,0.0,0.0,1.0,0.0,0.0,1.0,0.0,0.0
0.3125344890148075,-0.5513211846421316,-0.4540797323788096,1.0,0.0,0.0,0.0,0.0,1.0,0.0,0.0,1.0,0.0
0.7479810183871014,1.1381532964172263,-1.6497265500754656,0.0,1.0,0.0,1.0,0.0,0.0,0.0,0.0,1.0,0.0
-0.6309329912918293,0.9935586336238575,-1.0519031412271374,1.0,0.0,0.0,0.0,0.0,1.0,0.0,0.0,0.0,1.0
-1.7195493147225642,0.042277957351697294,-0.6425826090426968,1.0,0.0,0.0,0.0,0.0,0.0,1.0,0.0,0.0,1.0
-1.5018260500364171,1.031609860674744,1.7271678404461714,1.0,0.0,0.0,0.0,0.0,0.0,1.0,0.0,1.0,0.0
-0.12291204035748642,-1.297125234839504,1.0808722633128438,1.0,0.0,0.0,0.0,1.0,0.0,0.0,1.0,0.0,0.0
1.0382787046352975,-1.5710940696058857,0.8762119972206234,0.0,1.0,0.0,0.0,0.0,0.0,1.0,1.0,0.0,0.0
-1.2841027853502702,1.678480720539813,1.5117359814017288,1.0,0.0,1.0,0.0,0.0,0.0,0.0,0.0,1.0,0.0
-0.6309329912918293,-0.5513211846421316,0.2622311989439618,1.0,0.0,0.0,0.0,0.0,1.0,0.0,0.0,0.0,1.0
0.16738564589070953,-1.045987136303655,1.360933680070619,0.0,1.0,0.0,1.0,0.0,0.0,0.0,1.0,0.0,0.0
0.8931298615111994,-1.3808379343514536,1.1616592104545096,0.0,1.0,1.0,0.0,0.0,0.0,0.0,1.0,0.0,0.0
-0.9938050991020743,-0.06426547839078509,0.9192983690295118,1.0,0.0,0.0,1.0,0.0,0.0,0.0,0.0,1.0,0.0
-0.2680608834815844,1.6328192480787498,-1.2188628319865804,1.0,0.0,0.0,1.0,0.0,0.0,0.0,0.0,1.0,0.0
1.0382787046352975,-0.8252900194085133,0.6984807135089585,0.0,1.0,0.0,0.0,1.0,0.0,0.0,1.0,0.0,0.0
1.1108531261973464,0.9707278973933249,-0.40022176761769895,1.0,0.0,1.0,0.0,0.0,0.0,0.0,0.0,0.0,1.0
1.0382787046352975,-1.6395862782974817,-0.22787628038214477,0.0,1.0,1.0,0.0,0.0,0.0,0.0,1.0,0.0,0.0
-1.3566772069123192,-1.2819047440191502,-0.38406437818936595,1.0,0.0,1.0,0.0,0.0,0.0,0.0,0.0,0.0,1.0
-1.0663795206641233,0.48367219114198057,-0.7179837597082513,0.0,1.0,0.0,0.0,0.0,0.0,1.0,1.0,0.0,0.0
-1.4292516284743682,0.9402869157526175,-0.8687860610393613,0.0,1.0,0.0,0.0,0.0,1.0,0.0,0.0,1.0,0.0
